comparison,speaker_id
train_vs_validation,en_GB-alan-medium
train_vs_validation,en_GB-alba-medium
train_vs_validation,en_US-amy-medium
train_vs_validation,en_US-lessac-medium
train_vs_validation,en_US-ryan-medium
train_vs_validation,fil-PH-AngeloNeural
train_vs_validation,fil-PH-BlessicaNeural
train_vs_validation,id_ID-news_tts-medium
train_vs_validation,vi_VN-vivos-x_low
train_vs_test,en_GB-alan-medium
train_vs_test,en_GB-alba-medium
train_vs_test,en_US-amy-medium
train_vs_test,en_US-lessac-medium
train_vs_test,en_US-ryan-medium
train_vs_test,fil-PH-AngeloNeural
train_vs_test,fil-PH-BlessicaNeural
train_vs_test,id_ID-news_tts-medium
train_vs_test,vi_VN-vivos-x_low
validation_vs_test,en_GB-alan-medium
validation_vs_test,en_GB-alba-medium
validation_vs_test,en_US-amy-medium
validation_vs_test,en_US-lessac-medium
validation_vs_test,en_US-ryan-medium
validation_vs_test,fil-PH-AngeloNeural
validation_vs_test,fil-PH-BlessicaNeural
validation_vs_test,id_ID-news_tts-medium
validation_vs_test,vi_VN-vivos-x_low
