split,metric,category,count,fraction_of_split
train,category,negative_confusable,959,0.17706794682422453
train,category,negative_general_speech,2132,0.39364844903988183
train,category,negative_media,981,0.18112998522895127
train,category,negative_partial_wakeword,512,0.09453471196454949
train,category,negative_silence_noise,800,0.14771048744460857
train,category,positive_wakeword,32,0.005908419497784343
train,total,,5416,1.0
train,positive,positive_wakeword,32,0.005908419497784343
train,missing_speaker_id,,800,0.14771048744460857
train,source_groups,,2099,
validation,category,negative_confusable,120,0.15483870967741936
validation,category,negative_general_speech,276,0.3561290322580645
validation,category,negative_media,126,0.1625806451612903
validation,category,negative_partial_wakeword,144,0.18580645161290324
validation,category,negative_silence_noise,100,0.12903225806451613
validation,category,positive_wakeword,9,0.011612903225806452
validation,total,,775,1.0
validation,positive,positive_wakeword,9,0.011612903225806452
validation,missing_speaker_id,,100,0.12903225806451613
validation,source_groups,,251,
test,category,negative_confusable,120,0.15584415584415584
test,category,negative_general_speech,271,0.35194805194805195
test,category,negative_media,126,0.16363636363636364
test,category,negative_partial_wakeword,144,0.18701298701298702
test,category,negative_silence_noise,100,0.12987012987012986
test,category,positive_wakeword,9,0.011688311688311689
test,total,,770,1.0
test,positive,positive_wakeword,9,0.011688311688311689
test,missing_speaker_id,,100,0.12987012987012986
test,source_groups,,250,
