source_group,n,split
syn_conf_00000,1,train
syn_conf_00001,1,train
syn_conf_00002,1,train
syn_conf_00003,1,train
syn_conf_00004,1,train
syn_conf_00005,1,train
syn_conf_00006,1,train
syn_conf_00007,1,train
syn_conf_00008,1,train
syn_conf_00009,1,train
syn_conf_00010,1,train
syn_conf_00011,1,train
syn_conf_00012,1,train
syn_conf_00013,1,test
syn_conf_00014,1,train
syn_conf_00015,1,train
syn_conf_00016,1,train
syn_conf_00017,1,train
syn_conf_00018,1,train
syn_conf_00019,1,train
syn_conf_00020,1,train
syn_conf_00021,1,train
syn_conf_00022,1,train
syn_conf_00023,1,train
syn_conf_00024,1,test
syn_conf_00025,1,train
syn_conf_00026,1,train
syn_conf_00027,1,test
syn_conf_00028,1,train
syn_conf_00029,1,train
syn_conf_00030,1,validation
syn_conf_00031,1,train
syn_conf_00032,1,train
syn_conf_00033,1,train
syn_conf_00034,1,train
syn_conf_00035,1,test
syn_conf_00036,1,train
syn_conf_00037,1,train
syn_conf_00038,1,validation
syn_conf_00039,1,train
syn_conf_00040,1,train
syn_conf_00041,1,train
syn_conf_00042,1,validation
syn_conf_00043,1,train
syn_conf_00044,1,train
syn_conf_00045,1,train
syn_conf_00046,1,test
syn_conf_00047,1,test
syn_conf_00048,1,train
syn_conf_00049,1,train
syn_conf_00050,1,train
syn_conf_00051,1,train
syn_conf_00052,1,train
syn_conf_00053,1,train
syn_conf_00054,1,train
syn_conf_00055,1,test
syn_conf_00056,1,train
syn_conf_00057,1,train
syn_conf_00058,1,validation
syn_conf_00059,1,train
syn_conf_00060,1,validation
syn_conf_00061,1,train
syn_conf_00062,1,train
syn_conf_00063,1,train
syn_conf_00064,1,train
syn_conf_00065,1,train
syn_conf_00066,1,train
syn_conf_00067,1,test
syn_conf_00068,1,train
syn_conf_00069,1,train
syn_conf_00070,1,train
syn_conf_00071,1,train
syn_conf_00072,1,train
syn_conf_00073,1,train
syn_conf_00074,1,train
syn_conf_00075,1,train
syn_conf_00076,1,train
syn_conf_00077,1,train
syn_conf_00078,1,test
syn_conf_00079,1,train
syn_conf_00080,1,train
syn_conf_00081,1,train
syn_conf_00082,1,validation
syn_conf_00083,1,train
syn_conf_00084,1,train
syn_conf_00085,1,train
syn_conf_00086,1,validation
syn_conf_00087,1,train
syn_conf_00088,1,train
syn_conf_00089,1,train
syn_conf_00090,1,validation
syn_conf_00091,1,train
syn_conf_00092,1,train
syn_conf_00093,1,train
syn_conf_00094,1,validation
syn_conf_00095,1,train
syn_conf_00096,1,train
syn_conf_00097,1,train
syn_conf_00098,1,train
syn_conf_00099,1,train
syn_conf_00100,1,validation
syn_conf_00101,1,test
syn_conf_00102,1,train
syn_conf_00103,1,validation
syn_conf_00104,1,train
syn_conf_00105,1,validation
syn_conf_00106,1,train
syn_conf_00107,1,train
syn_conf_00108,1,train
syn_conf_00109,1,train
syn_conf_00110,1,train
syn_conf_00111,1,test
syn_conf_00112,1,validation
syn_conf_00113,1,train
syn_conf_00114,1,train
syn_conf_00115,1,train
syn_conf_00116,1,validation
syn_conf_00117,1,train
syn_conf_00118,1,train
syn_conf_00119,1,test
syn_conf_00120,1,train
syn_conf_00121,1,train
syn_conf_00122,1,validation
syn_conf_00123,1,train
syn_conf_00124,1,train
syn_conf_00125,1,train
syn_conf_00126,1,train
syn_conf_00127,1,train
syn_conf_00128,1,train
syn_conf_00129,1,train
syn_conf_00130,1,train
syn_conf_00131,1,train
syn_conf_00132,1,train
syn_conf_00133,1,train
syn_conf_00134,1,train
syn_conf_00135,1,train
syn_conf_00136,1,train
syn_conf_00137,1,test
syn_conf_00138,1,train
syn_conf_00139,1,train
syn_conf_00140,1,train
syn_conf_00141,1,train
syn_conf_00142,1,validation
syn_conf_00143,1,train
syn_conf_00144,1,train
syn_conf_00145,1,train
syn_conf_00146,1,train
syn_conf_00147,1,train
syn_conf_00148,1,train
syn_conf_00149,1,train
syn_conf_00150,1,validation
syn_conf_00151,1,train
syn_conf_00152,1,train
syn_conf_00153,1,train
syn_conf_00154,1,train
syn_conf_00155,1,validation
syn_conf_00156,1,train
syn_conf_00157,1,train
syn_conf_00158,1,train
syn_conf_00159,1,train
syn_conf_00160,1,train
syn_conf_00161,1,train
syn_conf_00162,1,train
syn_conf_00163,1,train
syn_conf_00164,1,train
syn_conf_00165,1,train
syn_conf_00166,1,train
syn_conf_00167,1,test
syn_conf_00168,1,train
syn_conf_00169,1,train
syn_conf_00170,1,train
syn_conf_00171,1,train
syn_conf_00172,1,train
syn_conf_00173,1,train
syn_conf_00174,1,train
syn_conf_00175,1,train
syn_conf_00176,1,train
syn_conf_00177,1,train
syn_conf_00178,1,test
syn_conf_00179,1,test
syn_conf_00180,1,train
syn_conf_00181,1,train
syn_conf_00182,1,train
syn_conf_00183,1,train
syn_conf_00184,1,validation
syn_conf_00185,1,train
syn_conf_00186,1,train
syn_conf_00187,1,train
syn_conf_00188,1,train
syn_conf_00189,1,train
syn_conf_00190,1,train
syn_conf_00191,1,train
syn_conf_00192,1,validation
syn_conf_00193,1,train
syn_conf_00194,1,train
syn_conf_00195,1,train
syn_conf_00196,1,train
syn_conf_00197,1,test
syn_conf_00198,1,train
syn_conf_00199,1,train
syn_conf_00200,1,train
syn_conf_00201,1,train
syn_conf_00202,1,test
syn_conf_00203,1,train
syn_conf_00204,1,train
syn_conf_00205,1,train
syn_conf_00206,1,train
syn_conf_00207,1,train
syn_conf_00208,1,train
syn_conf_00209,1,train
syn_conf_00210,1,validation
syn_conf_00211,1,train
syn_conf_00212,1,train
syn_conf_00213,1,test
syn_conf_00214,1,train
syn_conf_00215,1,train
syn_conf_00216,1,train
syn_conf_00217,1,validation
syn_conf_00218,1,train
syn_conf_00219,1,train
syn_conf_00220,1,test
syn_conf_00221,1,train
syn_conf_00222,1,train
syn_conf_00223,1,train
syn_conf_00224,1,validation
syn_conf_00225,1,train
syn_conf_00226,1,train
syn_conf_00227,1,train
syn_conf_00228,1,train
syn_conf_00229,1,train
syn_conf_00230,1,train
syn_conf_00231,1,train
syn_conf_00232,1,train
syn_conf_00233,1,train
syn_conf_00234,1,train
syn_conf_00235,1,validation
syn_conf_00236,1,train
syn_conf_00237,1,train
syn_conf_00238,1,train
syn_conf_00239,1,train
syn_conf_00240,1,train
syn_conf_00241,1,train
syn_conf_00242,1,train
syn_conf_00243,1,train
syn_conf_00244,1,train
syn_conf_00245,1,train
syn_conf_00246,1,train
syn_conf_00247,1,validation
syn_conf_00248,1,train
syn_conf_00249,1,train
syn_conf_00250,1,train
syn_conf_00251,1,train
syn_conf_00252,1,train
syn_conf_00253,1,train
syn_conf_00254,1,train
syn_conf_00255,1,train
syn_conf_00256,1,train
syn_conf_00257,1,train
syn_conf_00258,1,train
syn_conf_00259,1,train
syn_conf_00260,1,train
syn_conf_00261,1,validation
syn_conf_00262,1,train
syn_conf_00263,1,train
syn_conf_00264,1,train
syn_conf_00265,1,train
syn_conf_00266,1,train
syn_conf_00267,1,train
syn_conf_00268,1,train
syn_conf_00269,1,train
syn_conf_00270,1,train
syn_conf_00271,1,validation
syn_conf_00272,1,train
syn_conf_00273,1,train
syn_conf_00274,1,train
syn_conf_00275,1,test
syn_conf_00276,1,train
syn_conf_00277,1,train
syn_conf_00278,1,test
syn_conf_00279,1,train
syn_conf_00280,1,train
syn_conf_00281,1,train
syn_conf_00282,1,train
syn_conf_00283,1,train
syn_conf_00284,1,train
syn_conf_00285,1,test
syn_conf_00286,1,test
syn_conf_00287,1,validation
syn_conf_00288,1,train
syn_conf_00289,1,test
syn_conf_00290,1,train
syn_conf_00291,1,test
syn_conf_00292,1,test
syn_conf_00293,1,train
syn_conf_00294,1,validation
syn_conf_00295,1,train
syn_conf_00296,1,train
syn_conf_00297,1,train
syn_conf_00298,1,train
syn_conf_00299,1,train
syn_conf_00300,1,validation
syn_conf_00301,1,train
syn_conf_00302,1,train
syn_conf_00303,1,train
syn_conf_00304,1,test
syn_conf_00305,1,train
syn_conf_00306,1,test
syn_conf_00307,1,validation
syn_conf_00308,1,train
syn_conf_00309,1,train
syn_conf_00310,1,train
syn_conf_00311,1,train
syn_conf_00312,1,test
syn_conf_00313,1,train
syn_conf_00314,1,train
syn_conf_00315,1,train
syn_conf_00316,1,train
syn_conf_00317,1,validation
syn_conf_00318,1,train
syn_conf_00319,1,train
syn_conf_00320,1,train
syn_conf_00321,1,test
syn_conf_00322,1,train
syn_conf_00323,1,train
syn_conf_00324,1,train
syn_conf_00325,1,train
syn_conf_00326,1,train
syn_conf_00327,1,test
syn_conf_00328,1,train
syn_conf_00329,1,test
syn_conf_00330,1,train
syn_conf_00331,1,train
syn_conf_00332,1,train
syn_conf_00333,1,train
syn_conf_00334,1,train
syn_conf_00335,1,train
syn_conf_00336,1,train
syn_conf_00337,1,train
syn_conf_00338,1,train
syn_conf_00339,1,train
syn_conf_00340,1,train
syn_conf_00341,1,train
syn_conf_00342,1,train
syn_conf_00343,1,train
syn_conf_00344,1,validation
syn_conf_00345,1,train
syn_conf_00346,1,train
syn_conf_00347,1,train
syn_conf_00348,1,train
syn_conf_00349,1,train
syn_conf_00350,1,train
syn_conf_00351,1,train
syn_conf_00352,1,train
syn_conf_00353,1,train
syn_conf_00354,1,test
syn_conf_00355,1,train
syn_conf_00356,1,test
syn_conf_00357,1,train
syn_conf_00358,1,train
syn_conf_00359,1,train
syn_conf_00360,1,train
syn_conf_00361,1,train
syn_conf_00362,1,train
syn_conf_00363,1,train
syn_conf_00364,1,train
syn_conf_00365,1,test
syn_conf_00366,1,train
syn_conf_00367,1,train
syn_conf_00369,1,train
syn_conf_00370,1,test
syn_conf_00371,1,validation
syn_conf_00372,1,validation
syn_conf_00373,1,validation
syn_conf_00374,1,train
syn_conf_00375,1,train
syn_conf_00376,1,train
syn_conf_00377,1,train
syn_conf_00378,1,train
syn_conf_00379,1,train
syn_conf_00380,1,train
syn_conf_00381,1,test
syn_conf_00382,1,test
syn_conf_00383,1,train
syn_conf_00384,1,train
syn_conf_00385,1,train
syn_conf_00386,1,train
syn_conf_00387,1,test
syn_conf_00388,1,train
syn_conf_00389,1,test
syn_conf_00390,1,validation
syn_conf_00391,1,test
syn_conf_00392,1,train
syn_conf_00393,1,train
syn_conf_00394,1,validation
syn_conf_00395,1,train
syn_conf_00396,1,train
syn_conf_00397,1,train
syn_conf_00398,1,train
syn_conf_00399,1,train
syn_conf_00400,1,train
syn_conf_00401,1,train
syn_conf_00402,1,validation
syn_conf_00403,1,train
syn_conf_00404,1,train
syn_conf_00405,1,train
syn_conf_00406,1,train
syn_conf_00407,1,train
syn_conf_00408,1,validation
syn_conf_00409,1,train
syn_conf_00410,1,train
syn_conf_00411,1,validation
syn_conf_00412,1,train
syn_conf_00413,1,train
syn_conf_00414,1,train
syn_conf_00415,1,train
syn_conf_00416,1,train
syn_conf_00417,1,train
syn_conf_00418,1,train
syn_conf_00419,1,train
syn_conf_00420,1,train
syn_conf_00421,1,train
syn_conf_00422,1,validation
syn_conf_00423,1,test
syn_conf_00424,1,train
syn_conf_00425,1,train
syn_conf_00426,1,test
syn_conf_00427,1,train
syn_conf_00428,1,train
syn_conf_00429,1,train
syn_conf_00430,1,train
syn_conf_00431,1,train
syn_conf_00432,1,train
syn_conf_00433,1,train
syn_conf_00434,1,train
syn_conf_00435,1,validation
syn_conf_00436,1,train
syn_conf_00437,1,train
syn_conf_00438,1,train
syn_conf_00439,1,train
syn_conf_00440,1,train
syn_conf_00441,1,train
syn_conf_00442,1,validation
syn_conf_00443,1,train
syn_conf_00444,1,validation
syn_conf_00445,1,validation
syn_conf_00446,1,train
syn_conf_00447,1,train
syn_conf_00448,1,train
syn_conf_00449,1,train
syn_conf_00450,1,train
syn_conf_00451,1,train
syn_conf_00452,1,train
syn_conf_00453,1,validation
syn_conf_00454,1,train
syn_conf_00455,1,test
syn_conf_00456,1,train
syn_conf_00457,1,train
syn_conf_00458,1,train
syn_conf_00459,1,train
syn_conf_00460,1,train
syn_conf_00461,1,validation
syn_conf_00462,1,validation
syn_conf_00463,1,train
syn_conf_00464,1,train
syn_conf_00465,1,train
syn_conf_00466,1,train
syn_conf_00467,1,train
syn_conf_00468,1,train
syn_conf_00469,1,train
syn_conf_00470,1,train
syn_conf_00471,1,train
syn_conf_00472,1,validation
syn_conf_00473,1,train
syn_conf_00474,1,train
syn_conf_00475,1,train
syn_conf_00476,1,validation
syn_conf_00477,1,train
syn_conf_00478,1,validation
syn_conf_00479,1,train
syn_conf_00480,1,train
syn_conf_00481,1,validation
syn_conf_00482,1,train
syn_conf_00483,1,train
syn_conf_00484,1,train
syn_conf_00485,1,train
syn_conf_00486,1,train
syn_conf_00487,1,train
syn_conf_00488,1,validation
syn_conf_00489,1,train
syn_conf_00490,1,validation
syn_conf_00491,1,train
syn_conf_00492,1,train
syn_conf_00493,1,test
syn_conf_00494,1,train
syn_conf_00495,1,train
syn_conf_00496,1,validation
syn_conf_00497,1,validation
syn_conf_00498,1,train
syn_conf_00499,1,train
syn_conf_00500,1,train
syn_conf_00501,1,train
syn_conf_00502,1,train
syn_conf_00503,1,test
syn_conf_00504,1,train
syn_conf_00505,1,train
syn_conf_00506,1,train
syn_conf_00507,1,train
syn_conf_00508,1,train
syn_conf_00509,1,train
syn_conf_00510,1,train
syn_conf_00511,1,train
syn_conf_00512,1,train
syn_conf_00513,1,train
syn_conf_00514,1,validation
syn_conf_00515,1,train
syn_conf_00516,1,train
syn_conf_00517,1,train
syn_conf_00518,1,train
syn_conf_00519,1,train
syn_conf_00520,1,train
syn_conf_00521,1,train
syn_conf_00522,1,train
syn_conf_00523,1,train
syn_conf_00524,1,test
syn_conf_00525,1,test
syn_conf_00526,1,train
syn_conf_00527,1,train
syn_conf_00528,1,train
syn_conf_00529,1,train
syn_conf_00530,1,test
syn_conf_00531,1,validation
syn_conf_00532,1,train
syn_conf_00533,1,train
syn_conf_00534,1,train
syn_conf_00535,1,train
syn_conf_00536,1,test
syn_conf_00537,1,train
syn_conf_00538,1,validation
syn_conf_00539,1,validation
syn_conf_00540,1,validation
syn_conf_00541,1,validation
syn_conf_00542,1,train
syn_conf_00543,1,train
syn_conf_00544,1,validation
syn_conf_00545,1,train
syn_conf_00546,1,train
syn_conf_00547,1,test
syn_conf_00548,1,train
syn_conf_00549,1,train
syn_conf_00550,1,train
syn_conf_00551,1,train
syn_conf_00552,1,train
syn_conf_00553,1,train
syn_conf_00554,1,train
syn_conf_00555,1,train
syn_conf_00556,1,train
syn_conf_00557,1,train
syn_conf_00558,1,train
syn_conf_00559,1,validation
syn_conf_00560,1,test
syn_conf_00561,1,test
syn_conf_00562,1,validation
syn_conf_00563,1,train
syn_conf_00564,1,train
syn_conf_00565,1,validation
syn_conf_00566,1,train
syn_conf_00567,1,train
syn_conf_00568,1,train
syn_conf_00569,1,train
syn_conf_00570,1,train
syn_conf_00571,1,train
syn_conf_00572,1,test
syn_conf_00573,1,train
syn_conf_00574,1,train
syn_conf_00575,1,train
syn_conf_00576,1,train
syn_conf_00577,1,train
syn_conf_00578,1,train
syn_conf_00579,1,train
syn_conf_00580,1,train
syn_conf_00581,1,train
syn_conf_00582,1,validation
syn_conf_00583,1,test
syn_conf_00584,1,train
syn_conf_00585,1,train
syn_conf_00586,1,train
syn_conf_00587,1,train
syn_conf_00588,1,train
syn_conf_00589,1,train
syn_conf_00590,1,train
syn_conf_00591,1,train
syn_conf_00592,1,train
syn_conf_00593,1,train
syn_conf_00594,1,train
syn_conf_00595,1,test
syn_conf_00596,1,train
syn_conf_00597,1,train
syn_conf_00598,1,train
syn_conf_00599,1,train
syn_conf_00600,1,train
syn_conf_00601,1,train
syn_conf_00602,1,validation
syn_conf_00603,1,train
syn_conf_00604,1,train
syn_conf_00605,1,validation
syn_conf_00606,1,test
syn_conf_00607,1,train
syn_conf_00608,1,train
syn_conf_00609,1,train
syn_conf_00610,1,train
syn_conf_00611,1,train
syn_conf_00612,1,train
syn_conf_00613,1,train
syn_conf_00614,1,test
syn_conf_00615,1,train
syn_conf_00616,1,train
syn_conf_00617,1,train
syn_conf_00618,1,train
syn_conf_00619,1,validation
syn_conf_00620,1,train
syn_conf_00621,1,test
syn_conf_00622,1,train
syn_conf_00623,1,train
syn_conf_00624,1,train
syn_conf_00625,1,train
syn_conf_00626,1,validation
syn_conf_00627,1,train
syn_conf_00628,1,train
syn_conf_00629,1,train
syn_conf_00630,1,train
syn_conf_00631,1,train
syn_conf_00632,1,train
syn_conf_00633,1,train
syn_conf_00634,1,train
syn_conf_00635,1,train
syn_conf_00636,1,train
syn_conf_00637,1,train
syn_conf_00638,1,validation
syn_conf_00639,1,train
syn_conf_00640,1,train
syn_conf_00641,1,train
syn_conf_00642,1,train
syn_conf_00643,1,test
syn_conf_00644,1,train
syn_conf_00645,1,train
syn_conf_00646,1,train
syn_conf_00647,1,train
syn_conf_00648,1,train
syn_conf_00649,1,train
syn_conf_00650,1,train
syn_conf_00651,1,train
syn_conf_00652,1,validation
syn_conf_00653,1,test
syn_conf_00654,1,train
syn_conf_00655,1,train
syn_conf_00656,1,train
syn_conf_00657,1,train
syn_conf_00658,1,train
syn_conf_00659,1,test
syn_conf_00660,1,train
syn_conf_00661,1,train
syn_conf_00662,1,train
syn_conf_00663,1,train
syn_conf_00664,1,train
syn_conf_00665,1,train
syn_conf_00666,1,train
syn_conf_00667,1,train
syn_conf_00668,1,train
syn_conf_00669,1,train
syn_conf_00670,1,train
syn_conf_00671,1,train
syn_conf_00672,1,train
syn_conf_00673,1,train
syn_conf_00674,1,train
syn_conf_00675,1,train
syn_conf_00676,1,test
syn_conf_00677,1,train
syn_conf_00678,1,train
syn_conf_00679,1,train
syn_conf_00680,1,train
syn_conf_00681,1,test
syn_conf_00682,1,train
syn_conf_00683,1,test
syn_conf_00684,1,train
syn_conf_00685,1,train
syn_conf_00686,1,train
syn_conf_00687,1,validation
syn_conf_00688,1,train
syn_conf_00689,1,train
syn_conf_00690,1,train
syn_conf_00691,1,train
syn_conf_00692,1,train
syn_conf_00693,1,train
syn_conf_00694,1,train
syn_conf_00695,1,train
syn_conf_00696,1,train
syn_conf_00697,1,train
syn_conf_00698,1,train
syn_conf_00699,1,validation
syn_conf_00700,1,train
syn_conf_00701,1,train
syn_conf_00702,1,train
syn_conf_00703,1,test
syn_conf_00704,1,train
syn_conf_00705,1,train
syn_conf_00706,1,test
syn_conf_00707,1,train
syn_conf_00708,1,train
syn_conf_00709,1,test
syn_conf_00710,1,train
syn_conf_00711,1,train
syn_conf_00712,1,train
syn_conf_00713,1,train
syn_conf_00714,1,train
syn_conf_00715,1,train
syn_conf_00716,1,test
syn_conf_00717,1,test
syn_conf_00718,1,train
syn_conf_00719,1,train
syn_conf_00720,1,train
syn_conf_00721,1,train
syn_conf_00722,1,validation
syn_conf_00723,1,validation
syn_conf_00724,1,train
syn_conf_00725,1,train
syn_conf_00726,1,train
syn_conf_00727,1,train
syn_conf_00728,1,validation
syn_conf_00729,1,train
syn_conf_00730,1,train
syn_conf_00731,1,train
syn_conf_00732,1,train
syn_conf_00733,1,train
syn_conf_00734,1,train
syn_conf_00735,1,train
syn_conf_00736,1,train
syn_conf_00737,1,train
syn_conf_00738,1,train
syn_conf_00739,1,train
syn_conf_00740,1,train
syn_conf_00741,1,train
syn_conf_00742,1,test
syn_conf_00743,1,train
syn_conf_00744,1,train
syn_conf_00745,1,validation
syn_conf_00746,1,test
syn_conf_00747,1,test
syn_conf_00748,1,train
syn_conf_00749,1,validation
syn_conf_00750,1,train
syn_conf_00751,1,train
syn_conf_00752,1,train
syn_conf_00753,1,validation
syn_conf_00754,1,train
syn_conf_00755,1,train
syn_conf_00756,1,train
syn_conf_00757,1,train
syn_conf_00758,1,train
syn_conf_00759,1,train
syn_conf_00760,1,test
syn_conf_00761,1,train
syn_conf_00762,1,train
syn_conf_00763,1,train
syn_conf_00764,1,test
syn_conf_00765,1,validation
syn_conf_00766,1,train
syn_conf_00767,1,train
syn_conf_00768,1,train
syn_conf_00769,1,train
syn_conf_00770,1,train
syn_conf_00771,1,train
syn_conf_00772,1,train
syn_conf_00773,1,train
syn_conf_00774,1,train
syn_conf_00775,1,train
syn_conf_00776,1,train
syn_conf_00777,1,train
syn_conf_00778,1,train
syn_conf_00779,1,test
syn_conf_00780,1,train
syn_conf_00781,1,train
syn_conf_00782,1,train
syn_conf_00783,1,train
syn_conf_00784,1,train
syn_conf_00785,1,train
syn_conf_00786,1,train
syn_conf_00787,1,train
syn_conf_00788,1,train
syn_conf_00789,1,train
syn_conf_00790,1,train
syn_conf_00791,1,train
syn_conf_00792,1,train
syn_conf_00793,1,train
syn_conf_00794,1,train
syn_conf_00795,1,train
syn_conf_00796,1,train
syn_conf_00797,1,train
syn_conf_00798,1,train
syn_conf_00799,1,train
syn_conf_00800,1,train
syn_conf_00801,1,train
syn_conf_00802,1,train
syn_conf_00803,1,train
syn_conf_00804,1,train
syn_conf_00805,1,test
syn_conf_00806,1,test
syn_conf_00807,1,train
syn_conf_00808,1,train
syn_conf_00809,1,train
syn_conf_00810,1,train
syn_conf_00811,1,train
syn_conf_00812,1,validation
syn_conf_00813,1,validation
syn_conf_00814,1,train
syn_conf_00815,1,train
syn_conf_00816,1,train
syn_conf_00817,1,validation
syn_conf_00818,1,train
syn_conf_00819,1,validation
syn_conf_00820,1,train
syn_conf_00821,1,train
syn_conf_00822,1,train
syn_conf_00823,1,train
syn_conf_00824,1,train
syn_conf_00825,1,validation
syn_conf_00826,1,train
syn_conf_00827,1,train
syn_conf_00828,1,train
syn_conf_00829,1,train
syn_conf_00830,1,train
syn_conf_00831,1,train
syn_conf_00832,1,train
syn_conf_00833,1,train
syn_conf_00834,1,train
syn_conf_00835,1,train
syn_conf_00836,1,train
syn_conf_00837,1,validation
syn_conf_00838,1,test
syn_conf_00839,1,train
syn_conf_00840,1,train
syn_conf_00841,1,test
syn_conf_00842,1,train
syn_conf_00843,1,train
syn_conf_00844,1,train
syn_conf_00845,1,train
syn_conf_00846,1,train
syn_conf_00847,1,train
syn_conf_00848,1,test
syn_conf_00849,1,train
syn_conf_00850,1,train
syn_conf_00851,1,train
syn_conf_00852,1,train
syn_conf_00853,1,train
syn_conf_00854,1,train
syn_conf_00855,1,train
syn_conf_00856,1,test
syn_conf_00857,1,train
syn_conf_00858,1,train
syn_conf_00859,1,train
syn_conf_00860,1,train
syn_conf_00861,1,train
syn_conf_00862,1,train
syn_conf_00863,1,train
syn_conf_00864,1,train
syn_conf_00865,1,train
syn_conf_00866,1,validation
syn_conf_00867,1,train
syn_conf_00868,1,train
syn_conf_00869,1,train
syn_conf_00870,1,train
syn_conf_00871,1,train
syn_conf_00872,1,train
syn_conf_00873,1,train
syn_conf_00874,1,validation
syn_conf_00875,1,train
syn_conf_00876,1,train
syn_conf_00877,1,validation
syn_conf_00878,1,train
syn_conf_00879,1,validation
syn_conf_00880,1,validation
syn_conf_00881,1,train
syn_conf_00882,1,train
syn_conf_00883,1,train
syn_conf_00884,1,train
syn_conf_00885,1,train
syn_conf_00886,1,train
syn_conf_00887,1,test
syn_conf_00888,1,validation
syn_conf_00889,1,validation
syn_conf_00890,1,train
syn_conf_00891,1,train
syn_conf_00892,1,train
syn_conf_00893,1,validation
syn_conf_00894,1,train
syn_conf_00895,1,train
syn_conf_00896,1,train
syn_conf_00897,1,train
syn_conf_00898,1,train
syn_conf_00899,1,train
syn_conf_00900,1,train
syn_conf_00901,1,train
syn_conf_00902,1,train
syn_conf_00903,1,train
syn_conf_00904,1,test
syn_conf_00905,1,train
syn_conf_00906,1,validation
syn_conf_00907,1,train
syn_conf_00908,1,train
syn_conf_00909,1,train
syn_conf_00910,1,train
syn_conf_00911,1,train
syn_conf_00912,1,test
syn_conf_00913,1,train
syn_conf_00914,1,train
syn_conf_00915,1,train
syn_conf_00916,1,train
syn_conf_00917,1,test
syn_conf_00918,1,train
syn_conf_00919,1,validation
syn_conf_00920,1,train
syn_conf_00921,1,train
syn_conf_00922,1,train
syn_conf_00923,1,test
syn_conf_00924,1,train
syn_conf_00925,1,train
syn_conf_00926,1,train
syn_conf_00927,1,test
syn_conf_00928,1,validation
syn_conf_00929,1,train
syn_conf_00930,1,train
syn_conf_00931,1,train
syn_conf_00932,1,train
syn_conf_00933,1,train
syn_conf_00934,1,train
syn_conf_00935,1,test
syn_conf_00936,1,test
syn_conf_00937,1,validation
syn_conf_00938,1,train
syn_conf_00939,1,train
syn_conf_00940,1,train
syn_conf_00941,1,train
syn_conf_00942,1,train
syn_conf_00943,1,train
syn_conf_00944,1,train
syn_conf_00945,1,train
syn_conf_00946,1,validation
syn_conf_00947,1,train
syn_conf_00948,1,train
syn_conf_00949,1,train
syn_conf_00950,1,train
syn_conf_00951,1,train
syn_conf_00952,1,train
syn_conf_00953,1,validation
syn_conf_00954,1,train
syn_conf_00955,1,validation
syn_conf_00956,1,train
syn_conf_00957,1,train
syn_conf_00958,1,train
syn_conf_00959,1,test
syn_conf_00960,1,train
syn_conf_00961,1,train
syn_conf_00962,1,train
syn_conf_00963,1,train
syn_conf_00964,1,train
syn_conf_00965,1,train
syn_conf_00966,1,train
syn_conf_00967,1,train
syn_conf_00968,1,train
syn_conf_00969,1,train
syn_conf_00970,1,train
syn_conf_00971,1,train
syn_conf_00972,1,train
syn_conf_00973,1,train
syn_conf_00974,1,train
syn_conf_00975,1,train
syn_conf_00976,1,train
syn_conf_00977,1,train
syn_conf_00978,1,train
syn_conf_00979,1,train
syn_conf_00980,1,train
syn_conf_00981,1,validation
syn_conf_00982,1,train
syn_conf_00983,1,train
syn_conf_00984,1,train
syn_conf_00985,1,test
syn_conf_00986,1,train
syn_conf_00987,1,train
syn_conf_00988,1,train
syn_conf_00989,1,train
syn_conf_00990,1,train
syn_conf_00991,1,train
syn_conf_00992,1,train
syn_conf_00993,1,train
syn_conf_00994,1,test
syn_conf_00995,1,train
syn_conf_00996,1,train
syn_conf_00997,1,test
syn_conf_00998,1,train
syn_conf_00999,1,test
syn_conf_01000,1,train
syn_conf_01001,1,test
syn_conf_01002,1,test
syn_conf_01003,1,train
syn_conf_01004,1,train
syn_conf_01005,1,train
syn_conf_01006,1,train
syn_conf_01007,1,train
syn_conf_01008,1,train
syn_conf_01009,1,train
syn_conf_01010,1,validation
syn_conf_01011,1,train
syn_conf_01012,1,train
syn_conf_01013,1,train
syn_conf_01014,1,train
syn_conf_01015,1,train
syn_conf_01016,1,validation
syn_conf_01017,1,train
syn_conf_01018,1,train
syn_conf_01019,1,train
syn_conf_01020,1,train
syn_conf_01021,1,train
syn_conf_01022,1,train
syn_conf_01023,1,train
syn_conf_01024,1,train
syn_conf_01025,1,train
syn_conf_01026,1,train
syn_conf_01027,1,train
syn_conf_01028,1,train
syn_conf_01029,1,test
syn_conf_01030,1,validation
syn_conf_01031,1,test
syn_conf_01032,1,train
syn_conf_01033,1,train
syn_conf_01034,1,train
syn_conf_01035,1,train
syn_conf_01036,1,test
syn_conf_01037,1,train
syn_conf_01038,1,train
syn_conf_01039,1,train
syn_conf_01040,1,train
syn_conf_01041,1,train
syn_conf_01042,1,train
syn_conf_01043,1,train
syn_conf_01044,1,train
syn_conf_01045,1,train
syn_conf_01046,1,test
syn_conf_01047,1,train
syn_conf_01048,1,train
syn_conf_01049,1,train
syn_conf_01050,1,train
syn_conf_01051,1,train
syn_conf_01052,1,train
syn_conf_01053,1,train
syn_conf_01054,1,train
syn_conf_01055,1,train
syn_conf_01056,1,train
syn_conf_01057,1,validation
syn_conf_01058,1,validation
syn_conf_01059,1,train
syn_conf_01060,1,validation
syn_conf_01061,1,train
syn_conf_01062,1,train
syn_conf_01063,1,train
syn_conf_01064,1,test
syn_conf_01065,1,train
syn_conf_01066,1,train
syn_conf_01067,1,train
syn_conf_01068,1,train
syn_conf_01069,1,validation
syn_conf_01070,1,train
syn_conf_01071,1,train
syn_conf_01072,1,test
syn_conf_01073,1,train
syn_conf_01074,1,train
syn_conf_01075,1,train
syn_conf_01076,1,train
syn_conf_01077,1,train
syn_conf_01078,1,train
syn_conf_01079,1,validation
syn_conf_01080,1,train
syn_conf_01081,1,train
syn_conf_01082,1,train
syn_conf_01083,1,train
syn_conf_01084,1,train
syn_conf_01085,1,train
syn_conf_01086,1,train
syn_conf_01087,1,train
syn_conf_01088,1,train
syn_conf_01089,1,train
syn_conf_01090,1,train
syn_conf_01091,1,train
syn_conf_01092,1,test
syn_conf_01093,1,train
syn_conf_01094,1,train
syn_conf_01095,1,train
syn_conf_01096,1,train
syn_conf_01097,1,train
syn_conf_01098,1,train
syn_conf_01099,1,train
syn_conf_01100,1,train
syn_conf_01101,1,train
syn_conf_01102,1,train
syn_conf_01103,1,train
syn_conf_01104,1,test
syn_conf_01105,1,train
syn_conf_01106,1,train
syn_conf_01107,1,test
syn_conf_01108,1,train
syn_conf_01109,1,validation
syn_conf_01110,1,train
syn_conf_01111,1,train
syn_conf_01112,1,train
syn_conf_01113,1,train
syn_conf_01114,1,train
syn_conf_01115,1,train
syn_conf_01116,1,train
syn_conf_01117,1,train
syn_conf_01118,1,train
syn_conf_01119,1,train
syn_conf_01120,1,train
syn_conf_01121,1,train
syn_conf_01122,1,test
syn_conf_01123,1,train
syn_conf_01124,1,train
syn_conf_01125,1,train
syn_conf_01126,1,test
syn_conf_01127,1,train
syn_conf_01128,1,train
syn_conf_01129,1,train
syn_conf_01130,1,train
syn_conf_01131,1,train
syn_conf_01132,1,train
syn_conf_01133,1,train
syn_conf_01134,1,train
syn_conf_01135,1,train
syn_conf_01136,1,train
syn_conf_01137,1,train
syn_conf_01138,1,train
syn_conf_01139,1,train
syn_conf_01140,1,test
syn_conf_01141,1,train
syn_conf_01142,1,train
syn_conf_01143,1,train
syn_conf_01144,1,train
syn_conf_01145,1,train
syn_conf_01146,1,train
syn_conf_01147,1,test
syn_conf_01148,1,validation
syn_conf_01149,1,validation
syn_conf_01150,1,test
syn_conf_01151,1,train
syn_conf_01152,1,validation
syn_conf_01153,1,train
syn_conf_01154,1,validation
syn_conf_01155,1,test
syn_conf_01156,1,train
syn_conf_01157,1,test
syn_conf_01158,1,train
syn_conf_01159,1,train
syn_conf_01160,1,train
syn_conf_01161,1,train
syn_conf_01162,1,test
syn_conf_01163,1,train
syn_conf_01164,1,train
syn_conf_01165,1,train
syn_conf_01166,1,train
syn_conf_01167,1,train
syn_conf_01168,1,train
syn_conf_01169,1,test
syn_conf_01170,1,validation
syn_conf_01171,1,train
syn_conf_01172,1,train
syn_conf_01173,1,train
syn_conf_01174,1,train
syn_conf_01175,1,train
syn_conf_01176,1,train
syn_conf_01177,1,train
syn_conf_01178,1,train
syn_conf_01179,1,train
syn_conf_01180,1,train
syn_conf_01181,1,train
syn_conf_01182,1,train
syn_conf_01183,1,train
syn_conf_01184,1,train
syn_conf_01185,1,validation
syn_conf_01186,1,train
syn_conf_01187,1,train
syn_conf_01188,1,train
syn_conf_01189,1,test
syn_conf_01190,1,train
syn_conf_01191,1,test
syn_conf_01192,1,train
syn_conf_01193,1,train
syn_conf_01194,1,train
syn_conf_01195,1,test
syn_conf_01196,1,train
syn_conf_01197,1,test
syn_conf_01198,1,train
syn_conf_01199,1,train
syn_general_rec_0000,16,train
syn_general_rec_0001,10,train
syn_general_rec_0002,18,test
syn_general_rec_0003,12,train
syn_general_rec_0004,13,train
syn_general_rec_0005,18,test
syn_general_rec_0006,15,train
syn_general_rec_0007,7,train
syn_general_rec_0008,13,train
syn_general_rec_0009,14,train
syn_general_rec_0010,17,validation
syn_general_rec_0011,18,test
syn_general_rec_0012,11,train
syn_general_rec_0013,13,train
syn_general_rec_0014,18,test
syn_general_rec_0015,11,train
syn_general_rec_0016,14,train
syn_general_rec_0017,10,train
syn_general_rec_0018,13,train
syn_general_rec_0019,18,validation
syn_general_rec_0020,11,train
syn_general_rec_0021,7,train
syn_general_rec_0022,10,train
syn_general_rec_0023,10,train
syn_general_rec_0024,8,train
syn_general_rec_0025,12,train
syn_general_rec_0026,9,train
syn_general_rec_0027,11,train
syn_general_rec_0028,9,train
syn_general_rec_0029,18,test
syn_general_rec_0030,14,train
syn_general_rec_0031,12,train
syn_general_rec_0032,19,test
syn_general_rec_0033,11,train
syn_general_rec_0034,11,train
syn_general_rec_0035,11,train
syn_general_rec_0036,10,train
syn_general_rec_0037,14,train
syn_general_rec_0038,6,train
syn_general_rec_0039,19,validation
syn_general_rec_0040,7,train
syn_general_rec_0041,13,train
syn_general_rec_0042,15,train
syn_general_rec_0043,10,train
syn_general_rec_0044,10,train
syn_general_rec_0045,9,train
syn_general_rec_0046,8,train
syn_general_rec_0047,18,test
syn_general_rec_0048,12,train
syn_general_rec_0049,15,train
syn_general_rec_0050,10,train
syn_general_rec_0051,15,train
syn_general_rec_0052,14,train
syn_general_rec_0053,15,train
syn_general_rec_0054,17,test
syn_general_rec_0055,21,test
syn_general_rec_0056,12,train
syn_general_rec_0057,18,validation
syn_general_rec_0058,14,train
syn_general_rec_0059,12,train
syn_general_rec_0060,16,train
syn_general_rec_0061,15,train
syn_general_rec_0062,9,train
syn_general_rec_0063,10,train
syn_general_rec_0064,14,train
syn_general_rec_0065,10,train
syn_general_rec_0066,15,train
syn_general_rec_0067,9,train
syn_general_rec_0068,15,train
syn_general_rec_0069,13,train
syn_general_rec_0070,9,train
syn_general_rec_0071,14,train
syn_general_rec_0072,14,train
syn_general_rec_0073,17,validation
syn_general_rec_0074,15,train
syn_general_rec_0075,8,train
syn_general_rec_0076,9,train
syn_general_rec_0077,8,train
syn_general_rec_0078,16,train
syn_general_rec_0079,12,train
syn_general_rec_0080,10,train
syn_general_rec_0081,8,train
syn_general_rec_0082,16,train
syn_general_rec_0083,18,test
syn_general_rec_0084,10,train
syn_general_rec_0085,7,train
syn_general_rec_0086,19,validation
syn_general_rec_0087,7,train
syn_general_rec_0088,10,train
syn_general_rec_0089,15,train
syn_general_rec_0090,12,train
syn_general_rec_0091,7,train
syn_general_rec_0092,8,train
syn_general_rec_0093,19,validation
syn_general_rec_0094,10,train
syn_general_rec_0095,18,test
syn_general_rec_0096,19,test
syn_general_rec_0097,9,train
syn_general_rec_0098,18,validation
syn_general_rec_0099,11,train
syn_general_rec_0100,14,train
syn_general_rec_0101,9,train
syn_general_rec_0102,11,train
syn_general_rec_0103,17,test
syn_general_rec_0104,11,train
syn_general_rec_0105,14,train
syn_general_rec_0106,6,train
syn_general_rec_0107,14,train
syn_general_rec_0108,11,train
syn_general_rec_0109,10,train
syn_general_rec_0110,14,train
syn_general_rec_0111,10,train
syn_general_rec_0112,9,train
syn_general_rec_0113,14,train
syn_general_rec_0114,10,train
syn_general_rec_0115,14,validation
syn_general_rec_0116,14,train
syn_general_rec_0117,6,train
syn_general_rec_0118,13,train
syn_general_rec_0119,12,train
syn_general_rec_0120,18,validation
syn_general_rec_0121,11,train
syn_general_rec_0122,11,train
syn_general_rec_0123,7,train
syn_general_rec_0124,11,train
syn_general_rec_0125,14,train
syn_general_rec_0126,12,train
syn_general_rec_0127,16,train
syn_general_rec_0128,8,train
syn_general_rec_0129,10,train
syn_general_rec_0130,13,train
syn_general_rec_0131,11,train
syn_general_rec_0132,14,train
syn_general_rec_0133,11,train
syn_general_rec_0134,14,train
syn_general_rec_0135,14,train
syn_general_rec_0136,15,train
syn_general_rec_0137,13,train
syn_general_rec_0138,10,train
syn_general_rec_0139,12,train
syn_general_rec_0140,12,train
syn_general_rec_0141,12,train
syn_general_rec_0142,17,validation
syn_general_rec_0143,9,train
syn_general_rec_0144,7,train
syn_general_rec_0145,11,train
syn_general_rec_0146,12,train
syn_general_rec_0147,9,train
syn_general_rec_0148,11,train
syn_general_rec_0149,14,train
syn_general_rec_0150,15,train
syn_general_rec_0151,10,train
syn_general_rec_0152,18,test
syn_general_rec_0153,13,train
syn_general_rec_0154,11,train
syn_general_rec_0155,12,train
syn_general_rec_0156,16,validation
syn_general_rec_0157,8,train
syn_general_rec_0158,8,train
syn_general_rec_0159,9,train
syn_general_rec_0160,9,train
syn_general_rec_0161,13,train
syn_general_rec_0162,14,train
syn_general_rec_0163,14,train
syn_general_rec_0164,8,train
syn_general_rec_0165,14,train
syn_general_rec_0166,14,train
syn_general_rec_0167,17,validation
syn_general_rec_0168,15,train
syn_general_rec_0169,12,train
syn_general_rec_0170,13,train
syn_general_rec_0171,10,train
syn_general_rec_0172,17,validation
syn_general_rec_0173,9,train
syn_general_rec_0174,12,train
syn_general_rec_0175,16,validation
syn_general_rec_0176,10,train
syn_general_rec_0177,11,train
syn_general_rec_0178,11,train
syn_general_rec_0179,15,train
syn_general_rec_0180,14,train
syn_general_rec_0181,10,train
syn_general_rec_0182,10,train
syn_general_rec_0183,11,train
syn_general_rec_0184,6,train
syn_general_rec_0185,14,train
syn_general_rec_0186,8,train
syn_general_rec_0187,14,train
syn_general_rec_0188,15,train
syn_general_rec_0189,16,validation
syn_general_rec_0190,16,test
syn_general_rec_0191,9,train
syn_general_rec_0192,12,train
syn_general_rec_0193,14,train
syn_general_rec_0194,14,train
syn_general_rec_0195,11,train
syn_general_rec_0196,10,train
syn_general_rec_0197,9,train
syn_general_rec_0198,10,train
syn_general_rec_0199,10,train
syn_general_rec_0200,9,train
syn_general_rec_0201,13,train
syn_general_rec_0202,6,train
syn_general_rec_0203,12,train
syn_general_rec_0204,10,train
syn_general_rec_0205,10,train
syn_general_rec_0206,7,train
syn_general_rec_0207,7,train
syn_general_rec_0208,11,train
syn_general_rec_0209,9,train
syn_general_rec_0210,11,train
syn_general_rec_0211,9,train
syn_general_rec_0212,12,train
syn_general_rec_0213,11,train
syn_general_rec_0214,8,train
syn_general_rec_0215,15,train
syn_general_rec_0216,13,train
syn_general_rec_0217,9,train
syn_general_rec_0218,12,train
syn_general_rec_0219,11,train
syn_media_rec_0000,6,train
syn_media_rec_0001,7,train
syn_media_rec_0002,6,train
syn_media_rec_0003,7,train
syn_media_rec_0004,8,train
syn_media_rec_0005,8,train
syn_media_rec_0006,9,validation
syn_media_rec_0007,6,train
syn_media_rec_0008,9,validation
syn_media_rec_0009,7,train
syn_media_rec_0010,5,train
syn_media_rec_0011,5,train
syn_media_rec_0012,5,train
syn_media_rec_0013,9,train
syn_media_rec_0014,7,train
syn_media_rec_0015,8,train
syn_media_rec_0016,9,train
syn_media_rec_0017,9,validation
syn_media_rec_0018,7,train
syn_media_rec_0019,8,train
syn_media_rec_0020,7,train
syn_media_rec_0021,9,train
syn_media_rec_0022,8,train
syn_media_rec_0023,6,train
syn_media_rec_0024,6,train
syn_media_rec_0025,6,train
syn_media_rec_0026,8,train
syn_media_rec_0027,8,train
syn_media_rec_0028,8,train
syn_media_rec_0029,9,test
syn_media_rec_0030,7,train
syn_media_rec_0031,5,train
syn_media_rec_0032,7,train
syn_media_rec_0033,9,validation
syn_media_rec_0034,9,validation
syn_media_rec_0035,7,train
syn_media_rec_0036,6,train
syn_media_rec_0037,5,train
syn_media_rec_0038,9,test
syn_media_rec_0039,7,train
syn_media_rec_0040,7,train
syn_media_rec_0041,7,train
syn_media_rec_0042,8,train
syn_media_rec_0043,7,train
syn_media_rec_0044,7,train
syn_media_rec_0045,8,train
syn_media_rec_0046,7,train
syn_media_rec_0047,7,train
syn_media_rec_0048,8,train
syn_media_rec_0049,7,train
syn_media_rec_0050,8,train
syn_media_rec_0051,6,train
syn_media_rec_0052,5,train
syn_media_rec_0053,5,train
syn_media_rec_0054,6,train
syn_media_rec_0055,7,train
syn_media_rec_0056,5,train
syn_media_rec_0057,9,validation
syn_media_rec_0058,6,train
syn_media_rec_0059,5,train
syn_media_rec_0060,7,train
syn_media_rec_0061,9,test
syn_media_rec_0065,5,train
syn_media_rec_0066,8,train
syn_media_rec_0067,6,train
syn_media_rec_0068,6,train
syn_media_rec_0069,5,train
syn_media_rec_0070,7,train
syn_media_rec_0071,9,validation
syn_media_rec_0072,6,train
syn_media_rec_0073,7,train
syn_media_rec_0074,8,train
syn_media_rec_0075,6,train
syn_media_rec_0076,6,train
syn_media_rec_0077,6,train
syn_media_rec_0078,9,test
syn_media_rec_0079,8,train
syn_media_rec_0080,6,train
syn_media_rec_0081,5,train
syn_media_rec_0082,6,train
syn_media_rec_0083,7,train
syn_media_rec_0084,5,train
syn_media_rec_0085,6,train
syn_media_rec_0086,9,test
syn_media_rec_0087,9,validation
syn_media_rec_0088,7,train
syn_media_rec_0089,8,train
syn_media_rec_0090,6,train
syn_media_rec_0091,6,train
syn_media_rec_0092,5,train
syn_media_rec_0093,5,train
syn_media_rec_0094,6,train
syn_media_rec_0095,9,test
syn_media_rec_0096,8,train
syn_media_rec_0097,6,train
syn_media_rec_0098,7,train
syn_media_rec_0099,6,train
syn_media_rec_0100,5,train
syn_media_rec_0101,9,test
syn_media_rec_0102,6,train
syn_media_rec_0103,9,validation
syn_media_rec_0104,8,train
syn_media_rec_0105,9,test
syn_media_rec_0106,5,train
syn_media_rec_0107,8,train
syn_media_rec_0108,9,validation
syn_media_rec_0109,7,train
syn_media_rec_0110,6,train
syn_media_rec_0111,7,train
syn_media_rec_0112,7,train
syn_media_rec_0113,9,test
syn_media_rec_0114,6,train
syn_media_rec_0115,6,train
syn_media_rec_0116,5,train
syn_media_rec_0117,8,train
syn_media_rec_0118,8,train
syn_media_rec_0119,8,train
syn_media_rec_0120,7,train
syn_media_rec_0121,8,train
syn_media_rec_0122,8,train
syn_media_rec_0123,9,validation
syn_media_rec_0124,9,train
syn_media_rec_0125,6,train
syn_media_rec_0126,9,test
syn_media_rec_0127,7,train
syn_media_rec_0128,9,test
syn_media_rec_0129,5,train
syn_media_rec_0130,8,train
syn_media_rec_0131,8,train
syn_media_rec_0132,7,train
syn_media_rec_0133,5,train
syn_media_rec_0134,9,train
syn_media_rec_0135,8,train
syn_media_rec_0136,8,train
syn_media_rec_0137,5,train
syn_media_rec_0140,5,train
syn_media_rec_0142,9,validation
syn_media_rec_0143,8,train
syn_media_rec_0144,7,train
syn_media_rec_0145,6,train
syn_media_rec_0146,9,test
syn_media_rec_0147,5,train
syn_media_rec_0148,6,train
syn_media_rec_0149,5,train
syn_media_rec_0150,9,train
syn_media_rec_0151,7,train
syn_media_rec_0152,5,train
syn_media_rec_0153,6,train
syn_media_rec_0154,8,train
syn_media_rec_0155,6,train
syn_media_rec_0156,6,train
syn_media_rec_0157,7,train
syn_media_rec_0158,7,train
syn_media_rec_0159,8,train
syn_media_rec_0160,5,train
syn_media_rec_0161,8,train
syn_media_rec_0162,6,train
syn_media_rec_0163,9,train
syn_media_rec_0164,5,train
syn_media_rec_0165,6,train
syn_media_rec_0166,9,test
syn_media_rec_0167,8,train
syn_media_rec_0168,9,test
syn_media_rec_0169,6,train
syn_media_rec_0170,8,train
syn_media_rec_0171,8,train
syn_media_rec_0172,7,train
syn_media_rec_0173,8,train
syn_media_rec_0174,8,train
syn_media_rec_0175,9,validation
syn_media_rec_0176,7,train
syn_media_rec_0177,6,train
syn_media_rec_0178,7,train
syn_media_rec_0179,9,validation
en_GB-alan-medium,153,test
en_US-amy-medium,153,validation
en_US-lessac-medium,102,train
en_US-ryan-medium,119,train
fil-PH-AngeloNeural,136,train
fil-PH-BlessicaNeural,153,train
id_ID-news_tts-medium,34,train
syn_silence_00000,1,train
syn_silence_00001,1,validation
syn_silence_00002,1,train
syn_silence_00003,1,train
syn_silence_00004,1,train
syn_silence_00005,1,train
syn_silence_00006,1,train
syn_silence_00007,1,validation
syn_silence_00008,1,validation
syn_silence_00009,1,train
syn_silence_00010,1,train
syn_silence_00011,1,train
syn_silence_00012,1,train
syn_silence_00013,1,train
syn_silence_00014,1,train
syn_silence_00015,1,test
syn_silence_00016,1,train
syn_silence_00017,1,train
syn_silence_00018,1,train
syn_silence_00019,1,train
syn_silence_00020,1,test
syn_silence_00021,1,train
syn_silence_00022,1,train
syn_silence_00023,1,train
syn_silence_00024,1,train
syn_silence_00025,1,train
syn_silence_00026,1,train
syn_silence_00027,1,test
syn_silence_00028,1,train
syn_silence_00029,1,train
syn_silence_00030,1,train
syn_silence_00031,1,validation
syn_silence_00032,1,train
syn_silence_00033,1,train
syn_silence_00034,1,train
syn_silence_00035,1,train
syn_silence_00036,1,train
syn_silence_00037,1,train
syn_silence_00038,1,test
syn_silence_00039,1,train
syn_silence_00040,1,train
syn_silence_00041,1,train
syn_silence_00042,1,train
syn_silence_00043,1,train
syn_silence_00044,1,train
syn_silence_00045,1,train
syn_silence_00046,1,train
syn_silence_00047,1,test
syn_silence_00048,1,train
syn_silence_00049,1,train
syn_silence_00050,1,train
syn_silence_00051,1,train
syn_silence_00052,1,train
syn_silence_00053,1,train
syn_silence_00054,1,train
syn_silence_00055,1,train
syn_silence_00056,1,train
syn_silence_00057,1,test
syn_silence_00058,1,train
syn_silence_00059,1,train
syn_silence_00060,1,train
syn_silence_00061,1,train
syn_silence_00062,1,train
syn_silence_00063,1,test
syn_silence_00064,1,train
syn_silence_00065,1,train
syn_silence_00066,1,train
syn_silence_00067,1,train
syn_silence_00068,1,train
syn_silence_00069,1,train
syn_silence_00070,1,train
syn_silence_00071,1,test
syn_silence_00072,1,train
syn_silence_00073,1,train
syn_silence_00074,1,train
syn_silence_00075,1,train
syn_silence_00076,1,train
syn_silence_00077,1,train
syn_silence_00078,1,train
syn_silence_00079,1,train
syn_silence_00080,1,train
syn_silence_00081,1,train
syn_silence_00082,1,train
syn_silence_00083,1,train
syn_silence_00084,1,validation
syn_silence_00085,1,validation
syn_silence_00086,1,train
syn_silence_00087,1,train
syn_silence_00088,1,train
syn_silence_00089,1,train
syn_silence_00090,1,train
syn_silence_00091,1,train
syn_silence_00092,1,train
syn_silence_00093,1,train
syn_silence_00094,1,test
syn_silence_00095,1,train
syn_silence_00096,1,train
syn_silence_00097,1,train
syn_silence_00098,1,train
syn_silence_00099,1,train
syn_silence_00100,1,test
syn_silence_00101,1,train
syn_silence_00102,1,train
syn_silence_00103,1,train
syn_silence_00104,1,train
syn_silence_00105,1,train
syn_silence_00106,1,train
syn_silence_00107,1,validation
syn_silence_00108,1,train
syn_silence_00109,1,train
syn_silence_00110,1,train
syn_silence_00111,1,test
syn_silence_00112,1,train
syn_silence_00113,1,train
syn_silence_00114,1,test
syn_silence_00115,1,train
syn_silence_00116,1,train
syn_silence_00117,1,validation
syn_silence_00118,1,train
syn_silence_00119,1,train
syn_silence_00120,1,train
syn_silence_00121,1,train
syn_silence_00122,1,train
syn_silence_00123,1,train
syn_silence_00124,1,train
syn_silence_00125,1,train
syn_silence_00126,1,train
syn_silence_00127,1,train
syn_silence_00128,1,validation
syn_silence_00129,1,train
syn_silence_00130,1,train
syn_silence_00131,1,train
syn_silence_00132,1,test
syn_silence_00133,1,train
syn_silence_00134,1,train
syn_silence_00135,1,train
syn_silence_00136,1,train
syn_silence_00137,1,validation
syn_silence_00138,1,train
syn_silence_00139,1,validation
syn_silence_00140,1,train
syn_silence_00141,1,train
syn_silence_00142,1,validation
syn_silence_00143,1,train
syn_silence_00144,1,train
syn_silence_00145,1,test
syn_silence_00146,1,train
syn_silence_00147,1,train
syn_silence_00148,1,validation
syn_silence_00149,1,train
syn_silence_00150,1,train
syn_silence_00151,1,train
syn_silence_00152,1,train
syn_silence_00153,1,train
syn_silence_00154,1,train
syn_silence_00155,1,train
syn_silence_00156,1,test
syn_silence_00157,1,train
syn_silence_00158,1,train
syn_silence_00159,1,train
syn_silence_00160,1,train
syn_silence_00161,1,train
syn_silence_00162,1,train
syn_silence_00163,1,validation
syn_silence_00164,1,train
syn_silence_00165,1,train
syn_silence_00166,1,train
syn_silence_00167,1,test
syn_silence_00168,1,train
syn_silence_00169,1,train
syn_silence_00170,1,train
syn_silence_00171,1,test
syn_silence_00172,1,train
syn_silence_00173,1,train
syn_silence_00174,1,train
syn_silence_00175,1,train
syn_silence_00176,1,train
syn_silence_00177,1,train
syn_silence_00178,1,train
syn_silence_00179,1,train
syn_silence_00180,1,train
syn_silence_00181,1,test
syn_silence_00182,1,train
syn_silence_00183,1,validation
syn_silence_00184,1,train
syn_silence_00185,1,validation
syn_silence_00186,1,test
syn_silence_00187,1,train
syn_silence_00188,1,train
syn_silence_00189,1,train
syn_silence_00190,1,train
syn_silence_00191,1,test
syn_silence_00192,1,validation
syn_silence_00193,1,train
syn_silence_00194,1,validation
syn_silence_00195,1,train
syn_silence_00196,1,test
syn_silence_00197,1,train
syn_silence_00198,1,train
syn_silence_00199,1,train
syn_silence_00200,1,validation
syn_silence_00201,1,train
syn_silence_00202,1,train
syn_silence_00203,1,validation
syn_silence_00204,1,train
syn_silence_00205,1,train
syn_silence_00206,1,train
syn_silence_00207,1,test
syn_silence_00208,1,test
syn_silence_00209,1,train
syn_silence_00210,1,train
syn_silence_00211,1,train
syn_silence_00212,1,train
syn_silence_00213,1,train
syn_silence_00214,1,train
syn_silence_00215,1,train
syn_silence_00216,1,train
syn_silence_00217,1,train
syn_silence_00218,1,train
syn_silence_00219,1,train
syn_silence_00220,1,train
syn_silence_00221,1,train
syn_silence_00222,1,test
syn_silence_00223,1,test
syn_silence_00224,1,train
syn_silence_00225,1,train
syn_silence_00226,1,validation
syn_silence_00227,1,train
syn_silence_00228,1,train
syn_silence_00229,1,test
syn_silence_00230,1,train
syn_silence_00231,1,train
syn_silence_00232,1,test
syn_silence_00233,1,train
syn_silence_00234,1,train
syn_silence_00235,1,train
syn_silence_00236,1,train
syn_silence_00237,1,validation
syn_silence_00238,1,test
syn_silence_00239,1,train
syn_silence_00240,1,train
syn_silence_00241,1,train
syn_silence_00242,1,train
syn_silence_00243,1,train
syn_silence_00244,1,train
syn_silence_00245,1,train
syn_silence_00246,1,train
syn_silence_00247,1,train
syn_silence_00248,1,train
syn_silence_00249,1,train
syn_silence_00250,1,validation
syn_silence_00251,1,train
syn_silence_00252,1,train
syn_silence_00253,1,validation
syn_silence_00254,1,train
syn_silence_00255,1,train
syn_silence_00256,1,train
syn_silence_00257,1,train
syn_silence_00258,1,train
syn_silence_00259,1,test
syn_silence_00260,1,train
syn_silence_00261,1,train
syn_silence_00262,1,test
syn_silence_00263,1,train
syn_silence_00264,1,train
syn_silence_00265,1,train
syn_silence_00266,1,test
syn_silence_00267,1,train
syn_silence_00268,1,train
syn_silence_00269,1,train
syn_silence_00270,1,validation
syn_silence_00271,1,validation
syn_silence_00272,1,train
syn_silence_00273,1,train
syn_silence_00274,1,train
syn_silence_00275,1,train
syn_silence_00276,1,train
syn_silence_00277,1,train
syn_silence_00278,1,train
syn_silence_00279,1,train
syn_silence_00280,1,train
syn_silence_00281,1,train
syn_silence_00282,1,validation
syn_silence_00283,1,train
syn_silence_00284,1,train
syn_silence_00285,1,train
syn_silence_00286,1,train
syn_silence_00287,1,train
syn_silence_00288,1,train
syn_silence_00289,1,train
syn_silence_00290,1,train
syn_silence_00291,1,train
syn_silence_00292,1,train
syn_silence_00293,1,test
syn_silence_00294,1,train
syn_silence_00295,1,test
syn_silence_00296,1,train
syn_silence_00297,1,train
syn_silence_00298,1,train
syn_silence_00299,1,train
syn_silence_00300,1,train
syn_silence_00301,1,train
syn_silence_00302,1,validation
syn_silence_00303,1,train
syn_silence_00304,1,validation
syn_silence_00305,1,train
syn_silence_00306,1,train
syn_silence_00307,1,train
syn_silence_00308,1,validation
syn_silence_00309,1,train
syn_silence_00310,1,train
syn_silence_00311,1,train
syn_silence_00312,1,train
syn_silence_00313,1,validation
syn_silence_00314,1,train
syn_silence_00315,1,train
syn_silence_00316,1,train
syn_silence_00317,1,train
syn_silence_00318,1,test
syn_silence_00319,1,train
syn_silence_00320,1,validation
syn_silence_00321,1,train
syn_silence_00322,1,train
syn_silence_00323,1,train
syn_silence_00324,1,test
syn_silence_00325,1,train
syn_silence_00326,1,train
syn_silence_00327,1,train
syn_silence_00328,1,train
syn_silence_00329,1,test
syn_silence_00330,1,test
syn_silence_00331,1,train
syn_silence_00332,1,train
syn_silence_00333,1,test
syn_silence_00334,1,train
syn_silence_00335,1,train
syn_silence_00336,1,validation
syn_silence_00337,1,test
syn_silence_00338,1,train
syn_silence_00339,1,test
syn_silence_00340,1,validation
syn_silence_00341,1,test
syn_silence_00342,1,test
syn_silence_00343,1,train
syn_silence_00344,1,train
syn_silence_00345,1,train
syn_silence_00346,1,train
syn_silence_00347,1,train
syn_silence_00348,1,train
syn_silence_00349,1,train
syn_silence_00350,1,train
syn_silence_00351,1,train
syn_silence_00352,1,validation
syn_silence_00353,1,train
syn_silence_00354,1,train
syn_silence_00355,1,validation
syn_silence_00356,1,train
syn_silence_00357,1,train
syn_silence_00358,1,train
syn_silence_00359,1,train
syn_silence_00360,1,train
syn_silence_00361,1,train
syn_silence_00362,1,train
syn_silence_00363,1,train
syn_silence_00364,1,train
syn_silence_00365,1,validation
syn_silence_00366,1,validation
syn_silence_00367,1,train
syn_silence_00368,1,train
syn_silence_00369,1,validation
syn_silence_00370,1,test
syn_silence_00371,1,train
syn_silence_00372,1,train
syn_silence_00373,1,train
syn_silence_00374,1,train
syn_silence_00375,1,train
syn_silence_00376,1,train
syn_silence_00377,1,train
syn_silence_00378,1,train
syn_silence_00379,1,train
syn_silence_00380,1,train
syn_silence_00381,1,train
syn_silence_00382,1,test
syn_silence_00383,1,train
syn_silence_00384,1,train
syn_silence_00385,1,train
syn_silence_00386,1,train
syn_silence_00387,1,train
syn_silence_00388,1,train
syn_silence_00389,1,train
syn_silence_00390,1,validation
syn_silence_00391,1,train
syn_silence_00392,1,train
syn_silence_00393,1,train
syn_silence_00394,1,train
syn_silence_00395,1,train
syn_silence_00396,1,train
syn_silence_00397,1,train
syn_silence_00398,1,train
syn_silence_00399,1,validation
syn_silence_00400,1,train
syn_silence_00401,1,train
syn_silence_00402,1,test
syn_silence_00403,1,train
syn_silence_00404,1,train
syn_silence_00405,1,train
syn_silence_00406,1,train
syn_silence_00407,1,validation
syn_silence_00408,1,train
syn_silence_00409,1,train
syn_silence_00410,1,test
syn_silence_00411,1,train
syn_silence_00412,1,train
syn_silence_00413,1,train
syn_silence_00414,1,train
syn_silence_00415,1,train
syn_silence_00416,1,validation
syn_silence_00417,1,train
syn_silence_00418,1,train
syn_silence_00419,1,train
syn_silence_00420,1,train
syn_silence_00421,1,train
syn_silence_00422,1,test
syn_silence_00423,1,train
syn_silence_00424,1,test
syn_silence_00425,1,validation
syn_silence_00426,1,train
syn_silence_00427,1,train
syn_silence_00428,1,validation
syn_silence_00429,1,train
syn_silence_00430,1,train
syn_silence_00431,1,train
syn_silence_00432,1,test
syn_silence_00433,1,train
syn_silence_00434,1,train
syn_silence_00435,1,train
syn_silence_00436,1,train
syn_silence_00437,1,train
syn_silence_00438,1,train
syn_silence_00439,1,validation
syn_silence_00440,1,train
syn_silence_00441,1,train
syn_silence_00442,1,validation
syn_silence_00443,1,train
syn_silence_00444,1,train
syn_silence_00445,1,train
syn_silence_00446,1,train
syn_silence_00447,1,train
syn_silence_00448,1,train
syn_silence_00449,1,train
syn_silence_00450,1,train
syn_silence_00451,1,train
syn_silence_00452,1,train
syn_silence_00453,1,train
syn_silence_00454,1,train
syn_silence_00455,1,train
syn_silence_00456,1,test
syn_silence_00457,1,train
syn_silence_00458,1,validation
syn_silence_00459,1,train
syn_silence_00460,1,train
syn_silence_00461,1,train
syn_silence_00462,1,train
syn_silence_00463,1,test
syn_silence_00464,1,train
syn_silence_00465,1,train
syn_silence_00466,1,train
syn_silence_00467,1,train
syn_silence_00468,1,train
syn_silence_00469,1,test
syn_silence_00470,1,train
syn_silence_00471,1,train
syn_silence_00472,1,train
syn_silence_00473,1,train
syn_silence_00474,1,train
syn_silence_00475,1,train
syn_silence_00476,1,train
syn_silence_00477,1,train
syn_silence_00478,1,train
syn_silence_00479,1,train
syn_silence_00480,1,train
syn_silence_00481,1,train
syn_silence_00482,1,train
syn_silence_00483,1,train
syn_silence_00484,1,train
syn_silence_00485,1,validation
syn_silence_00486,1,train
syn_silence_00487,1,train
syn_silence_00488,1,train
syn_silence_00489,1,train
syn_silence_00490,1,test
syn_silence_00491,1,train
syn_silence_00492,1,train
syn_silence_00493,1,train
syn_silence_00494,1,validation
syn_silence_00495,1,validation
syn_silence_00496,1,train
syn_silence_00497,1,train
syn_silence_00498,1,test
syn_silence_00499,1,validation
syn_silence_00500,1,test
syn_silence_00501,1,train
syn_silence_00502,1,train
syn_silence_00503,1,train
syn_silence_00504,1,test
syn_silence_00505,1,train
syn_silence_00506,1,train
syn_silence_00507,1,train
syn_silence_00508,1,train
syn_silence_00509,1,train
syn_silence_00510,1,train
syn_silence_00511,1,train
syn_silence_00512,1,test
syn_silence_00513,1,train
syn_silence_00514,1,train
syn_silence_00515,1,train
syn_silence_00516,1,train
syn_silence_00517,1,train
syn_silence_00518,1,train
syn_silence_00519,1,train
syn_silence_00520,1,train
syn_silence_00521,1,train
syn_silence_00522,1,train
syn_silence_00523,1,train
syn_silence_00524,1,test
syn_silence_00525,1,train
syn_silence_00526,1,train
syn_silence_00527,1,train
syn_silence_00528,1,train
syn_silence_00529,1,train
syn_silence_00530,1,validation
syn_silence_00531,1,train
syn_silence_00532,1,validation
syn_silence_00533,1,train
syn_silence_00534,1,train
syn_silence_00535,1,validation
syn_silence_00536,1,train
syn_silence_00537,1,train
syn_silence_00538,1,train
syn_silence_00539,1,train
syn_silence_00540,1,train
syn_silence_00541,1,train
syn_silence_00542,1,train
syn_silence_00543,1,validation
syn_silence_00544,1,train
syn_silence_00545,1,train
syn_silence_00546,1,train
syn_silence_00547,1,train
syn_silence_00548,1,train
syn_silence_00549,1,train
syn_silence_00550,1,train
syn_silence_00551,1,train
syn_silence_00552,1,train
syn_silence_00553,1,train
syn_silence_00554,1,validation
syn_silence_00555,1,train
syn_silence_00556,1,validation
syn_silence_00557,1,train
syn_silence_00558,1,train
syn_silence_00559,1,train
syn_silence_00560,1,train
syn_silence_00561,1,train
syn_silence_00562,1,train
syn_silence_00563,1,train
syn_silence_00564,1,validation
syn_silence_00565,1,validation
syn_silence_00566,1,validation
syn_silence_00567,1,train
syn_silence_00568,1,train
syn_silence_00569,1,validation
syn_silence_00570,1,train
syn_silence_00571,1,train
syn_silence_00572,1,train
syn_silence_00573,1,train
syn_silence_00574,1,train
syn_silence_00575,1,train
syn_silence_00576,1,train
syn_silence_00577,1,train
syn_silence_00578,1,train
syn_silence_00579,1,train
syn_silence_00580,1,train
syn_silence_00581,1,train
syn_silence_00582,1,train
syn_silence_00583,1,train
syn_silence_00584,1,train
syn_silence_00585,1,train
syn_silence_00586,1,train
syn_silence_00587,1,train
syn_silence_00588,1,train
syn_silence_00589,1,train
syn_silence_00590,1,train
syn_silence_00591,1,train
syn_silence_00592,1,train
syn_silence_00593,1,train
syn_silence_00594,1,validation
syn_silence_00595,1,validation
syn_silence_00596,1,train
syn_silence_00597,1,train
syn_silence_00598,1,train
syn_silence_00599,1,train
syn_silence_00600,1,train
syn_silence_00601,1,train
syn_silence_00602,1,train
syn_silence_00603,1,train
syn_silence_00604,1,train
syn_silence_00605,1,train
syn_silence_00606,1,train
syn_silence_00607,1,train
syn_silence_00608,1,train
syn_silence_00609,1,train
syn_silence_00610,1,validation
syn_silence_00611,1,train
syn_silence_00612,1,train
syn_silence_00613,1,test
syn_silence_00614,1,train
syn_silence_00615,1,train
syn_silence_00616,1,validation
syn_silence_00617,1,train
syn_silence_00618,1,train
syn_silence_00619,1,train
syn_silence_00620,1,train
syn_silence_00621,1,train
syn_silence_00622,1,train
syn_silence_00623,1,train
syn_silence_00624,1,train
syn_silence_00625,1,train
syn_silence_00626,1,train
syn_silence_00627,1,train
syn_silence_00628,1,train
syn_silence_00629,1,train
syn_silence_00630,1,train
syn_silence_00631,1,train
syn_silence_00632,1,train
syn_silence_00633,1,train
syn_silence_00634,1,train
syn_silence_00635,1,train
syn_silence_00636,1,validation
syn_silence_00637,1,train
syn_silence_00638,1,train
syn_silence_00639,1,test
syn_silence_00640,1,train
syn_silence_00641,1,train
syn_silence_00642,1,train
syn_silence_00643,1,train
syn_silence_00644,1,test
syn_silence_00645,1,train
syn_silence_00646,1,train
syn_silence_00647,1,test
syn_silence_00648,1,validation
syn_silence_00649,1,validation
syn_silence_00650,1,test
syn_silence_00651,1,train
syn_silence_00652,1,train
syn_silence_00653,1,train
syn_silence_00654,1,train
syn_silence_00655,1,train
syn_silence_00656,1,test
syn_silence_00657,1,train
syn_silence_00658,1,train
syn_silence_00659,1,train
syn_silence_00660,1,train
syn_silence_00661,1,train
syn_silence_00662,1,train
syn_silence_00663,1,train
syn_silence_00664,1,train
syn_silence_00665,1,train
syn_silence_00666,1,test
syn_silence_00667,1,train
syn_silence_00668,1,train
syn_silence_00669,1,train
syn_silence_00670,1,train
syn_silence_00671,1,test
syn_silence_00672,1,train
syn_silence_00673,1,train
syn_silence_00674,1,test
syn_silence_00675,1,train
syn_silence_00676,1,test
syn_silence_00677,1,train
syn_silence_00678,1,test
syn_silence_00679,1,train
syn_silence_00680,1,train
syn_silence_00681,1,test
syn_silence_00682,1,train
syn_silence_00683,1,train
syn_silence_00684,1,train
syn_silence_00685,1,train
syn_silence_00686,1,train
syn_silence_00687,1,test
syn_silence_00688,1,validation
syn_silence_00689,1,train
syn_silence_00690,1,train
syn_silence_00691,1,validation
syn_silence_00692,1,train
syn_silence_00693,1,train
syn_silence_00694,1,train
syn_silence_00695,1,train
syn_silence_00696,1,train
syn_silence_00697,1,test
syn_silence_00698,1,train
syn_silence_00699,1,test
syn_silence_00700,1,train
syn_silence_00701,1,train
syn_silence_00702,1,test
syn_silence_00703,1,train
syn_silence_00704,1,train
syn_silence_00705,1,train
syn_silence_00706,1,train
syn_silence_00707,1,train
syn_silence_00708,1,train
syn_silence_00709,1,train
syn_silence_00710,1,validation
syn_silence_00711,1,test
syn_silence_00712,1,train
syn_silence_00713,1,train
syn_silence_00714,1,train
syn_silence_00715,1,train
syn_silence_00716,1,test
syn_silence_00717,1,train
syn_silence_00718,1,train
syn_silence_00719,1,train
syn_silence_00720,1,train
syn_silence_00721,1,train
syn_silence_00722,1,train
syn_silence_00723,1,train
syn_silence_00724,1,train
syn_silence_00725,1,train
syn_silence_00726,1,train
syn_silence_00727,1,train
syn_silence_00728,1,train
syn_silence_00729,1,train
syn_silence_00730,1,train
syn_silence_00731,1,train
syn_silence_00732,1,train
syn_silence_00733,1,train
syn_silence_00734,1,train
syn_silence_00735,1,validation
syn_silence_00736,1,train
syn_silence_00737,1,train
syn_silence_00738,1,train
syn_silence_00739,1,train
syn_silence_00740,1,train
syn_silence_00741,1,train
syn_silence_00742,1,train
syn_silence_00743,1,test
syn_silence_00744,1,train
syn_silence_00745,1,validation
syn_silence_00746,1,train
syn_silence_00747,1,train
syn_silence_00748,1,test
syn_silence_00749,1,train
syn_silence_00750,1,test
syn_silence_00751,1,train
syn_silence_00752,1,train
syn_silence_00753,1,train
syn_silence_00754,1,train
syn_silence_00755,1,train
syn_silence_00756,1,train
syn_silence_00757,1,train
syn_silence_00758,1,test
syn_silence_00759,1,train
syn_silence_00760,1,train
syn_silence_00761,1,train
syn_silence_00762,1,train
syn_silence_00763,1,test
syn_silence_00764,1,train
syn_silence_00765,1,train
syn_silence_00766,1,train
syn_silence_00767,1,test
syn_silence_00768,1,train
syn_silence_00769,1,train
syn_silence_00770,1,train
syn_silence_00771,1,train
syn_silence_00772,1,test
syn_silence_00773,1,train
syn_silence_00774,1,train
syn_silence_00775,1,train
syn_silence_00776,1,train
syn_silence_00777,1,train
syn_silence_00778,1,train
syn_silence_00779,1,train
syn_silence_00780,1,validation
syn_silence_00781,1,train
syn_silence_00782,1,train
syn_silence_00783,1,train
syn_silence_00784,1,test
syn_silence_00785,1,train
syn_silence_00786,1,train
syn_silence_00787,1,train
syn_silence_00788,1,train
syn_silence_00789,1,train
syn_silence_00790,1,train
syn_silence_00791,1,train
syn_silence_00792,1,train
syn_silence_00793,1,train
syn_silence_00794,1,train
syn_silence_00795,1,train
syn_silence_00796,1,train
syn_silence_00797,1,test
syn_silence_00798,1,train
syn_silence_00799,1,train
syn_silence_00800,1,train
syn_silence_00801,1,train
syn_silence_00802,1,train
syn_silence_00803,1,train
syn_silence_00804,1,train
syn_silence_00805,1,train
syn_silence_00806,1,train
syn_silence_00807,1,train
syn_silence_00808,1,train
syn_silence_00809,1,train
syn_silence_00810,1,train
syn_silence_00811,1,train
syn_silence_00812,1,train
syn_silence_00813,1,train
syn_silence_00814,1,train
syn_silence_00815,1,train
syn_silence_00816,1,train
syn_silence_00817,1,train
syn_silence_00818,1,train
syn_silence_00819,1,train
syn_silence_00820,1,train
syn_silence_00821,1,train
syn_silence_00822,1,train
syn_silence_00823,1,train
syn_silence_00824,1,train
syn_silence_00825,1,train
syn_silence_00826,1,train
syn_silence_00827,1,train
syn_silence_00828,1,validation
syn_silence_00829,1,train
syn_silence_00830,1,test
syn_silence_00831,1,train
syn_silence_00832,1,train
syn_silence_00833,1,train
syn_silence_00834,1,train
syn_silence_00835,1,train
syn_silence_00836,1,train
syn_silence_00837,1,validation
syn_silence_00838,1,validation
syn_silence_00839,1,train
syn_silence_00840,1,test
syn_silence_00841,1,train
syn_silence_00842,1,train
syn_silence_00843,1,train
syn_silence_00844,1,train
syn_silence_00845,1,train
syn_silence_00846,1,test
syn_silence_00847,1,train
syn_silence_00848,1,train
syn_silence_00849,1,test
syn_silence_00850,1,train
syn_silence_00851,1,validation
syn_silence_00852,1,validation
syn_silence_00853,1,train
syn_silence_00854,1,train
syn_silence_00855,1,train
syn_silence_00856,1,train
syn_silence_00857,1,train
syn_silence_00858,1,train
syn_silence_00859,1,train
syn_silence_00860,1,validation
syn_silence_00861,1,test
syn_silence_00862,1,train
syn_silence_00863,1,train
syn_silence_00864,1,test
syn_silence_00865,1,validation
syn_silence_00866,1,test
syn_silence_00867,1,train
syn_silence_00868,1,train
syn_silence_00869,1,train
syn_silence_00870,1,train
syn_silence_00871,1,test
syn_silence_00872,1,train
syn_silence_00873,1,train
syn_silence_00874,1,train
syn_silence_00875,1,train
syn_silence_00876,1,train
syn_silence_00877,1,train
syn_silence_00878,1,test
syn_silence_00879,1,train
syn_silence_00880,1,train
syn_silence_00881,1,train
syn_silence_00882,1,train
syn_silence_00883,1,train
syn_silence_00884,1,validation
syn_silence_00885,1,train
syn_silence_00886,1,validation
syn_silence_00887,1,train
syn_silence_00888,1,test
syn_silence_00889,1,validation
syn_silence_00890,1,validation
syn_silence_00891,1,train
syn_silence_00892,1,train
syn_silence_00893,1,train
syn_silence_00894,1,train
syn_silence_00895,1,train
syn_silence_00896,1,train
syn_silence_00897,1,train
syn_silence_00898,1,train
syn_silence_00899,1,train
syn_silence_00900,1,train
syn_silence_00901,1,train
syn_silence_00902,1,validation
syn_silence_00903,1,train
syn_silence_00904,1,train
syn_silence_00905,1,validation
syn_silence_00906,1,train
syn_silence_00907,1,validation
syn_silence_00908,1,validation
syn_silence_00909,1,train
syn_silence_00910,1,train
syn_silence_00911,1,train
syn_silence_00912,1,train
syn_silence_00913,1,validation
syn_silence_00914,1,train
syn_silence_00915,1,train
syn_silence_00916,1,train
syn_silence_00917,1,train
syn_silence_00918,1,train
syn_silence_00919,1,train
syn_silence_00920,1,validation
syn_silence_00921,1,validation
syn_silence_00922,1,train
syn_silence_00923,1,train
syn_silence_00924,1,test
syn_silence_00925,1,train
syn_silence_00926,1,train
syn_silence_00927,1,train
syn_silence_00928,1,validation
syn_silence_00929,1,train
syn_silence_00930,1,train
syn_silence_00931,1,train
syn_silence_00932,1,train
syn_silence_00933,1,train
syn_silence_00934,1,validation
syn_silence_00935,1,train
syn_silence_00936,1,train
syn_silence_00937,1,train
syn_silence_00938,1,train
syn_silence_00939,1,train
syn_silence_00940,1,train
syn_silence_00941,1,train
syn_silence_00942,1,test
syn_silence_00943,1,train
syn_silence_00944,1,train
syn_silence_00945,1,train
syn_silence_00946,1,train
syn_silence_00947,1,train
syn_silence_00948,1,train
syn_silence_00949,1,train
syn_silence_00950,1,validation
syn_silence_00951,1,train
syn_silence_00952,1,test
syn_silence_00953,1,train
syn_silence_00954,1,train
syn_silence_00955,1,train
syn_silence_00956,1,train
syn_silence_00957,1,validation
syn_silence_00958,1,train
syn_silence_00959,1,train
syn_silence_00960,1,train
syn_silence_00961,1,train
syn_silence_00962,1,train
syn_silence_00963,1,train
syn_silence_00964,1,train
syn_silence_00965,1,train
syn_silence_00966,1,train
syn_silence_00967,1,train
syn_silence_00968,1,train
syn_silence_00969,1,train
syn_silence_00970,1,train
syn_silence_00971,1,train
syn_silence_00972,1,train
syn_silence_00973,1,test
syn_silence_00974,1,train
syn_silence_00975,1,train
syn_silence_00976,1,train
syn_silence_00977,1,validation
syn_silence_00978,1,train
syn_silence_00979,1,train
syn_silence_00980,1,train
syn_silence_00981,1,train
syn_silence_00982,1,train
syn_silence_00983,1,train
syn_silence_00984,1,train
syn_silence_00985,1,train
syn_silence_00986,1,train
syn_silence_00987,1,train
syn_silence_00988,1,validation
syn_silence_00989,1,train
syn_silence_00990,1,train
syn_silence_00991,1,train
syn_silence_00992,1,train
syn_silence_00993,1,train
syn_silence_00994,1,train
syn_silence_00995,1,train
syn_silence_00996,1,train
syn_silence_00997,1,validation
syn_silence_00998,1,test
syn_silence_00999,1,train
