file,label,expected,phrasing,session,note,end_reason,bcresnet6_argmax,bcresnet6_argmax_outcome,bcresnet6_cautious,bcresnet6_cautious_outcome,bcresnet6_balanced,bcresnet6_balanced_outcome,bcresnet6_prob,bcresnet6_ms,bcresnet6_ownernoise_argmax,bcresnet6_ownernoise_argmax_outcome,bcresnet6_ownernoise_cautious,bcresnet6_ownernoise_cautious_outcome,bcresnet6_ownernoise_balanced,bcresnet6_ownernoise_balanced_outcome,bcresnet6_ownernoise_prob,bcresnet6_ownernoise_ms,wording
louder/louder_20261001-124018-166.wav,louder,volume_up,Louder,20261001-123944,"living room, quiet",end_of_speech,volume_up,correct,volume_up,correct,volume_up,correct,0.9748,37.6,volume_up,correct,volume_up,correct,volume_up,correct,0.9474,38.1,original
play/play_20261001-124026-584.wav,play,play,Play,20261001-123944,"living room, quiet",end_of_speech,play,correct,play,correct,play,correct,0.984,29.9,play,correct,play,correct,play,correct,0.9816,27.8,original
unknown_other/unknown_other_20261001-124039-859.wav,unknown_other,unknown,(say something that is NOT a command),20261001-123944,"living room, quiet",end_of_speech,unknown,correct,unknown,correct,unknown,correct,0.9252,21.4,unknown,correct,unknown,correct,unknown,correct,0.6163,20.0,original
remind_trash/remind_trash_20261001-124049-808.wav,remind_trash,remind_trash,Remind me to take out the trash,20261001-123944,"living room, quiet",end_of_speech,remind_trash,correct,remind_trash,correct,remind_trash,correct,0.9962,18.6,remind_trash,correct,remind_trash,correct,remind_trash,correct,0.9873,18.4,original
dim_lights_50/dim_lights_50_20261001-124101-675.wav,dim_lights_50,dim_lights_50,Dim lights to 50%,20261001-123944,"living room, quiet",end_of_speech,dim_lights_50,correct,dim_lights_50,correct,dim_lights_50,correct,0.9638,20.5,dim_lights_50,correct,dim_lights_50,correct,dim_lights_50,correct,0.9769,19.6,original
next/next_20261001-124106-732.wav,next,next,Next,20261001-123944,"living room, quiet",end_of_speech,next,correct,next,correct,next,correct,0.9883,20.0,next,correct,next,correct,next,correct,0.9961,20.3,original
play_music/play_music_20261001-124111-107.wav,play_music,play_music,Play music,20261001-123944,"living room, quiet",end_of_speech,play_music,correct,play_music,correct,play_music,correct,0.9594,20.4,play_music,correct,play_music,correct,play_music,correct,0.9743,21.3,original
set_alarm_6am/set_alarm_6am_20261001-124117-394.wav,set_alarm_6am,set_alarm_6am,Set an alarm at 6 AM,20261001-123944,"living room, quiet",end_of_speech,set_alarm_6am,correct,set_alarm_6am,correct,set_alarm_6am,correct,0.9806,21.2,set_alarm_6am,correct,set_alarm_6am,correct,set_alarm_6am,correct,0.9904,18.8,original
set_timer_10/set_timer_10_20261001-124123-072.wav,set_timer_10,set_timer_10,Set a timer for 10 minutes,20261001-123944,"living room, quiet",end_of_speech,set_timer_10,correct,set_timer_10,correct,set_timer_10,correct,0.9831,23.6,set_timer_10,correct,set_timer_10,correct,set_timer_10,correct,0.9823,24.1,original
party/party_20261001-124127-825.wav,party,party,Party party,20261001-123944,"living room, quiet",end_of_speech,party,correct,party,correct,party,correct,0.9914,21.0,party,correct,party,correct,party,correct,0.9886,19.4,original
set_temperature_18/set_temperature_18_20261001-124134-528.wav,set_temperature_18,set_temperature_18,Set temperature to 18 degrees,20261001-123944,"living room, quiet",end_of_speech,set_temperature_18,correct,set_temperature_18,correct,set_temperature_18,correct,0.9244,19.6,set_temperature_18,correct,unknown,asks again,set_temperature_18,correct,0.9286,19.4,original
volume_down/volume_down_20261001-124139-703.wav,volume_down,volume_down,Volume down,20261001-123944,"living room, quiet",end_of_speech,volume_down,correct,volume_down,correct,volume_down,correct,0.9714,25.1,volume_down,correct,volume_down,correct,volume_down,correct,0.9725,20.5,original
pause/pause_20261001-124143-543.wav,pause,pause,Pause,20261001-123944,"living room, quiet",end_of_speech,pause,correct,pause,correct,pause,correct,0.9937,20.7,pause,correct,pause,correct,pause,correct,0.9859,18.8,original
set_temperature_22/set_temperature_22_20261001-124149-225.wav,set_temperature_22,set_temperature_22,Set temperature to 22 degrees,20261001-123944,"living room, quiet",end_of_speech,set_temperature_22,correct,set_temperature_22,correct,set_temperature_22,correct,0.9806,17.7,set_temperature_22,correct,set_temperature_22,correct,set_temperature_22,correct,0.9875,16.5,original
lights_off/lights_off_20261001-124153-899.wav,lights_off,lights_off,Turn off lights,20261001-123944,"living room, quiet",end_of_speech,lights_off,correct,lights_off,correct,lights_off,correct,0.9756,17.5,lights_off,correct,lights_off,correct,lights_off,correct,0.9827,16.6,original
call_jane/call_jane_20261001-124158-249.wav,call_jane,call_jane,Call Jane,20261001-123944,"living room, quiet",end_of_speech,call_jane,correct,call_jane,correct,call_jane,correct,0.9763,17.6,call_jane,correct,call_jane,correct,call_jane,correct,0.9657,19.2,original
text_jane/text_jane_20261001-124202-825.wav,text_jane,text_jane,Text Jane,20261001-123944,"living room, quiet",end_of_speech,text_jane,correct,text_jane,correct,text_jane,correct,0.9781,19.8,text_jane,correct,text_jane,correct,text_jane,correct,0.9732,20.3,original
set_timer_1/set_timer_1_20261001-124208-299.wav,set_timer_1,set_timer_1,Set a timer for 1 minute,20261001-123944,"living room, quiet",end_of_speech,set_timer_1,correct,set_timer_1,correct,set_timer_1,correct,0.9902,18.0,set_timer_1,correct,set_timer_1,correct,set_timer_1,correct,0.9933,17.4,original
lights_on/lights_on_20261001-124213-575.wav,lights_on,lights_on,Turn on lights,20261001-123944,"living room, quiet",end_of_speech,lights_on,correct,lights_on,correct,lights_on,correct,0.923,18.1,lights_on,correct,unknown,asks again,lights_on,correct,0.921,18.5,original
list_reminders/list_reminders_20261001-124218-635.wav,list_reminders,list_reminders,What are my reminders?,20261001-123944,"living room, quiet",end_of_speech,list_reminders,correct,list_reminders,correct,list_reminders,correct,0.9592,18.5,list_reminders,correct,list_reminders,correct,list_reminders,correct,0.9886,17.4,original
set_alarm_7am/set_alarm_7am_20261001-124224-224.wav,set_alarm_7am,set_alarm_7am,Set an alarm at 7 AM,20261001-123944,"living room, quiet",end_of_speech,set_alarm_7am,correct,set_alarm_7am,correct,set_alarm_7am,correct,0.9549,17.1,set_alarm_7am,correct,set_alarm_7am,correct,set_alarm_7am,correct,0.9623,16.8,original
time/time_20261001-124230-005.wav,time,time,What time is it?,20261001-123944,"living room, quiet",end_of_speech,time,correct,time,correct,time,correct,0.9654,17.3,time,correct,time,correct,time,correct,0.9893,17.1,original
unknown_silent/unknown_silent_20261001-124235-583.wav,unknown_silent,unknown,(say nothing after Hey Delta),20261001-123944,"living room, quiet",no_speech_detected,unknown,correct,unknown,correct,unknown,correct,0.973,17.8,unknown,correct,unknown,correct,unknown,correct,0.9592,17.4,original
weather/weather_20261001-124241-669.wav,weather,weather,What's the weather?,20261001-123944,"living room, quiet",end_of_speech,weather,correct,weather,correct,weather,correct,0.9773,17.8,weather,correct,weather,correct,weather,correct,0.9647,17.5,original
skip/skip_20261001-124246-843.wav,skip,next,Skip,20261001-123944,"living room, quiet",no_speech_detected,next,correct,next,correct,next,correct,0.9618,17.6,next,correct,next,correct,next,correct,0.9669,17.2,original
dim_lights_80/dim_lights_80_20261001-124253-430.wav,dim_lights_80,dim_lights_80,Dim lights to 80%,20261001-123944,"living room, quiet",end_of_speech,dim_lights_80,correct,dim_lights_80,correct,dim_lights_80,correct,0.9771,17.3,dim_lights_80,correct,dim_lights_80,correct,dim_lights_80,correct,0.9864,16.9,original
set_temperature_26/set_temperature_26_20261001-124259-721.wav,set_temperature_26,set_temperature_26,Set temperature to 26 degrees,20261001-123944,"living room, quiet",end_of_speech,set_temperature_26,correct,set_temperature_26,correct,set_temperature_26,correct,0.9722,18.1,set_temperature_26,correct,set_temperature_26,correct,set_temperature_26,correct,0.9785,17.4,original
set_alarm_9pm/set_alarm_9pm_20261001-124305-298.wav,set_alarm_9pm,set_alarm_9pm,Set an alarm at 9 PM,20261001-123944,"living room, quiet",end_of_speech,set_alarm_9pm,correct,set_alarm_9pm,correct,set_alarm_9pm,correct,0.9836,17.9,set_alarm_9pm,correct,set_alarm_9pm,correct,set_alarm_9pm,correct,0.9789,17.1,original
volume_up/volume_up_20261001-124310-053.wav,volume_up,volume_up,Volume up,20261001-123944,"living room, quiet",end_of_speech,volume_up,correct,volume_up,correct,volume_up,correct,0.9599,18.1,volume_up,correct,volume_up,correct,volume_up,correct,0.9529,18.4,original
stop/stop_20261001-124315-032.wav,stop,stop,Stop,20261001-123944,"living room, quiet",no_speech_detected,stop,correct,stop,correct,stop,correct,0.9799,17.8,stop,correct,stop,correct,stop,correct,0.9742,17.4,original
set_timer_5/set_timer_5_20261001-124320-209.wav,set_timer_5,set_timer_5,Set a timer for 5 minutes,20261001-123944,"living room, quiet",end_of_speech,set_timer_5,correct,set_timer_5,correct,set_timer_5,correct,0.9878,17.1,set_timer_5,correct,set_timer_5,correct,set_timer_5,correct,0.9924,16.7,original
dim_lights_20/dim_lights_20_20261001-124325-783.wav,dim_lights_20,dim_lights_20,Dim lights to 20%,20261001-123944,"living room, quiet",end_of_speech,dim_lights_20,correct,dim_lights_20,correct,dim_lights_20,correct,0.9681,20.2,dim_lights_20,correct,dim_lights_20,correct,dim_lights_20,correct,0.9762,22.5,original
remind_study/remind_study_20261001-124331-464.wav,remind_study,remind_study,Remind me to study for my exam,20261001-123944,"living room, quiet",end_of_speech,remind_study,correct,remind_study,correct,remind_study,correct,0.9726,20.2,remind_study,correct,remind_study,correct,remind_study,correct,0.9654,18.3,original
set_temperature_26/set_temperature_26_20261001-124336-419.wav,set_temperature_26,set_temperature_26,Set temperature to 26 degrees,20261001-123944,"living room, quiet",end_of_speech,set_temperature_26,correct,set_temperature_26,correct,set_temperature_26,correct,0.9658,18.0,set_temperature_26,correct,unknown,asks again,set_temperature_26,correct,0.8988,17.1,original
dim_lights_80/dim_lights_80_20261001-124342-009.wav,dim_lights_80,dim_lights_80,Dim lights to 80%,20261001-123944,"living room, quiet",end_of_speech,dim_lights_80,correct,dim_lights_80,correct,dim_lights_80,correct,0.9834,18.3,dim_lights_80,correct,dim_lights_80,correct,dim_lights_80,correct,0.9953,16.8,original
stop/stop_20261001-124346-154.wav,stop,stop,Stop,20261001-123944,"living room, quiet",end_of_speech,stop,correct,stop,correct,stop,correct,0.9909,17.4,stop,correct,stop,correct,stop,correct,0.9834,16.7,original
set_alarm_9pm/set_alarm_9pm_20261001-124352-252.wav,set_alarm_9pm,set_alarm_9pm,Set an alarm at 9 PM,20261001-123944,"living room, quiet",end_of_speech,set_alarm_9pm,correct,set_alarm_9pm,correct,set_alarm_9pm,correct,0.9928,17.0,set_alarm_9pm,correct,set_alarm_9pm,correct,set_alarm_9pm,correct,0.9949,16.5,original
set_temperature_18/set_temperature_18_20261001-124358-134.wav,set_temperature_18,set_temperature_18,Set temperature to 18 degrees,20261001-123944,"living room, quiet",end_of_speech,set_temperature_18,correct,set_temperature_18,correct,set_temperature_18,correct,0.9772,17.2,set_temperature_18,correct,set_temperature_18,correct,set_temperature_18,correct,0.9843,16.6,original
volume_down/volume_down_20261001-125746-749.wav,volume_down,volume_down,Volume down,20261001-125647,"living room, quiet, voice message, me",end_of_speech,volume_down,correct,volume_down,correct,volume_down,correct,0.939,16.9,volume_down,correct,unknown,asks again,volume_down,correct,0.936,16.3,original
remind_study/remind_study_20261001-125821-014.wav,remind_study,remind_study,Remind me to study for my exam,20261001-125647,"living room, quiet, voice message, me",end_of_speech,remind_study,correct,remind_study,correct,remind_study,correct,0.9653,17.3,remind_study,correct,unknown,asks again,remind_study,correct,0.9334,16.3,original
play_music/play_music_20261001-125846-881.wav,play_music,play_music,Play music,20261001-125842,"living room, quiet, talker #2",end_of_speech,play_music,correct,play_music,correct,play_music,correct,0.9624,16.9,play_music,correct,play_music,correct,play_music,correct,0.9801,16.6,original
remind_study/remind_study_20261001-125852-978.wav,remind_study,remind_study,Remind me to study for my exam,20261001-125842,"living room, quiet, talker #2",end_of_speech,remind_study,correct,remind_study,correct,remind_study,correct,0.9806,17.3,remind_study,correct,remind_study,correct,remind_study,correct,0.9661,16.8,original
volume_down/volume_down_20261001-125857-833.wav,volume_down,volume_down,Volume down,20261001-125842,"living room, quiet, talker #2",end_of_speech,volume_down,correct,volume_down,correct,volume_down,correct,0.9617,17.1,volume_down,correct,volume_down,correct,volume_down,correct,0.9702,16.3,original
set_alarm_7am/set_alarm_7am_20261001-125904-137.wav,set_alarm_7am,set_alarm_7am,Set an alarm at 7 AM,20261001-125842,"living room, quiet, talker #2",end_of_speech,set_alarm_7am,correct,set_alarm_7am,correct,set_alarm_7am,correct,0.9868,17.1,set_alarm_7am,correct,set_alarm_7am,correct,set_alarm_7am,correct,0.9756,16.2,original
unknown_other/unknown_other_20261001-125909-510.wav,unknown_other,unknown,(say something that is NOT a command),20261001-125842,"living room, quiet, talker #2",end_of_speech,unknown,correct,unknown,correct,unknown,correct,0.6548,20.7,unknown,correct,unknown,correct,unknown,correct,0.5933,18.7,original
pause/pause_20261001-125913-654.wav,pause,pause,Pause,20261001-125842,"living room, quiet, talker #2",end_of_speech,pause,correct,pause,correct,pause,correct,0.9949,18.3,pause,correct,pause,correct,pause,correct,0.9812,17.0,original
set_timer_10/set_timer_10_20261001-125918-940.wav,set_timer_10,set_timer_10,Set a timer for 10 minutes,20261001-125842,"living room, quiet, talker #2",end_of_speech,set_timer_10,correct,set_timer_10,correct,set_timer_10,correct,0.9584,17.6,set_timer_10,correct,unknown,asks again,set_timer_10,correct,0.9386,17.4,original
list_reminders/list_reminders_20261001-125923-492.wav,list_reminders,list_reminders,What are my reminders?,20261001-125842,"living room, quiet, talker #2",end_of_speech,list_reminders,correct,list_reminders,correct,list_reminders,correct,0.9726,22.9,list_reminders,correct,list_reminders,correct,list_reminders,correct,0.9872,20.7,original
play/play_20261001-125930-806.wav,play,play,Play,20261001-125842,"living room, quiet, talker #2",end_of_speech,play,correct,play,correct,play,correct,0.9446,18.4,play,correct,unknown,asks again,play,correct,0.9292,23.2,original
unknown_silent/unknown_silent_20261001-125939-324.wav,unknown_silent,unknown,(say nothing after Hey Delta),20261001-125842,"living room, quiet, talker #2",no_speech_detected,unknown,correct,unknown,correct,unknown,correct,0.9195,20.8,unknown,correct,unknown,correct,unknown,correct,0.9354,24.6,original
set_temperature_18/set_temperature_18_20261001-130004-375.wav,set_temperature_18,set_temperature_18,Set temperature to 18 degrees,20261001-125842,"living room, quiet, talker #2",end_of_speech,set_temperature_18,correct,set_temperature_18,correct,set_temperature_18,correct,0.985,24.3,set_temperature_18,correct,unknown,asks again,set_temperature_18,correct,0.9278,21.4,original
volume_up/volume_up_20261001-130010-054.wav,volume_up,volume_up,Volume up,20261001-125842,"living room, quiet, talker #2",end_of_speech,volume_up,correct,volume_up,correct,volume_up,correct,0.9529,23.0,volume_up,correct,unknown,asks again,volume_up,correct,0.8081,22.3,original
time/time_20261001-130021-717.wav,time,time,What time is it?,20261001-125842,"living room, quiet, talker #2",end_of_speech,time,correct,time,correct,time,correct,0.9912,19.0,time,correct,time,correct,time,correct,0.9952,17.8,original
lights_off/lights_off_20261001-130027-192.wav,lights_off,lights_off,Turn off lights,20261001-125842,"living room, quiet, talker #2",end_of_speech,lights_off,correct,lights_off,correct,lights_off,correct,0.9795,18.5,lights_off,correct,lights_off,correct,lights_off,correct,0.9923,18.6,original
stop/stop_20261001-130032-668.wav,stop,stop,Stop,20261001-125842,"living room, quiet, talker #2",end_of_speech,stop,correct,stop,correct,stop,correct,0.9815,18.1,stop,correct,stop,correct,stop,correct,0.983,17.0,original
dim_lights_80/dim_lights_80_20261001-130039-974.wav,dim_lights_80,dim_lights_80,Dim lights to 80%,20261001-125842,"living room, quiet, talker #2",end_of_speech,dim_lights_80,correct,dim_lights_80,correct,dim_lights_80,correct,0.9029,18.4,dim_lights_80,correct,unknown,asks again,dim_lights_80,correct,0.6913,37.3,original
dim_lights_20/dim_lights_20_20261001-130046-159.wav,dim_lights_20,dim_lights_20,Dim lights to 20%,20261001-125842,"living room, quiet, talker #2",end_of_speech,dim_lights_20,correct,dim_lights_20,correct,dim_lights_20,correct,0.9938,34.7,dim_lights_20,correct,dim_lights_20,correct,dim_lights_20,correct,0.9771,25.1,original
set_alarm_6am/set_alarm_6am_20261001-130052-550.wav,set_alarm_6am,set_alarm_6am,Set an alarm at 6 AM,20261001-125842,"living room, quiet, talker #2",end_of_speech,set_alarm_6am,correct,unknown,asks again,set_alarm_6am,correct,0.8766,21.9,set_alarm_6am,correct,unknown,asks again,set_alarm_6am,correct,0.7556,19.7,original
set_temperature_26/set_temperature_26_20261001-130059-443.wav,set_temperature_26,set_temperature_26,Set temperature to 26 degrees,20261001-125842,"living room, quiet, talker #2",end_of_speech,set_temperature_26,correct,set_temperature_26,correct,set_temperature_26,correct,0.9498,22.1,set_temperature_26,correct,unknown,asks again,set_temperature_26,correct,0.8419,21.0,original
set_timer_5/set_timer_5_20261001-130105-126.wav,set_timer_5,set_timer_5,Set a timer for 5 minutes,20261001-125842,"living room, quiet, talker #2",end_of_speech,set_timer_5,correct,set_timer_5,correct,set_timer_5,correct,0.929,21.5,set_timer_5,correct,set_timer_5,correct,set_timer_5,correct,0.9829,19.1,original
text_jane/text_jane_20261001-130109-879.wav,text_jane,text_jane,Text Jane,20261001-125842,"living room, quiet, talker #2",end_of_speech,text_jane,correct,text_jane,correct,text_jane,correct,0.9866,21.3,text_jane,correct,text_jane,correct,text_jane,correct,0.9545,21.4,original
set_alarm_9pm/set_alarm_9pm_20261001-130116-081.wav,set_alarm_9pm,set_alarm_9pm,Set an alarm at 9 PM,20261001-125842,"living room, quiet, talker #2",end_of_speech,set_alarm_9pm,correct,set_alarm_9pm,correct,set_alarm_9pm,correct,0.9692,20.8,set_alarm_9pm,correct,unknown,asks again,set_alarm_9pm,correct,0.7879,20.4,original
skip/skip_20261001-130121-454.wav,skip,next,Skip,20261001-125842,"living room, quiet, talker #2",no_speech_detected,next,correct,next,correct,next,correct,0.9612,19.6,next,correct,next,correct,next,correct,0.9867,22.2,original
louder/louder_20261001-130126-005.wav,louder,volume_up,Louder,20261001-125842,"living room, quiet, talker #2",end_of_speech,volume_up,correct,volume_up,correct,volume_up,correct,0.9942,21.9,volume_up,correct,volume_up,correct,volume_up,correct,0.9761,17.8,original
dim_lights_50/dim_lights_50_20261001-130132-612.wav,dim_lights_50,dim_lights_50,Dim lights to 50%,20261001-125842,"living room, quiet, talker #2",end_of_speech,dim_lights_50,correct,unknown,asks again,dim_lights_50,correct,0.4838,21.1,unknown,asks again,unknown,asks again,unknown,asks again,0.6593,17.9,original
party/party_20261001-130137-469.wav,party,party,Party party,20261001-125842,"living room, quiet, talker #2",end_of_speech,party,correct,party,correct,party,correct,0.9878,19.5,party,correct,party,correct,party,correct,0.9921,19.6,original
set_timer_1/set_timer_1_20261001-130143-666.wav,set_timer_1,set_timer_1,Set a timer for 1 minute,20261001-125842,"living room, quiet, talker #2",end_of_speech,set_timer_1,correct,set_timer_1,correct,set_timer_1,correct,0.9909,20.8,set_timer_1,correct,unknown,asks again,set_timer_1,correct,0.8925,17.7,original
weather/weather_20261001-130148-839.wav,weather,weather,What's the weather?,20261001-125842,"living room, quiet, talker #2",end_of_speech,weather,correct,weather,correct,weather,correct,0.9736,19.0,weather,correct,weather,correct,weather,correct,0.9756,16.8,original
lights_on/lights_on_20261001-130154-109.wav,lights_on,lights_on,Turn on lights,20261001-125842,"living room, quiet, talker #2",end_of_speech,lights_on,correct,lights_on,correct,lights_on,correct,0.9544,17.2,lights_on,correct,unknown,asks again,lights_on,correct,0.9304,16.5,original
remind_trash/remind_trash_20261001-130200-802.wav,remind_trash,remind_trash,Remind me to take out the trash,20261001-125842,"living room, quiet, talker #2",end_of_speech,remind_trash,correct,remind_trash,correct,remind_trash,correct,0.9856,17.0,remind_trash,correct,unknown,asks again,remind_trash,correct,0.9295,16.2,original
next/next_20261001-130205-456.wav,next,next,Next,20261001-125842,"living room, quiet, talker #2",end_of_speech,next,correct,next,correct,next,correct,0.9883,16.9,next,correct,next,correct,next,correct,0.9938,16.5,original
call_jane/call_jane_20261001-130210-235.wav,call_jane,call_jane,Call Jane,20261001-125842,"living room, quiet, talker #2",end_of_speech,call_jane,correct,call_jane,correct,call_jane,correct,0.9829,19.2,call_jane,correct,call_jane,correct,call_jane,correct,0.9821,17.2,original
set_temperature_22/set_temperature_22_20261001-130216-726.wav,set_temperature_22,set_temperature_22,Set temperature to 22 degrees,20261001-125842,"living room, quiet, talker #2",end_of_speech,set_temperature_22,correct,set_temperature_22,correct,set_temperature_22,correct,0.9233,17.9,set_temperature_22,correct,unknown,asks again,set_temperature_22,correct,0.7108,16.1,original
dim_lights_20/dim_lights_20_20261001-130222-914.wav,dim_lights_20,dim_lights_20,Dim lights to 20%,20261001-125842,"living room, quiet, talker #2",end_of_speech,dim_lights_20,correct,unknown,asks again,dim_lights_20,correct,0.8489,17.1,dim_lights_20,correct,unknown,asks again,dim_lights_20,correct,0.792,15.6,original
volume_down/volume_down_20261001-130235-387.wav,volume_down,volume_down,Volume down,20261001-125842,"living room, quiet, talker #2",end_of_speech,volume_down,correct,volume_down,correct,volume_down,correct,0.979,18.0,volume_down,correct,unknown,asks again,volume_down,correct,0.9379,16.8,original
set_alarm_6am/set_alarm_6am_20261001-130242-283.wav,set_alarm_6am,set_alarm_6am,Set an alarm at 6 AM,20261001-125842,"living room, quiet, talker #2",end_of_speech,set_alarm_6am,correct,set_alarm_6am,correct,set_alarm_6am,correct,0.9012,17.7,set_alarm_6am,correct,set_alarm_6am,correct,set_alarm_6am,correct,0.9559,16.6,original
set_temperature_22/set_temperature_22_20261001-130249-281.wav,set_temperature_22,set_temperature_22,Set temperature to 22 degrees,20261001-125842,"living room, quiet, talker #2",end_of_speech,set_temperature_22,correct,set_temperature_22,correct,set_temperature_22,correct,0.9732,19.3,set_temperature_22,correct,unknown,asks again,set_temperature_22,correct,0.9029,19.8,original
remind_study/remind_study_20261001-130255-160.wav,remind_study,remind_study,Remind me to study for my exam,20261001-125842,"living room, quiet, talker #2",end_of_speech,remind_study,correct,remind_study,correct,remind_study,correct,0.9935,20.2,remind_study,correct,remind_study,correct,remind_study,correct,0.9893,18.1,original
unknown_silent/unknown_silent_20261001-130300-338.wav,unknown_silent,unknown,(say nothing after Hey Delta),20261001-125842,"living room, quiet, talker #2",no_speech_detected,unknown,correct,unknown,correct,unknown,correct,0.9103,19.7,unknown,correct,unknown,correct,unknown,correct,0.864,17.0,original
set_alarm_7am/set_alarm_7am_20261001-130306-418.wav,set_alarm_7am,set_alarm_7am,Set an alarm at 7 AM,20261001-125842,"living room, quiet, talker #2",end_of_speech,set_alarm_7am,correct,set_alarm_7am,correct,set_alarm_7am,correct,0.9917,19.2,set_alarm_7am,correct,set_alarm_7am,correct,set_alarm_7am,correct,0.9852,15.8,original
unknown_other/unknown_other_20261001-130311-895.wav,unknown_other,unknown,(say something that is NOT a command),20261001-125842,"living room, quiet, talker #2",end_of_speech,unknown,correct,unknown,correct,unknown,correct,0.7474,16.7,unknown,correct,unknown,correct,unknown,correct,0.7048,16.0,original
lights_on/lights_on_20261001-130317-171.wav,lights_on,lights_on,Turn on lights,20261001-125842,"living room, quiet, talker #2",end_of_speech,lights_on,correct,lights_on,correct,lights_on,correct,0.9734,16.9,lights_on,correct,lights_on,correct,lights_on,correct,0.9636,16.6,original
time/time_20261001-130322-025.wav,time,time,What time is it?,20261001-125842,"living room, quiet, talker #2",end_of_speech,time,correct,time,correct,time,correct,0.9897,20.2,time,correct,time,correct,time,correct,0.9911,17.2,original
set_timer_10/set_timer_10_20261001-130328-022.wav,set_timer_10,set_timer_10,Set a timer for 10 minutes,20261001-125842,"living room, quiet, talker #2",end_of_speech,set_timer_10,correct,set_timer_10,correct,set_timer_10,correct,0.9892,17.1,set_timer_10,correct,set_timer_10,correct,set_timer_10,correct,0.9801,16.2,original
call_jane/call_jane_20261001-130332-881.wav,call_jane,call_jane,Call Jane,20261001-125842,"living room, quiet, talker #2",end_of_speech,call_jane,correct,call_jane,correct,call_jane,correct,0.9814,16.9,call_jane,correct,call_jane,correct,call_jane,correct,0.967,16.4,original
set_timer_5/set_timer_5_20261001-130338-674.wav,set_timer_5,set_timer_5,Set a timer for 5 minutes,20261001-125842,"living room, quiet, talker #2",end_of_speech,set_timer_5,correct,set_timer_5,correct,set_timer_5,correct,0.9872,16.9,set_timer_5,correct,set_timer_5,correct,set_timer_5,correct,0.9751,15.9,original
weather/weather_20261001-130343-631.wav,weather,weather,What's the weather?,20261001-125842,"living room, quiet, talker #2",end_of_speech,weather,correct,weather,correct,weather,correct,0.9793,17.2,weather,correct,weather,correct,weather,correct,0.9761,16.3,original
party/party_20261001-130351-248.wav,party,party,Party party,20261001-125842,"living room, quiet, talker #2",end_of_speech,party,correct,party,correct,party,correct,0.9938,16.7,party,correct,party,correct,party,correct,0.9919,16.8,original
call_jane/call_jane_20261001-132042-257.wav,call_jane,call_jane,Call Jane,20261001-131935,"living room, with background talk show, talker #1",max_length,unknown,asks again,unknown,asks again,unknown,asks again,0.9874,17.0,unknown,asks again,unknown,asks again,unknown,asks again,0.7035,15.6,original
stop/stop_20261001-132056-352.wav,stop,stop,Stop,20261001-131935,"living room, with background talk show, talker #1",max_length,stop,correct,unknown,asks again,stop,correct,0.7698,18.6,stop,correct,stop,correct,stop,correct,0.996,16.1,original
party/party_20261001-132110-550.wav,party,party,Party party,20261001-131935,"living room, with background talk show, talker #1",max_length,party,correct,unknown,asks again,party,correct,0.4829,18.3,party,correct,unknown,asks again,unknown,asks again,0.5683,23.6,original
unknown_silent/unknown_silent_20261001-132132-661.wav,unknown_silent,unknown,(say nothing after Hey Delta),20261001-131935,"living room, with background talk show, talker #1",max_length,unknown,correct,unknown,correct,unknown,correct,0.9651,21.4,unknown,correct,unknown,correct,unknown,correct,0.9479,17.0,original
list_reminders/list_reminders_20261001-132142-800.wav,list_reminders,list_reminders,What are my reminders?,20261001-131935,"living room, with background talk show, talker #1",max_length,list_reminders,correct,list_reminders,correct,list_reminders,correct,0.9702,17.7,list_reminders,correct,list_reminders,correct,list_reminders,correct,0.9961,17.5,original
set_alarm_6am/set_alarm_6am_20261001-132152-332.wav,set_alarm_6am,set_alarm_6am,Set an alarm at 6 AM,20261001-131935,"living room, with background talk show, talker #1",max_length,unknown,asks again,unknown,asks again,unknown,asks again,0.6999,17.9,set_alarm_6am,correct,unknown,asks again,unknown,asks again,0.3437,15.7,original
lights_off/lights_off_20261001-132202-067.wav,lights_off,lights_off,Turn off lights,20261001-131935,"living room, with background talk show, talker #1",max_length,unknown,asks again,unknown,asks again,unknown,asks again,0.5761,17.6,lights_off,correct,unknown,asks again,lights_off,correct,0.8242,15.8,original
set_temperature_26/set_temperature_26_20261001-132212-111.wav,set_temperature_26,set_temperature_26,Set temperature to 26 degrees,20261001-131935,"living room, with background talk show, talker #1",max_length,unknown,asks again,unknown,asks again,unknown,asks again,0.2737,18.0,unknown,asks again,unknown,asks again,unknown,asks again,0.3751,16.6,original
volume_down/volume_down_20261001-132223-166.wav,volume_down,volume_down,Volume down,20261001-131935,"living room, with background talk show, talker #1",max_length,volume_down,correct,volume_down,correct,volume_down,correct,0.9519,17.1,volume_down,correct,volume_down,correct,volume_down,correct,0.9462,16.5,original
dim_lights_80/dim_lights_80_20261001-132235-028.wav,dim_lights_80,dim_lights_80,Dim lights to 80%,20261001-131935,"living room, with background talk show, talker #1",end_of_speech,dim_lights_80,correct,dim_lights_80,correct,dim_lights_80,correct,0.9651,17.5,dim_lights_80,correct,dim_lights_80,correct,dim_lights_80,correct,0.9679,16.3,original
pause/pause_20261001-132239-375.wav,pause,pause,Pause,20261001-131935,"living room, with background talk show, talker #1",end_of_speech,pause,correct,pause,correct,pause,correct,0.9768,17.3,pause,correct,pause,correct,pause,correct,0.9694,17.1,original
set_alarm_7am/set_alarm_7am_20261001-132244-863.wav,set_alarm_7am,set_alarm_7am,Set an alarm at 7 AM,20261001-131935,"living room, with background talk show, talker #1",end_of_speech,set_alarm_7am,correct,set_alarm_7am,correct,set_alarm_7am,correct,0.9666,18.6,set_alarm_7am,correct,unknown,asks again,set_alarm_7am,correct,0.9315,19.3,original
set_temperature_18/set_temperature_18_20261001-132253-994.wav,set_temperature_18,set_temperature_18,Set temperature to 18 degrees,20261001-131935,"living room, with background talk show, talker #1",max_length,unknown,asks again,unknown,asks again,unknown,asks again,0.3291,21.8,set_temperature_18,correct,unknown,asks again,unknown,asks again,0.3782,20.1,original
weather/weather_20261001-132303-729.wav,weather,weather,What's the weather?,20261001-131935,"living room, with background talk show, talker #1",max_length,weather,correct,unknown,asks again,weather,correct,0.6124,23.3,weather,correct,unknown,asks again,weather,correct,0.7416,21.3,original
set_timer_10/set_timer_10_20261001-132313-359.wav,set_timer_10,set_timer_10,Set a timer for 10 minutes,20261001-131935,"living room, with background talk show, talker #1",max_length,set_timer_10,correct,unknown,asks again,set_timer_10,correct,0.552,21.1,set_timer_10,correct,set_timer_10,correct,set_timer_10,correct,0.983,20.0,original
dim_lights_50/dim_lights_50_20261001-132320-761.wav,dim_lights_50,dim_lights_50,Dim lights to 50%,20261001-131935,"living room, with background talk show, talker #1",end_of_speech,dim_lights_50,correct,dim_lights_50,correct,dim_lights_50,correct,0.9746,19.9,dim_lights_50,correct,unknown,asks again,dim_lights_50,correct,0.9229,23.8,original
lights_on/lights_on_20261001-132329-891.wav,lights_on,lights_on,Turn on lights,20261001-131935,"living room, with background talk show, talker #1",max_length,unknown,asks again,unknown,asks again,unknown,asks again,0.9192,20.2,unknown,asks again,unknown,asks again,unknown,asks again,0.7681,18.6,original
unknown_other/unknown_other_20261001-132339-523.wav,unknown_other,unknown,(say something that is NOT a command),20261001-131935,"living room, with background talk show, talker #1",max_length,unknown,correct,unknown,correct,unknown,correct,0.8205,20.3,unknown,correct,unknown,correct,unknown,correct,0.38,18.7,original
set_temperature_22/set_temperature_22_20261001-132405-689.wav,set_temperature_22,set_temperature_22,Set temperature to 22 degrees,20261001-131935,"living room, with background talk show, talker #1",end_of_speech,set_temperature_22,correct,unknown,asks again,set_temperature_22,correct,0.4315,24.4,set_temperature_22,correct,unknown,asks again,unknown,asks again,0.2989,21.3,original
set_timer_5/set_timer_5_20261001-132412-078.wav,set_timer_5,set_timer_5,Set a timer for 5 minutes,20261001-131935,"living room, with background talk show, talker #1",end_of_speech,set_timer_5,correct,set_timer_5,correct,set_timer_5,correct,0.9968,20.4,set_timer_5,correct,set_timer_5,correct,set_timer_5,correct,0.9921,21.3,original
skip/skip_20261001-132421-406.wav,skip,next,Skip,20261001-131935,"living room, with background talk show, talker #1",max_length,next,correct,unknown,asks again,next,correct,0.7607,21.0,next,correct,unknown,asks again,next,correct,0.729,17.6,original
remind_trash/remind_trash_20261001-132506-223.wav,remind_trash,remind_trash,Remind me to take out the trash,20261001-131935,"living room, with background talk show, talker #1",end_of_speech,remind_trash,correct,remind_trash,correct,remind_trash,correct,0.995,26.9,remind_trash,correct,remind_trash,correct,remind_trash,correct,0.9723,23.1,original
time/time_20261001-132515-261.wav,time,time,What time is it?,20261001-131935,"living room, with background talk show, talker #1",end_of_speech,time,correct,unknown,asks again,unknown,asks again,0.3377,19.2,time,correct,unknown,asks again,time,correct,0.6294,17.2,original
next/next_20261001-132523-583.wav,next,next,Next,20261001-131935,"living room, with background talk show, talker #1",end_of_speech,unknown,asks again,unknown,asks again,unknown,asks again,0.6023,19.8,unknown,asks again,unknown,asks again,unknown,asks again,0.249,19.0,original
text_jane/text_jane_20261001-132532-201.wav,text_jane,text_jane,Text Jane,20261001-131935,"living room, with background talk show, talker #1",max_length,unknown,asks again,unknown,asks again,unknown,asks again,0.5534,19.5,text_jane,correct,unknown,asks again,text_jane,correct,0.7982,17.3,original
play/play_20261001-132541-432.wav,play,play,Play,20261001-131935,"living room, with background talk show, talker #1",max_length,unknown,asks again,unknown,asks again,unknown,asks again,0.7088,17.8,play,correct,unknown,asks again,play,correct,0.607,16.3,original
louder/louder_20261001-132547-108.wav,louder,volume_up,Louder,20261001-131935,"living room, with background talk show, talker #1",end_of_speech,volume_up,correct,volume_up,correct,volume_up,correct,0.9735,20.1,volume_up,correct,volume_up,correct,volume_up,correct,0.9498,17.3,original
set_timer_1/set_timer_1_20261001-132553-398.wav,set_timer_1,set_timer_1,Set a timer for 1 minute,20261001-131935,"living room, with background talk show, talker #1",end_of_speech,set_timer_1,correct,set_timer_1,correct,set_timer_1,correct,0.934,17.7,set_timer_1,correct,unknown,asks again,set_timer_1,correct,0.9161,17.2,original
remind_study/remind_study_20261001-132602-222.wav,remind_study,remind_study,Remind me to study for my exam,20261001-131935,"living room, with background talk show, talker #1",end_of_speech,remind_study,correct,remind_study,correct,remind_study,correct,0.994,17.9,remind_study,correct,remind_study,correct,remind_study,correct,0.9772,15.9,original
volume_up/volume_up_20261001-132607-594.wav,volume_up,volume_up,Volume up,20261001-131935,"living room, with background talk show, talker #1",end_of_speech,volume_up,correct,volume_up,correct,volume_up,correct,0.9431,17.0,volume_up,correct,unknown,asks again,volume_up,correct,0.8667,16.0,original
set_alarm_9pm/set_alarm_9pm_20261001-132615-509.wav,set_alarm_9pm,set_alarm_9pm,Set an alarm at 9 PM,20261001-131935,"living room, with background talk show, talker #1",end_of_speech,set_alarm_9pm,correct,set_alarm_9pm,correct,set_alarm_9pm,correct,0.9458,17.2,set_alarm_9pm,correct,set_alarm_9pm,correct,set_alarm_9pm,correct,0.9623,16.5,original
dim_lights_20/dim_lights_20_20261001-132625-040.wav,dim_lights_20,dim_lights_20,Dim lights to 20%,20261001-131935,"living room, with background talk show, talker #1",max_length,dim_lights_20,correct,dim_lights_20,correct,dim_lights_20,correct,0.9199,17.0,dim_lights_20,correct,unknown,asks again,dim_lights_20,correct,0.9337,16.0,original
play_music/play_music_20261001-132646-338.wav,play_music,play_music,Play music,20261001-131935,"living room, with background talk show, talker #1",max_length,play_music,correct,play_music,correct,play_music,correct,0.9431,16.9,play_music,correct,play_music,correct,play_music,correct,0.9806,18.3,original
lights_on/lights_on_20261001-132657-494.wav,lights_on,lights_on,Turn on lights,20261001-131935,"living room, with background talk show, talker #1",max_length,lights_on,correct,lights_on,correct,lights_on,correct,0.9802,18.0,lights_on,correct,lights_on,correct,lights_on,correct,0.9521,17.1,original
remind_study/remind_study_20261001-132703-071.wav,remind_study,remind_study,Remind me to study for my exam,20261001-131935,"living room, with background talk show, talker #1",end_of_speech,remind_study,correct,remind_study,correct,remind_study,correct,0.995,23.0,remind_study,correct,remind_study,correct,remind_study,correct,0.9952,20.6,original
stop/stop_20261001-132814-874.wav,stop,stop,Stop playing,20261001-132809,"living room, quiet with aircon, other phrasings",end_of_speech,stop,correct,stop,correct,stop,correct,0.9354,18.2,stop,correct,unknown,asks again,stop,correct,0.9068,17.5,trained now
play_music/play_music_20261001-132819-931.wav,play_music,play_music,Start the music,20261001-132809,"living room, quiet with aircon, other phrasings",end_of_speech,play_music,correct,play_music,correct,play_music,correct,0.9675,19.2,play_music,correct,play_music,correct,play_music,correct,0.9676,20.5,trained now
louder/louder_20261001-132824-811.wav,louder,volume_up,A bit louder,20261001-132809,"living room, quiet with aircon, other phrasings",end_of_speech,volume_up,correct,volume_up,correct,volume_up,correct,0.9843,17.5,volume_up,correct,volume_up,correct,volume_up,correct,0.9817,17.4,held out
stop/stop_20261001-132830-898.wav,stop,stop,Stop the music,20261001-132809,"living room, quiet with aircon, other phrasings",end_of_speech,stop,correct,stop,correct,stop,correct,0.9576,20.3,stop,correct,unknown,asks again,stop,correct,0.9007,21.5,held out
skip/skip_20261001-132836-069.wav,skip,next,Skip the song,20261001-132809,"living room, quiet with aircon, other phrasings",end_of_speech,next,correct,next,correct,next,correct,0.9861,24.8,next,correct,next,correct,next,correct,0.9918,18.8,held out
list_reminders/list_reminders_20261001-132841-126.wav,list_reminders,list_reminders,What are my reminders?,20261001-132809,"living room, quiet with aircon, other phrasings",end_of_speech,list_reminders,correct,list_reminders,correct,list_reminders,correct,0.9907,25.5,list_reminders,correct,list_reminders,correct,list_reminders,correct,0.9743,21.8,original
set_timer_10/set_timer_10_20261001-132846-412.wav,set_timer_10,set_timer_10,Timer for ten minutes,20261001-132809,"living room, quiet with aircon, other phrasings",end_of_speech,set_timer_10,correct,unknown,asks again,set_timer_10,correct,0.8021,19.4,set_timer_10,correct,unknown,asks again,set_timer_10,correct,0.869,20.5,trained now
set_alarm_7am/set_alarm_7am_20261001-132852-498.wav,set_alarm_7am,set_alarm_7am,Set an alarm for seven A M,20261001-132809,"living room, quiet with aircon, other phrasings",end_of_speech,set_alarm_7am,correct,set_alarm_7am,correct,set_alarm_7am,correct,0.8929,18.3,set_alarm_7am,correct,unknown,asks again,set_alarm_7am,correct,0.9258,20.7,trained now
set_alarm_9pm/set_alarm_9pm_20261001-132858-990.wav,set_alarm_9pm,set_alarm_9pm,Set an alarm for nine in the evening,20261001-132809,"living room, quiet with aircon, other phrasings",end_of_speech,set_alarm_9pm,correct,unknown,asks again,set_alarm_9pm,correct,0.8423,19.3,set_alarm_9pm,correct,unknown,asks again,set_alarm_9pm,correct,0.8312,17.3,trained now
set_timer_1/set_timer_1_20261001-132904-770.wav,set_timer_1,set_timer_1,Timer for one minute,20261001-132809,"living room, quiet with aircon, other phrasings",end_of_speech,set_timer_1,correct,unknown,asks again,set_timer_1,correct,0.5599,18.4,set_timer_1,correct,unknown,asks again,unknown,asks again,0.5735,16.9,trained now
set_alarm_6am/set_alarm_6am_20261001-132910-550.wav,set_alarm_6am,set_alarm_6am,Set an alarm at six A M,20261001-132809,"living room, quiet with aircon, other phrasings",end_of_speech,set_alarm_6am,correct,set_alarm_6am,correct,set_alarm_6am,correct,0.9953,18.5,set_alarm_6am,correct,set_alarm_6am,correct,set_alarm_6am,correct,0.9834,18.5,original
volume_down/volume_down_20261001-132915-202.wav,volume_down,volume_down,Turn it down,20261001-132809,"living room, quiet with aircon, other phrasings",end_of_speech,volume_down,correct,unknown,asks again,volume_down,correct,0.8802,18.4,volume_down,correct,unknown,asks again,volume_down,correct,0.6866,17.2,trained now
dim_lights_50/dim_lights_50_20261001-132920-186.wav,dim_lights_50,dim_lights_50,Lights at fifty percent,20261001-132809,"living room, quiet with aircon, other phrasings",end_of_speech,unknown,asks again,unknown,asks again,unknown,asks again,0.3058,18.7,dim_lights_50,correct,unknown,asks again,unknown,asks again,0.2297,17.7,trained now
set_temperature_26/set_temperature_26_20261001-132929-210.wav,set_temperature_26,set_temperature_26,Set temperature to twenty six degrees,20261001-132809,"living room, quiet with aircon, other phrasings",end_of_speech,set_temperature_26,correct,set_temperature_26,correct,set_temperature_26,correct,0.9818,19.7,set_temperature_26,correct,set_temperature_26,correct,set_temperature_26,correct,0.9729,18.6,original
lights_off/lights_off_20261001-132933-961.wav,lights_off,lights_off,Turn the lights off,20261001-132809,"living room, quiet with aircon, other phrasings",end_of_speech,lights_off,correct,unknown,asks again,lights_off,correct,0.6745,20.9,lights_off,correct,unknown,asks again,unknown,asks again,0.5275,20.0,trained now
time/time_20261001-132938-941.wav,time,time,What time is it?,20261001-132809,"living room, quiet with aircon, other phrasings",end_of_speech,time,correct,time,correct,time,correct,0.9892,18.8,time,correct,time,correct,time,correct,0.9865,17.4,original
set_timer_10/set_timer_10_20261001-132944-523.wav,set_timer_10,set_timer_10,Start a timer for ten minutes,20261001-132809,"living room, quiet with aircon, other phrasings",end_of_speech,set_timer_10,correct,set_timer_10,correct,set_timer_10,correct,0.9839,17.5,set_timer_10,correct,set_timer_10,correct,set_timer_10,correct,0.9935,17.0,trained now
lights_off/lights_off_20261001-132949-795.wav,lights_off,lights_off,Switch the lights off,20261001-132809,"living room, quiet with aircon, other phrasings",end_of_speech,lights_off,correct,unknown,asks again,lights_off,correct,0.8103,17.5,lights_off,correct,unknown,asks again,lights_off,correct,0.6148,17.0,held out
play/play_20261001-132956-996.wav,play,play,Keep playing,20261001-132809,"living room, quiet with aircon, other phrasings",end_of_speech,unknown,asks again,unknown,asks again,unknown,asks again,0.4236,17.2,play,correct,unknown,asks again,play,correct,0.8718,16.5,trained now
set_temperature_22/set_temperature_22_20261001-133011-298.wav,set_temperature_22,set_temperature_22,Set the temperature to twenty two degrees,20261001-132809,"living room, quiet with aircon, other phrasings",end_of_speech,set_temperature_22,correct,set_temperature_22,correct,set_temperature_22,correct,0.9836,17.4,set_temperature_22,correct,set_temperature_22,correct,set_temperature_22,correct,0.9922,16.3,held out
dim_lights_80/dim_lights_80_20261001-133016-873.wav,dim_lights_80,dim_lights_80,Dim the lights to eighty percent,20261001-132809,"living room, quiet with aircon, other phrasings",end_of_speech,dim_lights_80,correct,dim_lights_80,correct,dim_lights_80,correct,0.9703,18.3,dim_lights_80,correct,dim_lights_80,correct,dim_lights_80,correct,0.9944,16.7,trained now
party/party_20261001-133021-525.wav,party,party,Let's party,20261001-132809,"living room, quiet with aircon, other phrasings",end_of_speech,unknown,asks again,unknown,asks again,unknown,asks again,0.487,17.6,party,correct,unknown,asks again,unknown,asks again,0.4555,16.7,trained now
play_music/play_music_20261001-133027-623.wav,play_music,play_music,Play music,20261001-132809,"living room, quiet with aircon, other phrasings",no_speech_detected,play_music,correct,unknown,asks again,play_music,correct,0.6608,17.8,play_music,correct,play_music,correct,play_music,correct,0.9698,16.7,original
next/next_20261001-133034-822.wav,next,next,Next,20261001-132809,"living room, quiet with aircon, other phrasings",no_speech_detected,next,correct,next,correct,next,correct,0.9802,17.3,next,correct,next,correct,next,correct,0.9895,16.5,original
pause/pause_20261001-133038-868.wav,pause,pause,Pause,20261001-132809,"living room, quiet with aircon, other phrasings",end_of_speech,pause,correct,pause,correct,pause,correct,0.9886,17.7,pause,correct,pause,correct,pause,correct,0.9927,16.8,original
lights_on/lights_on_20261001-133043-241.wav,lights_on,lights_on,Turn on lights,20261001-132809,"living room, quiet with aircon, other phrasings",end_of_speech,lights_on,correct,lights_on,correct,lights_on,correct,0.9485,24.0,lights_on,correct,unknown,asks again,lights_on,correct,0.8517,24.0,original
volume_down/volume_down_20261001-133111-538.wav,volume_down,volume_down,Lower the volume,20261001-132809,"living room, quiet with aircon, other phrasings",end_of_speech,volume_down,correct,unknown,asks again,volume_down,correct,0.8047,21.4,volume_down,correct,unknown,asks again,volume_down,correct,0.8676,22.5,held out
call_jane/call_jane_20261001-133116-187.wav,call_jane,call_jane,Call Jane,20261001-132809,"living room, quiet with aircon, other phrasings",end_of_speech,call_jane,correct,call_jane,correct,call_jane,correct,0.9679,20.9,call_jane,correct,call_jane,correct,call_jane,correct,0.9838,19.6,original
weather/weather_20261001-133120-761.wav,weather,weather,Weather today,20261001-132809,"living room, quiet with aircon, other phrasings",end_of_speech,unknown,asks again,unknown,asks again,unknown,asks again,0.9034,21.9,unknown,asks again,unknown,asks again,unknown,asks again,0.7398,18.2,trained now
remind_study/remind_study_20261001-133125-621.wav,remind_study,remind_study,Remind me to study,20261001-132809,"living room, quiet with aircon, other phrasings",end_of_speech,remind_study,correct,unknown,asks again,remind_study,correct,0.6464,18.7,remind_study,correct,unknown,asks again,remind_study,correct,0.5874,17.8,trained now
pause/pause_20261001-133132-528.wav,pause,pause,Pause it,20261001-132809,"living room, quiet with aircon, other phrasings",end_of_speech,call_jane,WRONG,unknown,asks again,call_jane,WRONG,0.4966,19.5,pause,correct,unknown,asks again,pause,correct,0.7906,17.7,trained now
pause/pause_20261001-133141-656.wav,pause,pause,Pause the music,20261001-132809,"living room, quiet with aircon, other phrasings",end_of_speech,pause,correct,pause,correct,pause,correct,0.9767,17.1,pause,correct,pause,correct,pause,correct,0.9501,16.3,held out
set_temperature_18/set_temperature_18_20261001-133146-512.wav,set_temperature_18,set_temperature_18,Make it eighteen degrees,20261001-132809,"living room, quiet with aircon, other phrasings",end_of_speech,set_temperature_18,correct,unknown,asks again,unknown,asks again,0.1627,16.7,set_temperature_18,correct,unknown,asks again,unknown,asks again,0.1873,15.7,trained now
set_timer_5/set_timer_5_20261001-133154-840.wav,set_timer_5,set_timer_5,Set a five minute timer,20261001-132809,"living room, quiet with aircon, other phrasings",end_of_speech,set_timer_5,correct,unknown,asks again,set_timer_5,correct,0.7037,16.5,unknown,asks again,unknown,asks again,unknown,asks again,0.3771,15.9,trained now
time/time_20261001-133202-549.wav,time,time,What's the time now?,20261001-132809,"living room, quiet with aircon, other phrasings",end_of_speech,time,correct,unknown,asks again,time,correct,0.7397,16.6,weather,WRONG,unknown,asks again,unknown,asks again,0.5296,15.8,held out
lights_off/lights_off_20261001-133207-505.wav,lights_off,lights_off,Switch off the lights,20261001-132809,"living room, quiet with aircon, other phrasings",end_of_speech,lights_on,WRONG,unknown,asks again,lights_on,WRONG,0.6535,16.8,lights_on,WRONG,unknown,asks again,lights_on,WRONG,0.6171,19.5,trained now
text_jane/text_jane_20261001-133211-878.wav,text_jane,text_jane,Text Jane,20261001-132809,"living room, quiet with aircon, other phrasings",end_of_speech,text_jane,correct,text_jane,correct,text_jane,correct,0.9787,21.1,text_jane,correct,text_jane,correct,text_jane,correct,0.9816,19.0,original
next/next_20261001-133220-399.wav,next,next,Next song,20261001-132809,"living room, quiet with aircon, other phrasings",end_of_speech,unknown,asks again,unknown,asks again,unknown,asks again,0.3305,17.1,next,correct,unknown,asks again,next,correct,0.8103,16.6,trained now
set_timer_5/set_timer_5_20261001-133226-278.wav,set_timer_5,set_timer_5,Start a timer for five minutes,20261001-132809,"living room, quiet with aircon, other phrasings",end_of_speech,set_timer_5,correct,set_timer_5,correct,set_timer_5,correct,0.9787,17.2,set_timer_5,correct,set_timer_5,correct,set_timer_5,correct,0.9837,16.1,trained now
party/party_20261001-133232-263.wav,party,party,Party time,20261001-132809,"living room, quiet with aircon, other phrasings",end_of_speech,party,correct,unknown,asks again,party,correct,0.8118,16.8,party,correct,unknown,asks again,party,correct,0.9012,16.0,held out
set_timer_1/set_timer_1_20261001-133237-738.wav,set_timer_1,set_timer_1,Set a one minute timer,20261001-132809,"living room, quiet with aircon, other phrasings",end_of_speech,unknown,asks again,unknown,asks again,unknown,asks again,0.711,17.2,unknown,asks again,unknown,asks again,unknown,asks again,0.7449,16.0,trained now
set_alarm_6am/set_alarm_6am_20261001-133243-316.wav,set_alarm_6am,set_alarm_6am,Set an alarm for six A M,20261001-132809,"living room, quiet with aircon, other phrasings",end_of_speech,set_alarm_6am,correct,set_alarm_6am,correct,set_alarm_6am,correct,0.9697,17.1,set_alarm_6am,correct,set_alarm_6am,correct,set_alarm_6am,correct,0.9617,16.1,trained now
play/play_20261001-133248-275.wav,play,play,Continue playing,20261001-132809,"living room, quiet with aircon, other phrasings",end_of_speech,unknown,asks again,unknown,asks again,unknown,asks again,0.8029,16.7,unknown,asks again,unknown,asks again,unknown,asks again,0.4217,15.9,held out
louder/louder_20261001-133252-746.wav,louder,volume_up,Make it louder,20261001-132809,"living room, quiet with aircon, other phrasings",end_of_speech,volume_up,correct,volume_up,correct,volume_up,correct,0.9933,22.5,volume_up,correct,unknown,asks again,volume_up,correct,0.9399,21.4,trained now
volume_up/volume_up_20261001-133257-298.wav,volume_up,volume_up,Turn it up,20261001-132809,"living room, quiet with aircon, other phrasings",end_of_speech,unknown,asks again,unknown,asks again,unknown,asks again,0.9536,22.7,unknown,asks again,unknown,asks again,unknown,asks again,0.9654,20.6,trained now
party/party_20261001-133302-585.wav,party,party,Party party,20261001-132809,"living room, quiet with aircon, other phrasings",end_of_speech,party,correct,party,correct,party,correct,0.9665,19.8,party,correct,party,correct,party,correct,0.9677,20.5,original
dim_lights_20/dim_lights_20_20261001-133307-962.wav,dim_lights_20,dim_lights_20,Dim lights to twenty percent,20261001-132809,"living room, quiet with aircon, other phrasings",end_of_speech,dim_lights_20,correct,dim_lights_20,correct,dim_lights_20,correct,0.9755,23.7,dim_lights_20,correct,dim_lights_20,correct,dim_lights_20,correct,0.9808,19.7,original
play_music/play_music_20261001-133312-614.wav,play_music,play_music,Play some music,20261001-132809,"living room, quiet with aircon, other phrasings",end_of_speech,play_music,correct,unknown,asks again,unknown,asks again,0.301,21.7,play_music,correct,unknown,asks again,unknown,asks again,0.5,19.6,trained now
set_timer_1/set_timer_1_20261001-133327-839.wav,set_timer_1,set_timer_1,Set a timer for one minute,20261001-132809,"living room, quiet with aircon, other phrasings",end_of_speech,set_timer_1,correct,set_timer_1,correct,set_timer_1,correct,0.9917,18.2,set_timer_1,correct,set_timer_1,correct,set_timer_1,correct,0.9738,17.3,original
list_reminders/list_reminders_20261001-133333-014.wav,list_reminders,list_reminders,Read my reminders,20261001-132809,"living room, quiet with aircon, other phrasings",end_of_speech,list_reminders,correct,unknown,asks again,list_reminders,correct,0.7336,19.1,list_reminders,correct,unknown,asks again,list_reminders,correct,0.867,18.1,held out
lights_on/lights_on_20261001-133337-663.wav,lights_on,lights_on,Turn on the lights,20261001-132809,"living room, quiet with aircon, other phrasings",end_of_speech,lights_on,correct,lights_on,correct,lights_on,correct,0.9831,17.1,lights_on,correct,unknown,asks again,lights_on,correct,0.8572,16.6,trained now
text_jane/text_jane_20261001-133342-443.wav,text_jane,text_jane,Send Jane a text,20261001-132809,"living room, quiet with aircon, other phrasings",end_of_speech,unknown,asks again,unknown,asks again,unknown,asks again,0.6889,18.3,unknown,asks again,unknown,asks again,unknown,asks again,0.4989,17.1,trained now
dim_lights_20/dim_lights_20_20261001-133347-821.wav,dim_lights_20,dim_lights_20,Dim the lights to twenty percent,20261001-132809,"living room, quiet with aircon, other phrasings",end_of_speech,dim_lights_20,correct,dim_lights_20,correct,dim_lights_20,correct,0.9752,19.8,dim_lights_20,correct,dim_lights_20,correct,dim_lights_20,correct,0.9946,16.5,held out
weather/weather_20261001-133352-874.wav,weather,weather,What's the weather like today?,20261001-132809,"living room, quiet with aircon, other phrasings",end_of_speech,weather,correct,unknown,asks again,weather,correct,0.8162,17.2,weather,correct,unknown,asks again,weather,correct,0.7518,18.2,trained now
lights_on/lights_on_20261001-133358-363.wav,lights_on,lights_on,Switch on the lights,20261001-132809,"living room, quiet with aircon, other phrasings",end_of_speech,lights_on,correct,lights_on,correct,lights_on,correct,0.91,17.2,lights_on,correct,lights_on,correct,lights_on,correct,0.9747,16.8,trained now
lights_on/lights_on_20261001-133402-915.wav,lights_on,lights_on,Turn the lights on,20261001-132809,"living room, quiet with aircon, other phrasings",end_of_speech,lights_on,correct,unknown,asks again,lights_on,correct,0.8658,17.8,lights_on,correct,unknown,asks again,lights_on,correct,0.8728,16.8,trained now
stop/stop_20261001-133407-191.wav,stop,stop,Stop,20261001-132809,"living room, quiet with aircon, other phrasings",end_of_speech,stop,correct,stop,correct,stop,correct,0.9888,18.1,stop,correct,stop,correct,stop,correct,0.9796,17.5,original
skip/skip_20261001-133412-043.wav,skip,next,Skip this song,20261001-132809,"living room, quiet with aircon, other phrasings",no_speech_detected,next,correct,next,correct,next,correct,0.958,18.1,next,correct,next,correct,next,correct,0.9757,16.7,trained now
remind_study/remind_study_20261001-133417-333.wav,remind_study,remind_study,Remind me to study for my test,20261001-132809,"living room, quiet with aircon, other phrasings",end_of_speech,remind_study,correct,remind_study,correct,remind_study,correct,0.9787,17.3,remind_study,correct,remind_study,correct,remind_study,correct,0.9462,16.4,held out
call_jane/call_jane_20261001-133421-982.wav,call_jane,call_jane,Phone Jane,20261001-132809,"living room, quiet with aircon, other phrasings",end_of_speech,call_jane,correct,call_jane,correct,call_jane,correct,0.9551,17.1,call_jane,correct,call_jane,correct,call_jane,correct,0.9565,16.3,trained now
remind_trash/remind_trash_20261001-133427-468.wav,remind_trash,remind_trash,Remind me to take out the trash,20261001-132809,"living room, quiet with aircon, other phrasings",end_of_speech,remind_trash,correct,remind_trash,correct,remind_trash,correct,0.9941,16.9,remind_trash,correct,remind_trash,correct,remind_trash,correct,0.9772,16.2,original
weather/weather_20261001-133432-225.wav,weather,weather,How's the weather?,20261001-132809,"living room, quiet with aircon, other phrasings",end_of_speech,weather,correct,weather,correct,weather,correct,0.951,16.6,weather,correct,unknown,asks again,weather,correct,0.9051,16.6,held out
set_temperature_26/set_temperature_26_20261001-133437-105.wav,set_temperature_26,set_temperature_26,Make it twenty six degrees,20261001-132809,"living room, quiet with aircon, other phrasings",end_of_speech,dim_lights_50,WRONG,unknown,asks again,unknown,asks again,0.1593,17.0,set_temperature_26,correct,unknown,asks again,unknown,asks again,0.3031,16.4,held out
set_alarm_6am/set_alarm_6am_20261001-133442-581.wav,set_alarm_6am,set_alarm_6am,Wake me up at six A M,20261001-132809,"living room, quiet with aircon, other phrasings",end_of_speech,set_alarm_6am,correct,unknown,asks again,set_alarm_6am,correct,0.6814,16.7,set_alarm_6am,correct,unknown,asks again,unknown,asks again,0.366,16.2,trained now
list_reminders/list_reminders_20261001-133448-158.wav,list_reminders,list_reminders,Do I have any reminders?,20261001-132809,"living room, quiet with aircon, other phrasings",end_of_speech,list_reminders,correct,unknown,asks again,list_reminders,correct,0.6255,16.9,list_reminders,correct,unknown,asks again,list_reminders,correct,0.8776,16.5,trained now
set_alarm_9pm/set_alarm_9pm_20261001-133454-550.wav,set_alarm_9pm,set_alarm_9pm,Set an alarm at nine P M,20261001-132809,"living room, quiet with aircon, other phrasings",end_of_speech,set_alarm_9pm,correct,set_alarm_9pm,correct,set_alarm_9pm,correct,0.9128,17.2,set_alarm_9pm,correct,unknown,asks again,set_alarm_9pm,correct,0.9353,16.3,original
play/play_20261001-133503-273.wav,play,play,Resume,20261001-132809,"living room, quiet with aircon, other phrasings",end_of_speech,unknown,asks again,unknown,asks again,unknown,asks again,0.8673,17.1,unknown,asks again,unknown,asks again,unknown,asks again,0.8907,16.6,trained now
lights_off/lights_off_20261001-133507-519.wav,lights_off,lights_off,Lights off,20261001-132809,"living room, quiet with aircon, other phrasings",end_of_speech,lights_off,correct,lights_off,correct,lights_off,correct,0.9577,17.5,lights_off,correct,unknown,asks again,lights_off,correct,0.9407,16.8,trained now
set_temperature_22/set_temperature_22_20261001-133512-804.wav,set_temperature_22,set_temperature_22,Make it twenty two degrees,20261001-132809,"living room, quiet with aircon, other phrasings",end_of_speech,set_temperature_22,correct,unknown,asks again,set_temperature_22,correct,0.4708,17.1,set_temperature_22,correct,unknown,asks again,unknown,asks again,0.4763,16.5,trained now
set_timer_1/set_timer_1_20261001-133519-193.wav,set_timer_1,set_timer_1,Start a timer for one minute,20261001-132809,"living room, quiet with aircon, other phrasings",end_of_speech,set_timer_1,correct,set_timer_1,correct,set_timer_1,correct,0.9905,16.8,set_timer_1,correct,set_timer_1,correct,set_timer_1,correct,0.9954,16.2,held out
volume_up/volume_up_20261001-133524-368.wav,volume_up,volume_up,Turn up the volume,20261001-132809,"living room, quiet with aircon, other phrasings",end_of_speech,volume_up,correct,unknown,asks again,volume_up,correct,0.7545,17.8,volume_up,correct,unknown,asks again,volume_up,correct,0.6282,17.5,held out
dim_lights_20/dim_lights_20_20261001-133530-656.wav,dim_lights_20,dim_lights_20,Lights at twenty percent,20261001-132809,"living room, quiet with aircon, other phrasings",end_of_speech,unknown,asks again,unknown,asks again,unknown,asks again,0.5099,17.4,unknown,asks again,unknown,asks again,unknown,asks again,0.2097,16.1,trained now
set_temperature_18/set_temperature_18_20261001-133537-045.wav,set_temperature_18,set_temperature_18,Set the temperature to eighteen degrees,20261001-132809,"living room, quiet with aircon, other phrasings",end_of_speech,set_temperature_18,correct,set_temperature_18,correct,set_temperature_18,correct,0.9268,17.0,set_temperature_18,correct,unknown,asks again,set_temperature_18,correct,0.8686,16.6,trained now
dim_lights_50/dim_lights_50_20261001-133544-348.wav,dim_lights_50,dim_lights_50,Dim the lights to fifty percent,20261001-132809,"living room, quiet with aircon, other phrasings",end_of_speech,dim_lights_50,correct,dim_lights_50,correct,dim_lights_50,correct,0.9669,17.1,dim_lights_50,correct,dim_lights_50,correct,dim_lights_50,correct,0.9957,16.6,trained now
volume_down/volume_down_20261001-133652-192.wav,volume_down,volume_down,Quieter,20261001-132809,"living room, quiet with aircon, other phrasings",end_of_speech,volume_down,correct,unknown,asks again,volume_down,correct,0.7018,17.3,volume_down,correct,unknown,asks again,unknown,asks again,0.5226,16.6,trained now
dim_lights_80/dim_lights_80_20261001-133658-380.wav,dim_lights_80,dim_lights_80,Dim lights to eighty percent,20261001-132809,"living room, quiet with aircon, other phrasings",end_of_speech,dim_lights_80,correct,dim_lights_80,correct,dim_lights_80,correct,0.9828,17.7,dim_lights_80,correct,dim_lights_80,correct,dim_lights_80,correct,0.9839,16.6,original
text_jane/text_jane_20261001-133703-448.wav,text_jane,text_jane,Message Jane,20261001-132809,"living room, quiet with aircon, other phrasings",end_of_speech,text_jane,correct,unknown,asks again,text_jane,correct,0.729,17.2,text_jane,correct,unknown,asks again,text_jane,correct,0.7241,17.0,trained now
play/play_20261001-133708-005.wav,play,play,Play,20261001-132809,"living room, quiet with aircon, other phrasings",end_of_speech,play,correct,unknown,asks again,play,correct,0.8592,17.3,play,correct,play,correct,play,correct,0.9625,16.5,original
remind_study/remind_study_20261001-133717-344.wav,remind_study,remind_study,Remind me to study for my exam,20261001-132809,"living room, quiet with aircon, other phrasings",end_of_speech,remind_study,correct,remind_study,correct,remind_study,correct,0.9865,17.4,remind_study,correct,remind_study,correct,remind_study,correct,0.9909,16.4,original
unknown_other/unknown_other_20261001-133814-447.wav,unknown_other,unknown,(say something that is NOT a command),20261001-132809,"living room, quiet with aircon, other phrasings",end_of_speech,party,false action,unknown,correct,party,false action,0.3572,17.4,volume_up,false action,unknown,correct,volume_up,false action,0.8153,15.9,original
volume_down/volume_down_20261001-133828-642.wav,volume_down,volume_down,Volume down,20261001-132809,"living room, quiet with aircon, other phrasings",end_of_speech,volume_down,correct,volume_down,correct,volume_down,correct,0.9814,17.0,volume_down,correct,volume_down,correct,volume_down,correct,0.9904,16.2,original
time/time_20261001-133833-810.wav,time,time,What's the time?,20261001-132809,"living room, quiet with aircon, other phrasings",end_of_speech,time,correct,unknown,asks again,time,correct,0.5914,17.4,weather,WRONG,unknown,asks again,unknown,asks again,0.3166,16.6,trained now
volume_down/volume_down_20261001-133839-084.wav,volume_down,volume_down,Turn down the volume,20261001-132809,"living room, quiet with aircon, other phrasings",end_of_speech,volume_down,correct,unknown,asks again,volume_down,correct,0.6898,27.7,volume_down,correct,unknown,asks again,volume_down,correct,0.7042,21.7,trained now
set_temperature_22/set_temperature_22_20261001-133844-565.wav,set_temperature_22,set_temperature_22,Set temperature to twenty two degrees,20261001-132809,"living room, quiet with aircon, other phrasings",end_of_speech,set_temperature_22,correct,set_temperature_22,correct,set_temperature_22,correct,0.9944,20.2,set_temperature_22,correct,set_temperature_22,correct,set_temperature_22,correct,0.9854,19.3,original
set_alarm_7am/set_alarm_7am_20261001-133850-139.wav,set_alarm_7am,set_alarm_7am,Wake me up at seven A M,20261001-132809,"living room, quiet with aircon, other phrasings",end_of_speech,set_alarm_7am,correct,unknown,asks again,set_alarm_7am,correct,0.5189,21.0,set_alarm_7am,correct,unknown,asks again,set_alarm_7am,correct,0.6966,21.0,held out
set_temperature_18/set_temperature_18_20261001-133856-324.wav,set_temperature_18,set_temperature_18,Set temperature to eighteen degrees,20261001-132809,"living room, quiet with aircon, other phrasings",end_of_speech,set_temperature_18,correct,set_temperature_18,correct,set_temperature_18,correct,0.9672,19.7,set_temperature_18,correct,unknown,asks again,set_temperature_18,correct,0.9403,18.7,original
lights_on/lights_on_20261001-133901-080.wav,lights_on,lights_on,Lights on,20261001-132809,"living room, quiet with aircon, other phrasings",end_of_speech,lights_on,correct,unknown,asks again,lights_on,correct,0.6949,18.4,lights_on,correct,unknown,asks again,unknown,asks again,0.5522,17.0,trained now
dim_lights_50/dim_lights_50_20261001-133907-885.wav,dim_lights_50,dim_lights_50,Set the lights to fifty percent,20261001-132809,"living room, quiet with aircon, other phrasings",end_of_speech,dim_lights_50,correct,unknown,asks again,dim_lights_50,correct,0.8443,17.2,dim_lights_50,correct,dim_lights_50,correct,dim_lights_50,correct,0.9738,16.0,held out
dim_lights_80/dim_lights_80_20261001-133914-074.wav,dim_lights_80,dim_lights_80,Set the lights to eighty percent,20261001-132809,"living room, quiet with aircon, other phrasings",end_of_speech,dim_lights_80,correct,dim_lights_80,correct,dim_lights_80,correct,0.9302,17.0,dim_lights_80,correct,dim_lights_80,correct,dim_lights_80,correct,0.9607,16.0,trained now
set_alarm_6am/set_alarm_6am_20261001-133921-274.wav,set_alarm_6am,set_alarm_6am,Set an alarm for six in the morning,20261001-132809,"living room, quiet with aircon, other phrasings",end_of_speech,set_alarm_6am,correct,set_alarm_6am,correct,set_alarm_6am,correct,0.8878,18.6,set_alarm_6am,correct,unknown,asks again,set_alarm_6am,correct,0.7836,17.1,held out
text_jane/text_jane_20261001-133927-457.wav,text_jane,text_jane,Send a message to Jane,20261001-132809,"living room, quiet with aircon, other phrasings",end_of_speech,set_temperature_26,WRONG,unknown,asks again,set_temperature_26,WRONG,0.4377,17.4,unknown,asks again,unknown,asks again,unknown,asks again,0.3282,16.4,held out
set_timer_5/set_timer_5_20261001-133935-064.wav,set_timer_5,set_timer_5,Timer for five minutes,20261001-132809,"living room, quiet with aircon, other phrasings",end_of_speech,set_timer_5,correct,unknown,asks again,set_timer_5,correct,0.8547,17.2,set_timer_5,correct,set_timer_5,correct,set_timer_5,correct,0.9548,16.7,held out
next/next_20261001-133940-020.wav,next,next,Play the next song,20261001-132809,"living room, quiet with aircon, other phrasings",end_of_speech,unknown,asks again,unknown,asks again,unknown,asks again,0.8304,17.3,unknown,asks again,unknown,asks again,unknown,asks again,0.5226,16.6,held out
remind_trash/remind_trash_20261001-133945-917.wav,remind_trash,remind_trash,Remind me about the trash,20261001-132809,"living room, quiet with aircon, other phrasings",end_of_speech,remind_trash,correct,unknown,asks again,remind_trash,correct,0.7922,19.8,remind_trash,correct,unknown,asks again,remind_trash,correct,0.7234,17.8,held out
skip/skip_20261001-134312-102.wav,skip,next,Skip,20261001-134101,voice message from talker #3,end_of_speech,next,correct,unknown,asks again,next,correct,0.7324,18.5,unknown,asks again,unknown,asks again,unknown,asks again,0.6709,20.8,original
next/next_20261001-134338-775.wav,next,next,Next,20261001-134101,voice message from talker #3,end_of_speech,unknown,asks again,unknown,asks again,unknown,asks again,0.9748,17.4,unknown,asks again,unknown,asks again,unknown,asks again,0.9103,15.9,original
louder/louder_20261001-134355-813.wav,louder,volume_up,Louder,20261001-134101,voice message from talker #3,end_of_speech,unknown,asks again,unknown,asks again,unknown,asks again,0.7149,17.3,volume_down,WRONG,unknown,asks again,unknown,asks again,0.351,16.0,original
dim_lights_80/dim_lights_80_20261001-134419-849.wav,dim_lights_80,dim_lights_80,Dim lights to 80%,20261001-134101,voice message from talker #3,end_of_speech,unknown,asks again,unknown,asks again,unknown,asks again,0.6337,18.7,unknown,asks again,unknown,asks again,unknown,asks again,0.7574,16.7,original
unknown_other/unknown_other_20261001-134505-079.wav,unknown_other,unknown,(say something that is NOT a command),20261001-134101,voice message from talker #3,max_length,unknown,correct,unknown,correct,unknown,correct,0.9665,19.3,unknown,correct,unknown,correct,unknown,correct,0.5655,16.1,original
text_jane/text_jane_20261001-134526-579.wav,text_jane,text_jane,Text Jane,20261001-134101,voice message from talker #3,max_length,unknown,asks again,unknown,asks again,unknown,asks again,0.9939,18.5,unknown,asks again,unknown,asks again,unknown,asks again,0.9804,15.8,original
set_temperature_18/set_temperature_18_20261001-134605-727.wav,set_temperature_18,set_temperature_18,Set temperature to 18 degrees,20261001-134101,voice message from talker #3,max_length,unknown,asks again,unknown,asks again,unknown,asks again,0.4055,17.7,play,WRONG,unknown,asks again,unknown,asks again,0.3125,17.4,original
pause/pause_20261001-134628-750.wav,pause,pause,Pause,20261001-134101,voice message from talker #3,max_length,unknown,asks again,unknown,asks again,unknown,asks again,0.9517,20.0,unknown,asks again,unknown,asks again,unknown,asks again,0.6764,18.8,original
