stream,kind,t_wake_start,t_wake_end,t_end,label,cls,woke,wake_time,capture_reason,argmax,cautious,balanced
0,owner,4.733188259166745,6.2905632591667455,10.153438259166744,dim_lights_20,dim_lights_20,True,5.9,max_length,dim_lights_20,dim_lights_20,dim_lights_20
0,clone,13.928338935604044,14.848338935604044,17.968776435604045,remind_study,remind_study,True,14.8,max_length,remind_study,remind_study,remind_study
0,distractor,22.89079310328406,,25.86173060328406,(none),none,False,,,,,
0,owner,30.26504487224244,31.587732372242442,35.68073237224244,set_temperature_22,set_temperature_22,True,31.5,end_of_speech,set_temperature_22,set_temperature_22,set_temperature_22
1,clone,4.961163991897438,6.4811639918974375,8.697101491897438,list_reminders,list_reminders,True,5.7,end_of_speech,list_reminders,list_reminders,list_reminders
1,distractor,12.660973471755092,,14.819035971755092,(none),none,False,,,,,
1,clone,18.41969163695154,19.359691636951542,20.79900413695154,unknown_other,unknown,False,,,,,
1,clone,25.3220004828331,26.262000482833102,29.6223754828331,dim_lights_50,dim_lights_50,False,,,,,
1,clone,34.11649701674701,35.316497016747014,38.37849701674701,dim_lights_50,dim_lights_50,True,35.1,max_length,dim_lights_50,unknown,dim_lights_50
1,owner,43.09669735887839,44.65407235887839,48.83800985887839,volume_up,volume_up,True,44.4,max_length,volume_up,volume_up,volume_up
2,clone,5.515657606507714,6.275657606507714,8.362282606507714,party,party,False,,,,,
2,clone,12.00312827619178,13.00312827619178,15.39769077619178,set_timer_1,set_timer_1,True,13.0,end_of_speech,set_timer_1,set_timer_1,set_timer_1
2,clone,19.16210568286683,20.16210568286683,21.614855682866832,next,next,False,,,,,
2,owner,25.722477147279296,27.311852147279296,30.649289647279296,time,time,True,27.0,max_length,lights_off,unknown,lights_off
2,clone,34.031985272274326,34.971985272274324,37.19617277227432,party,party,False,,,,,
2,distractor,41.25307507143019,,44.08532507143019,(none),none,False,,,,,
2,owner,47.81490414112119,49.24427914112119,53.10152914112119,text_jane,text_jane,True,49.0,end_of_speech,text_jane,text_jane,text_jane
3,clone,5.601068330979068,6.541068330979067,8.683630830979068,set_timer_10,set_timer_10,False,,,,,
3,distractor,13.323213446484052,,17.235400946484052,(none),none,False,,,,,
3,clone,21.418893438947222,22.338893438947224,24.18670593894722,call_jane,call_jane,False,,,,,
3,owner,29.146004376961926,30.468691876961927,34.44512937696193,stop,stop,True,30.3,end_of_speech,stop,stop,stop
3,clone,38.59471163920656,39.43471163920656,41.68639913920656,dim_lights_80,dim_lights_80,False,,,,,
3,owner,46.24530052366375,47.83467552366375,53.47836302366375,lights_off,lights_off,True,47.6,end_of_speech,lights_off,lights_off,lights_off
4,clone,4.740390146851595,5.480390146851596,7.746702646851595,list_reminders,list_reminders,False,,,,,
4,owner,10.96859028672937,36.06727778672937,40.27065278672937,set_timer_1,set_timer_1,True,12.1,max_length,unknown,unknown,unknown
4,owner,44.04888585057033,45.47826085057033,49.40169835057033,dim_lights_20,dim_lights_20,True,45.3,end_of_speech,dim_lights_20,dim_lights_20,dim_lights_20
5,distractor,5.5844357962782745,,9.068998296278274,(none),none,False,,,,,
5,clone,14.02769180565775,14.98769180565775,17.62875430565775,dim_lights_80,dim_lights_80,True,15.0,end_of_speech,dim_lights_80,dim_lights_80,dim_lights_80
5,owner,20.920440946867114,27.971128446867112,32.25881594686712,next,next,True,22.6,max_length,unknown,unknown,unknown
5,clone,36.66380168688357,37.60380168688357,39.32848918688357,call_jane,call_jane,False,,,,,
5,clone,42.499196154483506,43.45919615448351,46.071696154483504,unknown_other,unknown,True,43.4,end_of_speech,unknown,unknown,unknown
6,clone,4.794773498011464,5.794773498011464,7.531835998011465,unknown_other,unknown,True,5.7,end_of_speech,volume_up,unknown,volume_up
6,owner,11.11603800257397,12.54541300257397,16.200413002573967,set_temperature_18,set_temperature_18,True,12.4,max_length,set_temperature_18,set_temperature_18,set_temperature_18
6,owner,21.057942268486467,22.188629768486468,26.25062976848647,set_alarm_7am,set_alarm_7am,True,22.2,end_of_speech,set_alarm_7am,set_alarm_7am,set_alarm_7am
6,clone,30.236668954131154,31.156668954131156,32.34348145413115,pause,pause,True,31.1,max_length,pause,pause,pause
6,owner,36.60909651351099,38.23047151351099,42.15653401351099,list_reminders,list_reminders,False,,,,,
6,clone,45.38601799666274,46.326017996662735,48.335892996662736,unknown_other,unknown,False,,,,,
7,clone,5.764478150267038,6.764478150267038,8.112790650267039,next,next,True,6.7,end_of_speech,next,next,next
7,clone,11.629125626594309,12.829125626594308,15.590000626594309,play_music,play_music,True,12.5,end_of_speech,play_music,play_music,play_music
7,owner,18.616428430753135,20.184428430753137,24.262740930753136,dim_lights_50,dim_lights_50,True,19.9,end_of_speech,dim_lights_50,dim_lights_50,dim_lights_50
7,owner,28.721007790054408,30.182382790054408,34.24957029005441,stop,stop,True,30.1,end_of_speech,stop,stop,stop
7,clone,38.28188216398078,39.04188216398078,42.59056966398078,set_temperature_26,set_temperature_26,False,,,,,
7,owner,46.34206843236664,56.016755932366635,59.657068432366636,set_timer_10,set_timer_10,True,48.2,max_length,unknown,unknown,unknown
8,distractor,4.885240767031103,,8.797428267031103,(none),none,False,,,,,
8,owner,13.77189682933587,15.339896829335869,19.27820932933587,dim_lights_50,dim_lights_50,True,15.0,max_length,dim_lights_50,unknown,dim_lights_50
8,owner,23.18083923473742,48.279526734737416,52.31421423473742,dim_lights_50,dim_lights_50,True,24.4,max_length,unknown,unknown,unknown
9,clone,5.43742172898497,6.29742172898497,8.56248422898497,set_alarm_9pm,set_alarm_9pm,False,,,,,
9,clone,12.159761046639197,13.119761046639198,15.754698546639197,volume_down,volume_down,True,13.1,end_of_speech,volume_down,volume_down,volume_down
9,owner,20.251521106969612,21.840896106969613,25.600896106969614,set_alarm_7am,set_alarm_7am,False,,,,,
9,clone,29.749900473860897,31.049900473860898,32.7759004738609,volume_up,volume_up,False,,,,,
9,clone,37.28479695134922,38.20479695134922,41.57273445134922,set_alarm_6am,set_alarm_6am,False,,,,,
9,clone,45.30759662204236,46.06759662204236,48.23034662204236,list_reminders,list_reminders,False,,,,,
10,clone,4.042239061475226,4.9822390614752265,7.605426561475227,unknown_other,unknown,True,5.0,max_length,unknown,unknown,unknown
10,clone,11.663379079944516,13.183379079944515,16.738566579944518,set_timer_10,set_timer_10,False,,,,,
10,owner,20.05665267038873,21.18734017038873,25.31715267038873,set_timer_1,set_timer_1,True,21.2,end_of_speech,set_timer_1,set_timer_1,set_timer_1
10,clone,29.382958820450973,30.142958820450975,31.652083820450972,play,play,False,,,,,
10,clone,35.838385709361155,36.75838570936116,38.642198209361155,party,party,True,36.9,end_of_speech,party,party,party
10,owner,41.99269122087212,43.304691220872115,47.20337872087212,set_timer_1,set_timer_1,True,43.2,end_of_speech,set_timer_1,set_timer_1,set_timer_1
11,owner,5.112591262412346,6.733966262412347,9.743778762412347,weather,weather,True,6.5,end_of_speech,weather,weather,weather
11,clone,13.404171099533967,14.164171099533966,16.105921099533965,unknown_other,unknown,False,,,,,
11,owner,19.642328080384907,21.199703080384907,23.948203080384907,time,time,False,,,,,
11,clone,28.840561221764233,29.760561221764235,31.177061221764234,play,play,True,29.7,no_speech_detected,unknown,unknown,unknown
11,clone,35.77862719577113,36.53862719577113,39.07393969577113,set_alarm_6am,set_alarm_6am,False,,,,,
11,distractor,42.47514667494602,,45.95970917494602,(none),none,False,,,,,
12,clone,4.06840290439064,5.588402904390639,7.78802790439064,next,next,True,4.8,end_of_speech,next,next,next
12,owner,10.89633738911482,12.208337389114819,17.13233738911482,list_reminders,list_reminders,True,12.1,end_of_speech,list_reminders,unknown,list_reminders
12,owner,21.76357853663063,23.19295353663063,27.425141036630627,stop,stop,True,23.0,end_of_speech,stop,stop,stop
12,clone,32.12286409313127,33.08286409313127,34.75867659313127,skip,next,True,33.0,end_of_speech,next,next,next
12,distractor,38.76040544418546,,41.19196794418546,(none),none,False,,,,,
12,distractor,44.61457710593612,,46.47913960593612,(none),none,False,,,,,
13,clone,5.20352741847724,6.36352741847724,8.76358991847724,volume_down,volume_down,False,,,,,
13,owner,13.306490064880908,14.767865064880908,18.089865064880907,remind_study,remind_study,True,14.6,max_length,remind_study,unknown,remind_study
13,owner,21.82048069960956,23.37785569960956,26.74898069960956,play_music,play_music,True,23.0,max_length,play_music,unknown,play_music
13,clone,30.161617375695215,31.161617375695215,32.652617375695215,stop,stop,True,31.0,end_of_speech,unknown,unknown,unknown
13,owner,37.38333004728993,47.05801754728993,50.49989254728993,text_jane,text_jane,True,39.3,max_length,unknown,unknown,unknown
14,clone,4.89873018322047,6.19873018322047,7.258605183220471,skip,next,False,,,,,
14,clone,11.889382304551381,12.82938230455138,15.920694804551381,dim_lights_50,dim_lights_50,False,,,,,
14,clone,20.41388473632965,21.33388473632965,23.47244723632965,volume_up,volume_up,True,21.3,end_of_speech,volume_up,volume_up,volume_up
14,owner,27.537326487737857,37.212013987737855,41.24376398773786,louder,volume_up,True,29.4,max_length,unknown,unknown,unknown
14,clone,45.742124819363355,46.68212481936335,49.58424981936336,set_temperature_22,set_temperature_22,True,46.7,max_length,set_temperature_22,set_temperature_22,set_temperature_22
15,owner,4.365808151850096,14.040495651850096,18.021495651850095,text_jane,text_jane,True,6.3,end_of_speech,unknown,unknown,unknown
15,owner,22.363267140988462,23.952642140988463,27.404079640988463,weather,weather,False,,,,,
15,distractor,30.69894582322072,,33.620945823220715,(none),none,False,,,,,
15,clone,37.742347919132094,39.2623479191321,41.36441041913209,next,next,True,38.5,max_length,next,unknown,next
15,clone,44.84643749397404,46.146437493974034,49.414749993974034,unknown_other,unknown,False,,,,,
16,clone,5.873899828258023,7.393899828258023,9.766899828258023,set_temperature_18,set_temperature_18,True,6.6,end_of_speech,set_temperature_18,set_temperature_18,set_temperature_18
16,distractor,14.58104595538811,,16.28260845538811,(none),none,False,,,,,
16,clone,21.19065704653869,21.95065704653869,24.24115704653869,list_reminders,list_reminders,False,,,,,
16,clone,28.930536896829075,29.850536896829077,32.22809939682907,unknown_other,unknown,True,29.9,max_length,unknown,unknown,unknown
16,owner,37.16684408690659,38.788219086906594,43.51309408690659,set_temperature_22,set_temperature_22,True,38.6,max_length,set_temperature_22,set_temperature_22,set_temperature_22
16,owner,47.34310432925554,54.39379182925554,57.08204182925554,time,time,True,49.0,max_length,unknown,unknown,unknown
17,clone,5.221416431776559,6.081416431776559,8.474978931776558,set_timer_5,set_timer_5,False,,,,,
17,owner,11.67142792033131,21.34611542033131,25.61642792033131,set_temperature_22,set_temperature_22,True,13.6,max_length,unknown,unknown,unknown
17,owner,29.163303365058795,30.475303365058796,35.8726158650588,set_temperature_26,set_temperature_26,True,30.4,end_of_speech,set_temperature_26,set_temperature_26,set_temperature_26
17,clone,39.53346038813365,40.27346038813365,42.828022888133646,set_timer_10,set_timer_10,False,,,,,
17,owner,47.75123264283059,49.212607642830584,53.29742014283059,set_alarm_7am,set_alarm_7am,True,49.1,no_speech_detected,unknown,unknown,unknown
18,clone,4.140481206458522,4.9804812064585215,7.3400437064585216,set_timer_5,set_timer_5,False,,,,,
18,distractor,12.241745718948707,,14.607995718948708,(none),none,False,,,,,
18,clone,19.176235926924313,20.116235926924315,23.622673426924315,remind_study,remind_study,False,,,,,
18,owner,28.19686446719608,37.871551967196076,41.77286446719608,set_temperature_18,set_temperature_18,True,30.1,max_length,unknown,unknown,unknown
18,owner,46.576558952814366,48.00593395281437,52.09418395281437,play_music,play_music,True,48.0,max_length,play_music,play_music,play_music
19,clone,4.215729899195875,5.175729899195875,7.400979899195875,dim_lights_20,dim_lights_20,True,5.1,end_of_speech,dim_lights_20,unknown,dim_lights_20
19,clone,11.19899015662086,12.15899015662086,14.00317765662086,lights_off,lights_off,True,12.1,max_length,lights_off,lights_off,lights_off
19,distractor,17.170836885830774,,20.193211885830774,(none),none,False,,,,,
19,clone,24.145296784462623,25.145296784462623,27.276234284462625,unknown_other,unknown,True,25.0,max_length,unknown,unknown,unknown
19,clone,31.399654432627997,32.339654432627995,34.256841932628,party,party,False,,,,,
19,owner,37.74715045828776,39.17652545828776,44.41015045828776,list_reminders,list_reminders,True,39.0,end_of_speech,list_reminders,unknown,list_reminders
19,clone,48.449126145858614,49.449126145858614,50.97350114585861,louder,volume_up,True,49.4,end_of_speech,volume_up,volume_up,volume_up
20,clone,5.078703857821313,6.598703857821313,7.8895163578213126,stop,stop,False,,,,,
20,owner,11.796499201855246,13.257874201855246,16.544311701855246,text_jane,text_jane,True,13.1,max_length,text_jane,unknown,text_jane
20,clone,20.007798196044874,21.307798196044875,23.520673196044875,weather,weather,False,,,,,
20,owner,28.04989630072559,29.51127130072559,33.05808380072559,louder,volume_up,True,29.4,end_of_speech,volume_up,volume_up,volume_up
20,owner,37.36889453834574,38.49958203834574,41.62845703834574,remind_trash,remind_trash,True,38.5,end_of_speech,remind_trash,remind_trash,remind_trash
20,clone,45.57504451572786,46.73504451572786,49.89123201572786,dim_lights_50,dim_lights_50,False,,,,,
21,owner,4.222059501840927,5.544747001840927,9.645122001840928,volume_up,volume_up,True,5.4,max_length,volume_up,unknown,volume_up
21,owner,12.974872084824753,14.105559584824753,19.351247084824752,dim_lights_20,dim_lights_20,False,,,,,
21,distractor,22.85475241174111,,26.64593991174111,(none),none,False,,,,,
21,clone,30.670291121438886,31.630291121438887,33.944041121438886,set_timer_10,set_timer_10,True,31.6,end_of_speech,set_timer_10,set_timer_10,set_timer_10
21,clone,38.84360734570556,39.80360734570556,42.642919845705556,set_alarm_6am,set_alarm_6am,True,39.8,end_of_speech,set_alarm_6am,set_alarm_6am,set_alarm_6am
21,owner,46.57445800515178,48.13183300515178,51.93983300515178,set_alarm_9pm,set_alarm_9pm,True,47.8,end_of_speech,set_alarm_9pm,unknown,set_alarm_9pm
22,distractor,5.643593917277275,,9.041031417277274,(none),none,False,,,,,
22,clone,12.405781160419679,13.36578116041968,15.008156160419679,lights_off,lights_off,True,13.3,end_of_speech,lights_off,lights_off,lights_off
22,distractor,18.884904185831374,,21.916591685831374,(none),none,False,,,,,
22,owner,26.671509865580468,28.22888486558047,32.05825986558047,volume_up,volume_up,False,,,,,
22,owner,36.61428620505836,43.664973705058365,47.52578620505837,set_temperature_18,set_temperature_18,True,38.3,max_length,unknown,unknown,unknown
23,clone,4.059640022015971,5.359640022015971,8.060015022015971,dim_lights_20,dim_lights_20,False,,,,,
23,distractor,12.685354444697134,,16.058604444697135,(none),none,False,,,,,
23,clone,19.757868774436098,21.0578687744361,23.3000562744361,play_music,play_music,False,,,,,
23,clone,26.7222737678755,27.6422737678755,29.8084612678755,list_reminders,list_reminders,True,27.7,end_of_speech,list_reminders,list_reminders,list_reminders
23,distractor,33.39016509996164,,35.86291509996164,(none),none,False,,,,,
23,owner,40.11736425422272,41.54673925422272,45.93142675422272,set_timer_1,set_timer_1,False,,,,,
23,distractor,49.710300316282144,,51.22730031628215,(none),none,False,,,,,
24,clone,4.995538781686224,5.955538781686224,8.573663781686225,set_alarm_6am,set_alarm_6am,True,5.9,end_of_speech,set_alarm_6am,set_alarm_6am,set_alarm_6am
24,clone,12.702194876202775,13.642194876202774,15.699882376202774,list_reminders,list_reminders,False,,,,,
24,clone,20.66203361936708,21.86203361936708,24.83684611936708,remind_study,remind_study,True,21.5,end_of_speech,remind_study,remind_study,remind_study
24,owner,28.344018105431097,29.965393105431097,33.259330605431096,remind_study,remind_study,True,29.7,max_length,unknown,unknown,unknown
24,owner,37.43609260222266,47.110780102222655,51.231842602222656,set_alarm_9pm,set_alarm_9pm,True,39.3,max_length,unknown,unknown,unknown
25,owner,5.748796769368525,7.370171769368525,11.556609269368526,set_temperature_26,set_temperature_26,True,7.1,end_of_speech,set_temperature_26,unknown,set_temperature_26
25,owner,15.8260154873433,16.9567029873433,20.5371404873433,louder,volume_up,True,17.1,end_of_speech,unknown,unknown,unknown
25,owner,23.839380867051354,25.151380867051355,28.52306836705135,weather,weather,True,25.0,end_of_speech,weather,weather,weather
25,owner,32.88317615859719,34.44055115859719,38.26148865859719,play_music,play_music,False,,,,,
25,clone,43.1583241676269,44.3183241676269,47.3998241676269,volume_up,volume_up,False,,,,,
26,owner,5.657788395098263,7.225788395098263,11.093225895098263,dim_lights_20,dim_lights_20,True,6.9,max_length,unknown,unknown,unknown
26,clone,15.254308956010316,16.414308956010316,20.418058956010317,remind_study,remind_study,False,,,,,
26,owner,24.590209434194584,26.019584434194584,30.041396934194584,volume_down,volume_down,True,25.8,end_of_speech,volume_down,volume_down,volume_down
26,clone,33.51727839488569,34.27727839488569,36.41996589488569,list_reminders,list_reminders,False,,,,,
26,clone,40.436049774193236,41.35604977419324,43.379612274193235,volume_up,volume_up,True,41.5,end_of_speech,volume_up,volume_up,volume_up
26,clone,47.588267990018274,48.78826799001828,50.181392990018274,louder,volume_up,True,48.4,end_of_speech,volume_up,volume_up,volume_up
27,distractor,4.7126462478133995,,8.197208747813399,(none),none,False,,,,,
27,clone,13.093731315603478,14.253731315603478,17.303793815603477,dim_lights_20,dim_lights_20,False,,,,,
27,owner,21.976537083859604,23.565912083859605,27.537037083859605,play_music,play_music,False,,,,,
27,owner,31.813570427379965,33.27494542737996,37.20282042737996,stop,stop,True,33.1,max_length,stop,stop,stop
27,clone,40.87023606051563,41.61023606051563,42.75317356051563,play,play,False,,,,,
27,clone,46.3814706507869,47.901470650786905,49.923720650786905,next,next,True,47.1,end_of_speech,next,next,next
28,distractor,5.6313281566133435,,7.332890656613344,(none),none,False,,,,,
28,clone,10.552477044790319,12.072477044790318,13.889977044790319,unknown_other,unknown,True,11.3,max_length,unknown,unknown,unknown
28,distractor,18.490781730928042,,21.46171923092804,(none),none,False,,,,,
28,clone,24.75915727416056,25.679157274160563,27.890844774160563,dim_lights_80,dim_lights_80,False,,,,,
28,owner,32.72375107814766,34.15312607814766,38.08368857814766,set_timer_1,set_timer_1,True,33.9,end_of_speech,set_timer_1,set_timer_1,set_timer_1
28,clone,42.43309343956729,43.39309343956729,45.789593439567284,remind_study,remind_study,True,43.3,end_of_speech,remind_study,remind_study,remind_study
28,distractor,49.99474349525636,,53.18149349525636,(none),none,False,,,,,
29,owner,5.413162727990083,30.511850227990085,33.855475227990084,time,time,True,6.6,end_of_speech,unknown,unknown,unknown
29,clone,38.27535165751323,39.19535165751323,41.742664157513225,set_alarm_7am,set_alarm_7am,True,39.2,end_of_speech,set_alarm_7am,set_alarm_7am,set_alarm_7am
29,distractor,46.10567258166957,,48.26373508166957,(none),none,False,,,,,
30,clone,5.085578477133695,5.925578477133695,7.7833909771336955,unknown_other,unknown,False,,,,,
30,owner,12.610936501980817,13.741624001980817,17.35093650198082,set_alarm_7am,set_alarm_7am,False,,,,,
30,distractor,21.57632696369482,,23.83388946369482,(none),none,False,,,,,
30,owner,28.806040776508247,35.85672827650825,41.05504077650825,set_temperature_26,set_temperature_26,True,30.5,max_length,unknown,unknown,unknown
30,clone,45.27232367325871,46.43232367325871,50.27557367325871,remind_trash,remind_trash,False,,,,,
31,clone,4.24588955534853,5.185889555348529,7.19045205534853,lights_off,lights_off,False,,,,,
31,clone,11.232921409363076,11.972921409363076,13.484608909363075,volume_up,volume_up,False,,,,,
31,owner,16.718823737964918,18.03082373796492,22.020073737964918,dim_lights_20,dim_lights_20,True,17.9,end_of_speech,dim_lights_20,dim_lights_20,dim_lights_20
31,clone,26.674976307126627,27.59497630712663,28.813913807126628,next,next,False,,,,,
32,owner,4.325445122910739,29.42413262291074,33.09632012291074,text_jane,text_jane,True,5.5,end_of_speech,unknown,unknown,unknown
32,clone,36.364120592577606,37.364120592577606,40.100683092577604,set_temperature_26,set_temperature_26,True,37.3,max_length,set_temperature_26,unknown,set_temperature_26
32,clone,44.55814126900572,45.298141269005725,47.29989126900573,lights_off,lights_off,False,,,,,
33,clone,5.212812101033784,6.052812101033783,7.386999601033784,stop,stop,False,,,,,
33,clone,12.140018447040564,13.060018447040564,15.015955947040563,pause,pause,False,,,,,
33,owner,18.41261602866625,19.98061602866625,23.83811602866625,remind_trash,remind_trash,True,19.6,end_of_speech,remind_trash,remind_trash,remind_trash
33,clone,26.85092475130837,27.81092475130837,30.937237251308368,set_timer_5,set_timer_5,False,,,,,
33,clone,35.524981399192555,36.36498139919256,37.79410639919256,stop,stop,False,,,,,
33,distractor,42.5463165961952,,45.019066596195195,(none),none,False,,,,,
33,owner,49.47625686237585,50.90563186237585,54.79300686237585,volume_up,volume_up,False,,,,,
34,clone,5.205461446662528,6.365461446662528,9.655336446662528,set_temperature_22,set_temperature_22,False,,,,,
34,distractor,14.147030854838267,,15.664030854838266,(none),none,False,,,,,
34,clone,20.660041646309352,21.620041646309353,23.697854146309353,unknown_other,unknown,True,21.6,end_of_speech,unknown,unknown,unknown
34,clone,27.31862335240519,28.23862335240519,29.69837335240519,play,play,False,,,,,
34,distractor,33.16203982541896,,35.634789825418956,(none),none,False,,,,,
35,clone,4.766777254050133,6.066777254050133,7.904902254050134,unknown_other,unknown,False,,,,,
35,clone,12.005084098488608,13.005084098488608,15.559584098488607,next,next,True,12.7,end_of_speech,next,next,next
35,clone,20.101991390239185,21.061991390239186,22.717678890239185,louder,volume_up,True,21.1,end_of_speech,volume_up,volume_up,volume_up
35,owner,26.18603665572209,51.28472415572209,54.541661655722095,time,time,True,27.4,max_length,unknown,unknown,unknown
36,clone,4.600708638903556,5.540708638903556,8.782958638903555,set_temperature_22,set_temperature_22,False,,,,,
36,clone,13.363851830685753,14.363851830685753,16.395414330685753,play,play,False,,,,,
36,distractor,20.60446538119189,,22.56440288119189,(none),none,False,,,,,
36,clone,26.257572426575667,27.457572426575666,29.390259926575666,lights_off,lights_off,True,27.1,end_of_speech,lights_off,lights_off,lights_off
36,owner,32.63295047215871,34.09432547215871,38.25088797215871,lights_on,lights_on,True,33.9,end_of_speech,lights_on,lights_on,lights_on
36,distractor,42.39405608352682,,45.32924358352682,(none),none,False,,,,,
36,clone,48.91676755223526,49.856767552235254,52.365455052235255,weather,weather,False,,,,,
37,clone,5.7299096256542414,6.669909625654242,8.851722125654241,set_alarm_7am,set_alarm_7am,False,,,,,
37,clone,13.710333355631732,14.470333355631732,16.50320835563173,play_music,play_music,False,,,,,
37,clone,21.248127995897256,22.188127995897258,23.954877995897256,party,party,False,,,,,
37,distractor,27.64952273093564,,30.68121023093564,(none),none,False,,,,,
37,clone,35.27749863080789,36.27749863080789,38.324248630807894,lights_off,lights_off,True,36.3,max_length,lights_off,lights_off,lights_off
37,owner,41.71969860911848,43.34107360911848,47.07757360911848,set_alarm_7am,set_alarm_7am,False,,,,,
38,clone,5.351858200814977,6.871858200814977,9.634233200814977,set_alarm_7am,set_alarm_7am,True,6.1,end_of_speech,set_alarm_7am,set_alarm_7am,set_alarm_7am
38,owner,13.864090989865653,15.453465989865654,18.610528489865654,lights_on,lights_on,False,,,,,
38,owner,22.643301150974132,47.741988650974136,52.63430115097413,lights_on,lights_on,True,23.8,end_of_speech,unknown,unknown,unknown
39,owner,4.456794808230593,5.918169808230593,9.751857308230594,set_timer_5,set_timer_5,True,5.8,end_of_speech,set_timer_5,set_timer_5,set_timer_5
39,owner,14.555205521125767,15.867205521125767,19.43976802112577,louder,volume_up,True,15.9,end_of_speech,unknown,unknown,unknown
39,clone,23.184927407701327,24.044927407701326,27.024177407701327,set_temperature_22,set_temperature_22,False,,,,,
39,owner,30.548162989497012,32.11616298949701,36.13672548949701,volume_up,volume_up,True,31.8,end_of_speech,volume_up,volume_up,volume_up
39,clone,40.647135612814665,41.58713561281466,43.100823112814666,play_music,play_music,False,,,,,
39,distractor,46.14942477301676,,48.51698727301676,(none),none,False,,,,,
