file,label,speaker,duration_sec,end_reason,wake_prob,recorded_at,wake_file,note
play_music/play_music_owner_20260930-122543-079.wav,play_music,owner,3.6,end_of_speech,0.9777,20260930-122543-079,,
weather/weather_owner_20260930-122549-366.wav,weather,owner,3.1,end_of_speech,0.9613,20260930-122549-366,,
time/time_owner_20260930-122555-350.wav,time,owner,2.6,end_of_speech,0.9793,20260930-122555-350,,
lights_on/lights_on_owner_20260930-122626-084.wav,lights_on,owner,2.5,end_of_speech,0.9418,20260930-122626-084,,
lights_off/lights_off_owner_20260930-122631-151.wav,lights_off,owner,2.3,end_of_speech,0.9685,20260930-122631-151,,
dim_lights_20/dim_lights_20_owner_20260930-122641-599.wav,dim_lights_20,owner,2.9,end_of_speech,0.9466,20260930-122641-599,,
dim_lights_50/dim_lights_50_owner_20260930-122646-870.wav,dim_lights_50,owner,2.4,end_of_speech,0.9809,20260930-122646-870,,
play_music/play_music_owner_20260930-122802-381.wav,play_music,owner,3.4,no_speech_detected,0.9886,20260930-122802-381,,
weather/weather_owner_20260930-122820-733.wav,weather,owner,2.6,end_of_speech,0.9712,20260930-122820-733,,
time/time_owner_20260930-122825-297.wav,time,owner,2.3,end_of_speech,0.9508,20260930-122825-297,,
lights_on/lights_on_owner_20260930-122829-553.wav,lights_on,owner,2.2,end_of_speech,0.9444,20260930-122829-553,,
lights_off/lights_off_owner_20260930-122833-404.wav,lights_off,owner,2.1,end_of_speech,0.9782,20260930-122833-404,,
dim_lights_20/dim_lights_20_owner_20260930-122839-188.wav,dim_lights_20,owner,2.7,end_of_speech,0.98,20260930-122839-188,,
dim_lights_50/dim_lights_50_owner_20260930-122844-966.wav,dim_lights_50,owner,3.3,end_of_speech,0.9536,20260930-122844-966,,
set_timer_1/set_timer_1_owner_20260930-123012-075.wav,set_timer_1,owner,3.2,end_of_speech,0.9784,20260930-123012-075,,
set_timer_5/set_timer_5_owner_20260930-123017-247.wav,set_timer_5,owner,3.2,end_of_speech,0.9863,20260930-123017-247,,
set_timer_10/set_timer_10_owner_20260930-123022-307.wav,set_timer_10,owner,3.3,end_of_speech,0.966,20260930-123022-307,,
set_alarm_7am/set_alarm_7am_owner_20260930-123043-004.wav,set_alarm_7am,owner,3.2,end_of_speech,0.979,20260930-123043-004,,
set_alarm_9pm/set_alarm_9pm_owner_20260930-123048-785.wav,set_alarm_9pm,owner,3.6,end_of_speech,0.976,20260930-123048-785,,
set_temperature_18/set_temperature_18_owner_20260930-123056-085.wav,set_temperature_18,owner,3.0,end_of_speech,0.9766,20260930-123056-085,,
set_temperature_22/set_temperature_22_owner_20260930-123101-865.wav,set_temperature_22,owner,3.5,end_of_speech,0.9698,20260930-123101-865,,
set_temperature_26/set_temperature_26_owner_20260930-123107-138.wav,set_temperature_26,owner,3.2,end_of_speech,0.9258,20260930-123107-138,,
pause/pause_owner_20260930-123112-816.wav,pause,owner,3.4,no_speech_detected,0.9664,20260930-123112-816,,
stop/stop_owner_20260930-123118-190.wav,stop,owner,3.4,no_speech_detected,0.9842,20260930-123118-190,,
next/next_owner_20260930-123134-320.wav,next,owner,3.4,no_speech_detected,0.9732,20260930-123134-320,,
skip/skip_owner_20260930-123142-032.wav,skip,owner,3.4,no_speech_detected,0.8919,20260930-123142-032,,
volume_up/volume_up_owner_20260930-123149-035.wav,volume_up,owner,2.4,end_of_speech,0.9702,20260930-123149-035,,
louder/louder_owner_20260930-123152-889.wav,louder,owner,2.1,end_of_speech,0.9704,20260930-123152-889,,
volume_down/volume_down_owner_20260930-123156-632.wav,volume_down,owner,2.0,end_of_speech,0.9678,20260930-123156-632,,
remind_trash/remind_trash_owner_20260930-123201-818.wav,remind_trash,owner,3.4,no_speech_detected,0.9717,20260930-123201-818,,
remind_study/remind_study_owner_20260930-123207-197.wav,remind_study,owner,3.4,no_speech_detected,0.9696,20260930-123207-197,,
list_reminders/list_reminders_owner_20260930-123211-765.wav,list_reminders,owner,2.5,end_of_speech,0.9568,20260930-123211-765,,
call_jane/call_jane_owner_20260930-123215-718.wav,call_jane,owner,2.1,end_of_speech,0.9701,20260930-123215-718,,
text_jane/text_jane_owner_20260930-123220-791.wav,text_jane,owner,3.3,no_speech_detected,0.9397,20260930-123220-791,,
unknown_silent/unknown_silent_owner_20260930-123226-882.wav,unknown_silent,owner,3.3,no_speech_detected,0.7774,20260930-123226-882,,
unknown_other/unknown_other_owner_20260930-123234-186.wav,unknown_other,owner,2.1,end_of_speech,0.9486,20260930-123234-186,,
play_music/play_music_owner_20260930-123314-277.wav,play_music,owner,3.3,no_speech_detected,0.9691,20260930-123314-277,,
weather/weather_owner_20260930-123323-401.wav,weather,owner,3.3,no_speech_detected,0.9696,20260930-123323-401,,
time/time_owner_20260930-123328-575.wav,time,owner,3.3,no_speech_detected,0.9523,20260930-123328-575,,
lights_on/lights_on_owner_20260930-123333-750.wav,lights_on,owner,3.3,no_speech_detected,0.8522,20260930-123333-750,,
lights_off/lights_off_owner_20260930-123337-609.wav,lights_off,owner,2.2,end_of_speech,0.9257,20260930-123337-609,,
dim_lights_20/dim_lights_20_owner_20260930-123342-172.wav,dim_lights_20,owner,2.4,end_of_speech,0.8548,20260930-123342-172,,
dim_lights_50/dim_lights_50_owner_20260930-123347-345.wav,dim_lights_50,owner,3.3,no_speech_detected,0.8951,20260930-123347-345,,
dim_lights_100/dim_lights_100_owner_20260930-123352-722.wav,dim_lights_100,owner,3.3,no_speech_detected,0.7844,20260930-123352-722,,
set_timer_1/set_timer_1_owner_20260930-123357-994.wav,set_timer_1,owner,3.3,no_speech_detected,0.9444,20260930-123357-994,,
set_timer_5/set_timer_5_owner_20260930-123402-762.wav,set_timer_5,owner,3.3,no_speech_detected,0.8185,20260930-123402-762,,
set_timer_10/set_timer_10_owner_20260930-123407-733.wav,set_timer_10,owner,3.3,no_speech_detected,0.9685,20260930-123407-733,,
set_alarm_6am/set_alarm_6am_owner_20260930-123415-342.wav,set_alarm_6am,owner,3.3,no_speech_detected,0.9379,20260930-123415-342,,
set_alarm_7am/set_alarm_7am_owner_20260930-123420-108.wav,set_alarm_7am,owner,2.8,end_of_speech,0.9226,20260930-123420-108,,
set_alarm_9pm/set_alarm_9pm_owner_20260930-123429-540.wav,set_alarm_9pm,owner,3.3,no_speech_detected,0.9841,20260930-123429-540,,
set_temperature_18/set_temperature_18_owner_20260930-123435-109.wav,set_temperature_18,owner,3.8,end_of_speech,0.9782,20260930-123435-109,,
set_temperature_22/set_temperature_22_owner_20260930-123439-991.wav,set_temperature_22,owner,3.3,no_speech_detected,0.9878,20260930-123439-991,,
set_temperature_26/set_temperature_26_owner_20260930-123444-960.wav,set_temperature_26,owner,3.3,no_speech_detected,0.9608,20260930-123444-960,,
pause/pause_owner_20260930-123450-239.wav,pause,owner,3.3,no_speech_detected,0.976,20260930-123450-239,,
stop/stop_owner_20260930-123457-844.wav,stop,owner,3.7,end_of_speech,0.956,20260930-123457-844,,
next/next_owner_20260930-123504-440.wav,next,owner,2.0,end_of_speech,0.959,20260930-123504-440,,
skip/skip_owner_20260930-123509-510.wav,skip,owner,3.3,no_speech_detected,0.9801,20260930-123509-510,,
volume_up/volume_up_owner_20260930-123513-060.wav,volume_up,owner,2.0,end_of_speech,0.9606,20260930-123513-060,,
louder/louder_owner_20260930-123523-814.wav,louder,owner,3.3,no_speech_detected,0.9801,20260930-123523-814,,
volume_down/volume_down_owner_20260930-123528-075.wav,volume_down,owner,2.5,end_of_speech,0.925,20260930-123528-075,,
remind_trash/remind_trash_owner_20260930-123538-317.wav,remind_trash,owner,2.7,end_of_speech,0.9322,20260930-123538-317,,
list_reminders/list_reminders_owner_20260930-123548-260.wav,list_reminders,owner,3.3,no_speech_detected,0.9323,20260930-123548-260,,
call_jane/call_jane_owner_20260930-123553-636.wav,call_jane,owner,3.3,no_speech_detected,0.9746,20260930-123553-636,,
text_jane/text_jane_owner_20260930-123558-098.wav,text_jane,owner,3.3,no_speech_detected,0.9837,20260930-123558-098,,
unknown_silent/unknown_silent_owner_20260930-123602-866.wav,unknown_silent,owner,1.4,end_of_speech,0.9814,20260930-123602-866,,
unknown_other/unknown_other_owner_20260930-123616-048.wav,unknown_other,owner,2.3,end_of_speech,0.975,20260930-123616-048,,
play_music/play_music_owner_20260930-123830-742.wav,play_music,owner,3.3,no_speech_detected,0.9909,20260930-123830-742,,
weather/weather_owner_20260930-123835-296.wav,weather,owner,2.8,end_of_speech,0.9211,20260930-123835-296,,
time/time_owner_20260930-123839-465.wav,time,owner,2.3,end_of_speech,0.9617,20260930-123839-465,,
lights_on/lights_on_owner_20260930-123843-420.wav,lights_on,owner,2.3,end_of_speech,0.985,20260930-123843-420,,
lights_off/lights_off_owner_20260930-123848-290.wav,lights_off,owner,3.3,no_speech_detected,0.9714,20260930-123848-290,,
dim_lights_20/dim_lights_20_owner_20260930-123852-657.wav,dim_lights_20,owner,2.9,end_of_speech,0.9954,20260930-123852-657,,
dim_lights_50/dim_lights_50_owner_20260930-123857-723.wav,dim_lights_50,owner,3.4,end_of_speech,0.9797,20260930-123857-723,,
dim_lights_80/dim_lights_80_owner_20260930-123901-781.wav,dim_lights_80,owner,2.5,end_of_speech,0.9803,20260930-123901-781,,
set_timer_1/set_timer_1_owner_20260930-123906-241.wav,set_timer_1,owner,2.9,end_of_speech,0.9785,20260930-123906-241,,
set_timer_5/set_timer_5_owner_20260930-123910-804.wav,set_timer_5,owner,2.9,end_of_speech,0.9392,20260930-123910-804,,
set_timer_10/set_timer_10_owner_20260930-123915-368.wav,set_timer_10,owner,2.9,end_of_speech,0.9543,20260930-123915-368,,
set_alarm_6am/set_alarm_6am_owner_20260930-123919-730.wav,set_alarm_6am,owner,3.0,end_of_speech,0.9314,20260930-123919-730,,
set_alarm_7am/set_alarm_7am_owner_20260930-123923-887.wav,set_alarm_7am,owner,2.5,end_of_speech,0.9869,20260930-123923-887,,
set_alarm_9pm/set_alarm_9pm_owner_20260930-123928-236.wav,set_alarm_9pm,owner,2.6,end_of_speech,0.9427,20260930-123928-236,,
set_temperature_18/set_temperature_18_owner_20260930-123932-405.wav,set_temperature_18,owner,2.4,end_of_speech,0.9635,20260930-123932-405,,
set_temperature_22/set_temperature_22_owner_20260930-123937-276.wav,set_temperature_22,owner,2.6,end_of_speech,0.8872,20260930-123937-276,,
set_temperature_26/set_temperature_26_owner_20260930-123941-331.wav,set_temperature_26,owner,2.3,end_of_speech,0.9812,20260930-123941-331,,
pause/pause_owner_20260930-123946-812.wav,pause,owner,3.3,no_speech_detected,0.9726,20260930-123946-812,,
stop/stop_owner_20260930-123951-373.wav,stop,owner,3.3,no_speech_detected,0.9717,20260930-123951-373,,
next/next_owner_20260930-123956-037.wav,next,owner,3.3,no_speech_detected,0.9802,20260930-123956-037,,
skip/skip_owner_20260930-124000-706.wav,skip,owner,3.3,no_speech_detected,0.9691,20260930-124000-706,,
volume_up/volume_up_owner_20260930-124004-150.wav,volume_up,owner,2.1,end_of_speech,0.9793,20260930-124004-150,,
louder/louder_owner_20260930-124007-597.wav,louder,owner,2.0,end_of_speech,0.9858,20260930-124007-597,,
volume_down/volume_down_owner_20260930-124011-349.wav,volume_down,owner,2.3,end_of_speech,0.9721,20260930-124011-349,,
remind_trash/remind_trash_owner_20260930-124015-510.wav,remind_trash,owner,2.8,end_of_speech,0.7968,20260930-124015-510,,
remind_study/remind_study_owner_20260930-124020-281.wav,remind_study,owner,3.1,end_of_speech,0.9822,20260930-124020-281,,
list_reminders/list_reminders_owner_20260930-124024-030.wav,list_reminders,owner,2.2,end_of_speech,0.9584,20260930-124024-030,,
call_jane/call_jane_owner_20260930-124028-289.wav,call_jane,owner,2.7,end_of_speech,0.9307,20260930-124028-289,,
text_jane/text_jane_owner_20260930-124032-957.wav,text_jane,owner,3.3,no_speech_detected,0.9309,20260930-124032-957,,
unknown_silent/unknown_silent_owner_20260930-124038-635.wav,unknown_silent,owner,3.3,no_speech_detected,0.9761,20260930-124038-635,,
unknown_other/unknown_other_owner_20260930-124051-921.wav,unknown_other,owner,3.3,no_speech_detected,0.8828,20260930-124051-921,,
play_music/play_music_owner_20260930-124135-230.wav,play_music,owner,2.5,end_of_speech,0.9702,20260930-124135-230,,
weather/weather_owner_20260930-124152-672.wav,weather,owner,2.7,end_of_speech,0.9861,20260930-124152-672,,
time/time_owner_20260930-124156-727.wav,time,owner,2.3,end_of_speech,0.9675,20260930-124156-727,,
lights_on/lights_on_owner_20260930-124200-580.wav,lights_on,owner,2.3,end_of_speech,0.9796,20260930-124200-580,,
lights_off/lights_off_owner_20260930-124204-434.wav,lights_off,owner,2.2,end_of_speech,0.9641,20260930-124204-434,,
dim_lights_20/dim_lights_20_owner_20260930-124209-098.wav,dim_lights_20,owner,3.0,end_of_speech,0.945,20260930-124209-098,,
dim_lights_50/dim_lights_50_owner_20260930-124213-865.wav,dim_lights_50,owner,3.0,end_of_speech,0.956,20260930-124213-865,,
dim_lights_80/dim_lights_80_owner_20260930-124218-836.wav,dim_lights_80,owner,2.9,end_of_speech,0.9628,20260930-124218-836,,
set_timer_1/set_timer_1_owner_20260930-124223-707.wav,set_timer_1,owner,3.0,end_of_speech,0.9658,20260930-124223-707,,
set_timer_5/set_timer_5_owner_20260930-124228-267.wav,set_timer_5,owner,2.9,end_of_speech,0.9691,20260930-124228-267,,
set_timer_10/set_timer_10_owner_20260930-124232-836.wav,set_timer_10,owner,2.9,end_of_speech,0.9655,20260930-124232-836,,
set_alarm_6am/set_alarm_6am_owner_20260930-124238-513.wav,set_alarm_6am,owner,3.0,end_of_speech,0.9737,20260930-124238-513,,
set_alarm_7am/set_alarm_7am_owner_20260930-124242-768.wav,set_alarm_7am,owner,2.8,end_of_speech,0.9668,20260930-124242-768,,
set_alarm_9pm/set_alarm_9pm_owner_20260930-124247-235.wav,set_alarm_9pm,owner,2.7,end_of_speech,0.9605,20260930-124247-235,,
set_temperature_18/set_temperature_18_owner_20260930-124251-999.wav,set_temperature_18,owner,2.9,end_of_speech,0.9671,20260930-124251-999,,
set_temperature_22/set_temperature_22_owner_20260930-124256-972.wav,set_temperature_22,owner,3.4,end_of_speech,0.9739,20260930-124256-972,,
set_temperature_26/set_temperature_26_owner_20260930-124301-638.wav,set_temperature_26,owner,3.1,end_of_speech,0.964,20260930-124301-638,,
pause/pause_owner_20260930-124306-710.wav,pause,owner,3.3,no_speech_detected,0.9791,20260930-124306-710,,
stop/stop_owner_20260930-124311-171.wav,stop,owner,3.3,no_speech_detected,0.9753,20260930-124311-171,,
next/next_owner_20260930-124315-938.wav,next,owner,3.3,no_speech_detected,0.9538,20260930-124315-938,,
skip/skip_owner_20260930-124320-807.wav,skip,owner,3.3,no_speech_detected,0.9858,20260930-124320-807,,
volume_up/volume_up_owner_20260930-124324-965.wav,volume_up,owner,2.4,end_of_speech,0.9668,20260930-124324-965,,
louder/louder_owner_20260930-124329-427.wav,louder,owner,2.6,end_of_speech,0.9762,20260930-124329-427,,
volume_down/volume_down_owner_20260930-124333-685.wav,volume_down,owner,2.6,end_of_speech,0.9688,20260930-124333-685,,
remind_trash/remind_trash_owner_20260930-124338-352.wav,remind_trash,owner,2.9,end_of_speech,0.9653,20260930-124338-352,,
remind_study/remind_study_owner_20260930-124342-918.wav,remind_study,owner,2.9,end_of_speech,0.9705,20260930-124342-918,,
list_reminders/list_reminders_owner_20260930-124347-076.wav,list_reminders,owner,2.5,end_of_speech,0.946,20260930-124347-076,,
call_jane/call_jane_owner_20260930-124350-723.wav,call_jane,owner,2.1,end_of_speech,0.9312,20260930-124350-723,,
text_jane/text_jane_owner_20260930-124355-492.wav,text_jane,owner,3.3,no_speech_detected,0.9482,20260930-124355-492,,
unknown_silent/unknown_silent_owner_20260930-124400-358.wav,unknown_silent,owner,3.3,no_speech_detected,0.9813,20260930-124400-358,,
unknown_other/unknown_other_owner_20260930-124406-140.wav,unknown_other,owner,3.2,end_of_speech,0.9852,20260930-124406-140,,
play_music/play_music_owner_20260930-124414-253.wav,play_music,owner,2.5,end_of_speech,0.9814,20260930-124414-253,,
weather/weather_owner_20260930-124418-614.wav,weather,owner,2.3,end_of_speech,0.9551,20260930-124418-614,,
time/time_owner_20260930-124425-610.wav,time,owner,2.4,end_of_speech,0.9493,20260930-124425-610,,
lights_on/lights_on_owner_20260930-124429-871.wav,lights_on,owner,2.3,end_of_speech,0.7515,20260930-124429-871,,
lights_off/lights_off_owner_20260930-124433-624.wav,lights_off,owner,2.2,end_of_speech,0.7682,20260930-124433-624,,
dim_lights_20/dim_lights_20_owner_20260930-124438-390.wav,dim_lights_20,owner,2.8,end_of_speech,0.9695,20260930-124438-390,,
dim_lights_50/dim_lights_50_owner_20260930-124443-258.wav,dim_lights_50,owner,2.9,end_of_speech,0.8788,20260930-124443-258,,
dim_lights_80/dim_lights_80_owner_20260930-124447-823.wav,dim_lights_80,owner,2.9,end_of_speech,0.9243,20260930-124447-823,,
set_timer_1/set_timer_1_owner_20260930-124452-488.wav,set_timer_1,owner,3.0,end_of_speech,0.9702,20260930-124452-488,,
set_timer_5/set_timer_5_owner_20260930-124456-950.wav,set_timer_5,owner,2.9,end_of_speech,0.9566,20260930-124456-950,,
set_timer_10/set_timer_10_owner_20260930-124501-717.wav,set_timer_10,owner,3.0,end_of_speech,0.7978,20260930-124501-717,,
set_alarm_6am/set_alarm_6am_owner_20260930-124506-585.wav,set_alarm_6am,owner,3.1,end_of_speech,0.9848,20260930-124506-585,,
set_alarm_7am/set_alarm_7am_owner_20260930-124511-251.wav,set_alarm_7am,owner,2.9,end_of_speech,0.8689,20260930-124511-251,,
set_alarm_9pm/set_alarm_9pm_owner_20260930-124515-912.wav,set_alarm_9pm,owner,3.0,end_of_speech,0.9652,20260930-124515-912,,
set_temperature_18/set_temperature_18_owner_20260930-124521-289.wav,set_temperature_18,owner,3.5,end_of_speech,0.9602,20260930-124521-289,,
set_temperature_22/set_temperature_22_owner_20260930-124528-493.wav,set_temperature_22,owner,3.3,end_of_speech,0.9842,20260930-124528-493,,
set_temperature_26/set_temperature_26_owner_20260930-124533-665.wav,set_temperature_26,owner,3.3,end_of_speech,0.9766,20260930-124533-665,,
pause/pause_owner_20260930-124538-936.wav,pause,owner,3.4,no_speech_detected,0.9864,20260930-124538-936,,
stop/stop_owner_20260930-124543-601.wav,stop,owner,3.4,no_speech_detected,0.9172,20260930-124543-601,,
next/next_owner_20260930-124548-366.wav,next,owner,3.4,no_speech_detected,0.9697,20260930-124548-366,,
skip/skip_owner_20260930-124553-437.wav,skip,owner,3.4,no_speech_detected,0.7581,20260930-124553-437,,
volume_up/volume_up_owner_20260930-124557-194.wav,volume_up,owner,2.3,end_of_speech,0.9851,20260930-124557-194,,
louder/louder_owner_20260930-124600-944.wav,louder,owner,2.2,end_of_speech,0.9892,20260930-124600-944,,
volume_down/volume_down_owner_20260930-124604-797.wav,volume_down,owner,2.5,end_of_speech,0.9731,20260930-124604-797,,
remind_trash/remind_trash_owner_20260930-124609-056.wav,remind_trash,owner,2.7,end_of_speech,0.9541,20260930-124609-056,,
remind_study/remind_study_owner_20260930-124613-621.wav,remind_study,owner,2.9,end_of_speech,0.9785,20260930-124613-621,,
list_reminders/list_reminders_owner_20260930-124617-679.wav,list_reminders,owner,2.3,end_of_speech,0.8707,20260930-124617-679,,
call_jane/call_jane_owner_20260930-124621-227.wav,call_jane,owner,2.1,end_of_speech,0.9693,20260930-124621-227,,
text_jane/text_jane_owner_20260930-124626-097.wav,text_jane,owner,3.4,no_speech_detected,0.9605,20260930-124626-097,,
unknown_silent/unknown_silent_owner_20260930-124701-793.wav,unknown_silent,owner,3.4,no_speech_detected,0.9857,20260930-124701-793,,
unknown_other/unknown_other_owner_20260930-124708-994.wav,unknown_other,owner,2.9,end_of_speech,0.988,20260930-124708-994,,
play_music/play_music_owner_20260930-124724-610.wav,play_music,owner,2.5,end_of_speech,0.979,20260930-124724-610,,
weather/weather_owner_20260930-124728-565.wav,weather,owner,2.5,end_of_speech,0.9625,20260930-124728-565,,
time/time_owner_20260930-124732-320.wav,time,owner,2.3,end_of_speech,0.9903,20260930-124732-320,,
lights_on/lights_on_owner_20260930-124736-273.wav,lights_on,owner,2.5,end_of_speech,0.9912,20260930-124736-273,,
lights_off/lights_off_owner_20260930-124740-228.wav,lights_off,owner,2.6,end_of_speech,0.9882,20260930-124740-228,,
dim_lights_20/dim_lights_20_owner_20260930-124744-792.wav,dim_lights_20,owner,3.2,end_of_speech,0.9851,20260930-124744-792,,
dim_lights_50/dim_lights_50_owner_20260930-124749-155.wav,dim_lights_50,owner,2.9,end_of_speech,0.9866,20260930-124749-155,,
dim_lights_80/dim_lights_80_owner_20260930-124753-823.wav,dim_lights_80,owner,3.2,end_of_speech,0.9863,20260930-124753-823,,
set_timer_1/set_timer_1_owner_20260930-124758-687.wav,set_timer_1,owner,3.4,end_of_speech,0.9907,20260930-124758-687,,
set_timer_5/set_timer_5_owner_20260930-124803-455.wav,set_timer_5,owner,3.3,end_of_speech,0.9899,20260930-124803-455,,
set_timer_10/set_timer_10_owner_20260930-124807-914.wav,set_timer_10,owner,3.2,end_of_speech,0.9879,20260930-124807-914,,
set_alarm_6am/set_alarm_6am_owner_20260930-124812-684.wav,set_alarm_6am,owner,3.5,end_of_speech,0.9894,20260930-124812-684,,
set_alarm_7am/set_alarm_7am_owner_20260930-124817-448.wav,set_alarm_7am,owner,3.2,end_of_speech,0.9861,20260930-124817-448,,
set_alarm_9pm/set_alarm_9pm_owner_20260930-124822-317.wav,set_alarm_9pm,owner,3.4,end_of_speech,0.9939,20260930-124822-317,,
set_temperature_18/set_temperature_18_owner_20260930-124827-084.wav,set_temperature_18,owner,3.2,end_of_speech,0.9952,20260930-124827-084,,
set_temperature_22/set_temperature_22_owner_20260930-124832-364.wav,set_temperature_22,owner,3.7,end_of_speech,0.9745,20260930-124832-364,,
set_temperature_26/set_temperature_26_owner_20260930-124837-533.wav,set_temperature_26,owner,3.8,end_of_speech,0.9905,20260930-124837-533,,
pause/pause_owner_20260930-124841-284.wav,pause,owner,2.2,end_of_speech,0.9898,20260930-124841-284,,
stop/stop_owner_20260930-124844-940.wav,stop,owner,2.2,end_of_speech,0.9827,20260930-124844-940,,
next/next_owner_20260930-124848-592.wav,next,owner,2.2,end_of_speech,0.9863,20260930-124848-592,,
skip/skip_owner_20260930-124853-261.wav,skip,owner,3.4,no_speech_detected,0.9909,20260930-124853-261,,
volume_up/volume_up_owner_20260930-124857-420.wav,volume_up,owner,2.4,end_of_speech,0.9719,20260930-124857-420,,
louder/louder_owner_20260930-124901-073.wav,louder,owner,2.3,end_of_speech,0.9778,20260930-124901-073,,
volume_down/volume_down_owner_20260930-124904-927.wav,volume_down,owner,2.5,end_of_speech,0.971,20260930-124904-927,,
remind_trash/remind_trash_owner_20260930-124910-203.wav,remind_trash,owner,4.0,end_of_speech,0.9748,20260930-124910-203,,
remind_study/remind_study_owner_20260930-124915-582.wav,remind_study,owner,3.9,end_of_speech,0.9843,20260930-124915-582,,
list_reminders/list_reminders_owner_20260930-124920-047.wav,list_reminders,owner,2.9,end_of_speech,0.9834,20260930-124920-047,,
call_jane/call_jane_owner_20260930-124923-898.wav,call_jane,owner,2.5,end_of_speech,0.9727,20260930-124923-898,,
text_jane/text_jane_owner_20260930-124927-957.wav,text_jane,owner,2.6,end_of_speech,0.9844,20260930-124927-957,,
unknown_silent/unknown_silent_owner_20260930-124932-627.wav,unknown_silent,owner,3.4,no_speech_detected,0.983,20260930-124932-627,,
unknown_other/unknown_other_owner_20260930-124936-988.wav,unknown_other,owner,2.5,end_of_speech,0.9568,20260930-124936-988,,
play_music/play_music_owner_20260930-124941-148.wav,play_music,owner,2.5,end_of_speech,0.9771,20260930-124941-148,,
weather/weather_owner_20260930-124945-511.wav,weather,owner,2.6,end_of_speech,0.988,20260930-124945-511,,
time/time_owner_20260930-125346-449.wav,time,owner,3.4,no_speech_detected,0.9537,20260930-125346-449,,
lights_on/lights_on_owner_20260930-125355-475.wav,lights_on,owner,3.4,no_speech_detected,0.8129,20260930-125355-475,,
lights_off/lights_off_owner_20260930-125421-032.wav,lights_off,owner,3.4,no_speech_detected,0.8186,20260930-125421-032,,
dim_lights_20/dim_lights_20_owner_20260930-125427-731.wav,dim_lights_20,owner,3.4,no_speech_detected,0.9567,20260930-125427-731,,
dim_lights_100/dim_lights_100_owner_20260930-125541-166.wav,dim_lights_100,owner,3.4,no_speech_detected,0.8016,20260930-125541-166,,
set_timer_1/set_timer_1_owner_20260930-125546-946.wav,set_timer_1,owner,3.4,no_speech_detected,0.8941,20260930-125546-946,,
set_timer_5/set_timer_5_owner_20260930-125552-424.wav,set_timer_5,owner,3.4,no_speech_detected,0.9574,20260930-125552-424,,
set_timer_10/set_timer_10_owner_20260930-125600-333.wav,set_timer_10,owner,3.4,no_speech_detected,0.7566,20260930-125600-333,,
set_alarm_6am/set_alarm_6am_owner_20260930-125605-396.wav,set_alarm_6am,owner,3.4,no_speech_detected,0.9697,20260930-125605-396,,
set_alarm_7am/set_alarm_7am_owner_20260930-125613-214.wav,set_alarm_7am,owner,3.4,no_speech_detected,0.9011,20260930-125613-214,,
set_alarm_9pm/set_alarm_9pm_owner_20260930-125618-085.wav,set_alarm_9pm,owner,3.4,no_speech_detected,0.9576,20260930-125618-085,,
set_temperature_18/set_temperature_18_owner_20260930-125625-999.wav,set_temperature_18,owner,3.4,no_speech_detected,0.8088,20260930-125625-999,,
set_temperature_22/set_temperature_22_owner_20260930-125631-373.wav,set_temperature_22,owner,3.4,no_speech_detected,0.8931,20260930-125631-373,,
set_temperature_26/set_temperature_26_owner_20260930-125636-950.wav,set_temperature_26,owner,3.4,no_speech_detected,0.9613,20260930-125636-950,,
pause/pause_owner_20260930-125642-428.wav,pause,owner,3.4,no_speech_detected,0.8453,20260930-125642-428,,
stop/stop_owner_20260930-125647-396.wav,stop,owner,3.4,no_speech_detected,0.9041,20260930-125647-396,,
next/next_owner_20260930-125652-166.wav,next,owner,3.4,no_speech_detected,0.9285,20260930-125652-166,,
skip/skip_owner_20260930-125659-973.wav,skip,owner,3.4,no_speech_detected,0.9152,20260930-125659-973,,
volume_up/volume_up_owner_20260930-125704-841.wav,volume_up,owner,3.4,no_speech_detected,0.8603,20260930-125704-841,,
louder/louder_owner_20260930-125709-913.wav,louder,owner,3.4,no_speech_detected,0.8434,20260930-125709-913,,
volume_down/volume_down_owner_20260930-125714-882.wav,volume_down,owner,3.4,no_speech_detected,0.9614,20260930-125714-882,,
remind_trash/remind_trash_owner_20260930-125719-753.wav,remind_trash,owner,3.4,no_speech_detected,0.9002,20260930-125719-753,,
remind_study/remind_study_owner_20260930-125724-923.wav,remind_study,owner,3.4,no_speech_detected,0.948,20260930-125724-923,,
list_reminders/list_reminders_owner_20260930-125730-300.wav,list_reminders,owner,3.4,no_speech_detected,0.7678,20260930-125730-300,,
call_jane/call_jane_owner_20260930-125735-372.wav,call_jane,owner,3.4,no_speech_detected,0.8807,20260930-125735-372,,
text_jane/text_jane_owner_20260930-125740-345.wav,text_jane,owner,3.4,no_speech_detected,0.9748,20260930-125740-345,,
unknown_silent/unknown_silent_owner_20260930-125745-411.wav,unknown_silent,owner,3.4,no_speech_detected,0.9643,20260930-125745-411,,
unknown_other/unknown_other_owner_20260930-125750-380.wav,unknown_other,owner,3.4,no_speech_detected,0.9254,20260930-125750-380,,
play_music/play_music_owner_20260930-125954-729.wav,play_music,owner,2.5,end_of_speech,0.9917,20260930-125954-729,,
weather/weather_owner_20260930-125959-499.wav,weather,owner,2.8,end_of_speech,0.9024,20260930-125959-499,,
time/time_owner_20260930-130004-264.wav,time,owner,3.0,end_of_speech,0.9477,20260930-130004-264,,
lights_on/lights_on_owner_20260930-130008-727.wav,lights_on,owner,2.6,end_of_speech,0.9698,20260930-130008-727,,
lights_off/lights_off_owner_20260930-130012-882.wav,lights_off,owner,2.4,end_of_speech,0.9452,20260930-130012-882,,
dim_lights_20/dim_lights_20_owner_20260930-130017-547.wav,dim_lights_20,owner,3.2,end_of_speech,0.9701,20260930-130017-547,,
dim_lights_50/dim_lights_50_owner_20260930-130022-315.wav,dim_lights_50,owner,3.2,end_of_speech,0.9808,20260930-130022-315,,
dim_lights_80/dim_lights_80_owner_20260930-130027-081.wav,dim_lights_80,owner,3.1,end_of_speech,0.9778,20260930-130027-081,,
set_timer_1/set_timer_1_owner_20260930-130031-848.wav,set_timer_1,owner,3.1,end_of_speech,0.9908,20260930-130031-848,,
set_timer_5/set_timer_5_owner_20260930-130036-718.wav,set_timer_5,owner,3.3,end_of_speech,0.9781,20260930-130036-718,,
set_timer_10/set_timer_10_owner_20260930-130041-787.wav,set_timer_10,owner,3.2,end_of_speech,0.9783,20260930-130041-787,,
set_alarm_6am/set_alarm_6am_owner_20260930-130047-670.wav,set_alarm_6am,owner,3.9,end_of_speech,0.9875,20260930-130047-670,,
set_alarm_7am/set_alarm_7am_owner_20260930-130052-640.wav,set_alarm_7am,owner,3.2,end_of_speech,0.983,20260930-130052-640,,
set_alarm_9pm/set_alarm_9pm_owner_20260930-130058-525.wav,set_alarm_9pm,owner,3.8,end_of_speech,0.9916,20260930-130058-525,,
set_temperature_18/set_temperature_18_owner_20260930-130103-798.wav,set_temperature_18,owner,3.4,end_of_speech,0.9559,20260930-130103-798,,
set_temperature_22/set_temperature_22_owner_20260930-130109-374.wav,set_temperature_22,owner,3.9,end_of_speech,0.9563,20260930-130109-374,,
set_temperature_26/set_temperature_26_owner_20260930-130114-345.wav,set_temperature_26,owner,3.2,end_of_speech,0.9618,20260930-130114-345,,
pause/pause_owner_20260930-130119-618.wav,pause,owner,3.4,no_speech_detected,0.9586,20260930-130119-618,,
stop/stop_owner_20260930-130124-387.wav,stop,owner,3.4,no_speech_detected,0.9875,20260930-130124-387,,
next/next_owner_20260930-130129-253.wav,next,owner,3.4,no_speech_detected,0.9816,20260930-130129-253,,
skip/skip_owner_20260930-130134-021.wav,skip,owner,3.4,no_speech_detected,0.9768,20260930-130134-021,,
volume_up/volume_up_owner_20260930-130137-977.wav,volume_up,owner,2.4,end_of_speech,0.9872,20260930-130137-977,,
louder/louder_owner_20260930-130141-526.wav,louder,owner,2.0,end_of_speech,0.9844,20260930-130141-526,,
volume_down/volume_down_owner_20260930-130145-584.wav,volume_down,owner,2.4,end_of_speech,0.9826,20260930-130145-584,,
remind_trash/remind_trash_owner_20260930-130150-652.wav,remind_trash,owner,3.4,end_of_speech,0.8065,20260930-130150-652,,
remind_study/remind_study_owner_20260930-130155-522.wav,remind_study,owner,3.3,end_of_speech,0.9548,20260930-130155-522,,
list_reminders/list_reminders_owner_20260930-130200-292.wav,list_reminders,owner,2.9,end_of_speech,0.9675,20260930-130200-292,,
call_jane/call_jane_owner_20260930-130204-348.wav,call_jane,owner,2.4,end_of_speech,0.9818,20260930-130204-348,,
text_jane/text_jane_owner_20260930-130208-401.wav,text_jane,owner,2.4,end_of_speech,0.929,20260930-130208-401,,
unknown_silent/unknown_silent_owner_20260930-130213-470.wav,unknown_silent,owner,3.4,no_speech_detected,0.8602,20260930-130213-470,,
unknown_other/unknown_other_owner_20260930-130218-745.wav,unknown_other,owner,3.1,end_of_speech,0.9659,20260930-130218-745,,
play_music/play_music_owner_20260930-130256-679.wav,play_music,owner,5.3,max_length,0.9417,20260930-130256-679,,
weather/weather_owner_20260930-130303-679.wav,weather,owner,4.9,max_length,0.955,20260930-130303-679,,
time/time_owner_20260930-130313-214.wav,time,owner,5.4,max_length,0.9599,20260930-130313-214,,
lights_on/lights_on_owner_20260930-130318-185.wav,lights_on,owner,3.2,end_of_speech,0.9125,20260930-130318-185,,
lights_off/lights_off_owner_20260930-130329-643.wav,lights_off,owner,4.8,max_length,0.9419,20260930-130329-643,,
dim_lights_20/dim_lights_20_owner_20260930-130337-046.wav,dim_lights_20,owner,5.5,max_length,0.8973,20260930-130337-046,,
dim_lights_50/dim_lights_50_owner_20260930-130344-146.wav,dim_lights_50,owner,5.5,end_of_speech,0.9191,20260930-130344-146,,
dim_lights_100/dim_lights_100_owner_20260930-130351-652.wav,dim_lights_100,owner,5.7,max_length,0.9642,20260930-130351-652,,
set_timer_1/set_timer_1_owner_20260930-130358-648.wav,set_timer_1,owner,5.0,max_length,0.8525,20260930-130358-648,,
set_timer_5/set_timer_5_owner_20260930-130405-141.wav,set_timer_5,owner,4.9,max_length,0.8951,20260930-130405-141,,
set_timer_10/set_timer_10_owner_20260930-130414-068.wav,set_timer_10,owner,3.7,end_of_speech,0.7928,20260930-130414-068,,
set_alarm_6am/set_alarm_6am_owner_20260930-130425-627.wav,set_alarm_6am,owner,4.0,end_of_speech,0.9417,20260930-130425-627,,
set_alarm_7am/set_alarm_7am_owner_20260930-130431-205.wav,set_alarm_7am,owner,3.7,end_of_speech,0.9638,20260930-130431-205,,
set_alarm_9pm/set_alarm_9pm_owner_20260930-130436-175.wav,set_alarm_9pm,owner,3.1,end_of_speech,0.9678,20260930-130436-175,,
set_temperature_18/set_temperature_18_owner_20260930-130442-770.wav,set_temperature_18,owner,4.5,end_of_speech,0.9587,20260930-130442-770,,
set_temperature_22/set_temperature_22_owner_20260930-130447-027.wav,set_temperature_22,owner,2.9,end_of_speech,0.9675,20260930-130447-027,,
set_temperature_26/set_temperature_26_owner_20260930-130452-101.wav,set_temperature_26,owner,3.4,end_of_speech,0.9765,20260930-130452-101,,
pause/pause_owner_20260930-130501-943.wav,pause,owner,4.9,max_length,0.929,20260930-130501-943,,
stop/stop_owner_20260930-130508-332.wav,stop,owner,4.8,max_length,0.7935,20260930-130508-332,,
next/next_owner_20260930-130515-123.wav,next,owner,5.3,max_length,0.8584,20260930-130515-123,,
skip/skip_owner_20260930-130518-368.wav,skip,owner,1.5,end_of_speech,0.8905,20260930-130518-368,,
volume_up/volume_up_owner_20260930-130523-645.wav,volume_up,owner,3.5,end_of_speech,0.9173,20260930-130523-645,,
louder/louder_owner_20260930-130531-352.wav,louder,owner,5.4,max_length,0.7818,20260930-130531-352,,
volume_down/volume_down_owner_20260930-130538-351.wav,volume_down,owner,5.5,max_length,0.9164,20260930-130538-351,,
remind_trash/remind_trash_owner_20260930-130545-244.wav,remind_trash,owner,5.4,max_length,0.8491,20260930-130545-244,,
remind_study/remind_study_owner_20260930-130558-428.wav,remind_study,owner,5.4,max_length,0.9197,20260930-130558-428,,
list_reminders/list_reminders_owner_20260930-130608-671.wav,list_reminders,owner,4.5,end_of_speech,0.8836,20260930-130608-671,,
call_jane/call_jane_owner_20260930-130615-872.wav,call_jane,owner,5.7,max_length,0.9065,20260930-130615-872,,
text_jane/text_jane_owner_20260930-130621-448.wav,text_jane,owner,4.2,end_of_speech,0.9614,20260930-130621-448,,
unknown_silent/unknown_silent_owner_20260930-130628-338.wav,unknown_silent,owner,5.2,max_length,0.9002,20260930-130628-338,,
unknown_other/unknown_other_owner_20260930-130634-932.wav,unknown_other,owner,4.9,max_length,0.962,20260930-130634-932,,
play_music/play_music_owner_20260930-133641-286.wav,play_music,owner,2.5,end_of_speech,0.9767,20260930-133641-286,,
weather/weather_owner_20260930-133648-778.wav,weather,owner,3.4,no_speech_detected,0.9724,20260930-133648-778,,
time/time_owner_20260930-133653-940.wav,time,owner,3.3,no_speech_detected,0.9787,20260930-133653-940,,
lights_on/lights_on_owner_20260930-133658-698.wav,lights_on,owner,3.3,no_speech_detected,0.9712,20260930-133658-698,,
lights_off/lights_off_owner_20260930-133703-455.wav,lights_off,owner,3.3,no_speech_detected,0.9779,20260930-133703-455,,
dim_lights_20/dim_lights_20_owner_20260930-133708-109.wav,dim_lights_20,owner,3.3,no_speech_detected,0.9737,20260930-133708-109,,
dim_lights_50/dim_lights_50_owner_20260930-133713-171.wav,dim_lights_50,owner,3.3,no_speech_detected,0.9902,20260930-133713-171,,
dim_lights_80/dim_lights_80_owner_20260930-133718-029.wav,dim_lights_80,owner,3.3,no_speech_detected,0.9604,20260930-133718-029,,
set_timer_1/set_timer_1_owner_20260930-133723-091.wav,set_timer_1,owner,3.3,no_speech_detected,0.9816,20260930-133723-091,,
set_timer_5/set_timer_5_owner_20260930-133728-153.wav,set_timer_5,owner,3.3,no_speech_detected,0.9818,20260930-133728-153,,
set_timer_10/set_timer_10_owner_20260930-133733-214.wav,set_timer_10,owner,3.3,no_speech_detected,0.9773,20260930-133733-214,,
set_alarm_6am/set_alarm_6am_owner_20260930-133738-378.wav,set_alarm_6am,owner,3.5,end_of_speech,0.9795,20260930-133738-378,,
set_alarm_7am/set_alarm_7am_owner_20260930-133743-527.wav,set_alarm_7am,owner,3.4,no_speech_detected,0.9664,20260930-133743-527,,
set_alarm_9pm/set_alarm_9pm_owner_20260930-133748-499.wav,set_alarm_9pm,owner,3.4,no_speech_detected,0.977,20260930-133748-499,,
set_temperature_18/set_temperature_18_owner_20260930-133753-463.wav,set_temperature_18,owner,3.4,no_speech_detected,0.9924,20260930-133753-463,,
set_temperature_22/set_temperature_22_owner_20260930-133758-421.wav,set_temperature_22,owner,3.4,no_speech_detected,0.9806,20260930-133758-421,,
set_temperature_26/set_temperature_26_owner_20260930-133803-482.wav,set_temperature_26,owner,3.4,no_speech_detected,0.9522,20260930-133803-482,,
pause/pause_owner_20260930-133808-553.wav,pause,owner,3.4,no_speech_detected,0.991,20260930-133808-553,,
stop/stop_owner_20260930-133813-212.wav,stop,owner,3.4,no_speech_detected,0.9853,20260930-133813-212,,
next/next_owner_20260930-133817-164.wav,next,owner,2.7,end_of_speech,0.9525,20260930-133817-164,,
skip/skip_owner_20260930-133821-926.wav,skip,owner,3.4,no_speech_detected,0.9509,20260930-133821-926,,
volume_up/volume_up_owner_20260930-133826-587.wav,volume_up,owner,3.4,no_speech_detected,0.9498,20260930-133826-587,,
louder/louder_owner_20260930-133831-439.wav,louder,owner,3.4,no_speech_detected,0.984,20260930-133831-439,,
volume_down/volume_down_owner_20260930-133836-214.wav,volume_down,owner,3.4,no_speech_detected,0.9646,20260930-133836-214,,
remind_trash/remind_trash_owner_20260930-133840-973.wav,remind_trash,owner,3.4,no_speech_detected,0.9684,20260930-133840-973,,
remind_study/remind_study_owner_20260930-133845-941.wav,remind_study,owner,3.4,no_speech_detected,0.9365,20260930-133845-941,,
list_reminders/list_reminders_owner_20260930-133851-103.wav,list_reminders,owner,3.4,no_speech_detected,0.9758,20260930-133851-103,,
call_jane/call_jane_owner_20260930-133856-067.wav,call_jane,owner,3.4,no_speech_detected,0.9552,20260930-133856-067,,
text_jane/text_jane_owner_20260930-133900-729.wav,text_jane,owner,3.4,no_speech_detected,0.9844,20260930-133900-729,,
unknown_silent/unknown_silent_owner_20260930-133905-592.wav,unknown_silent,owner,3.4,no_speech_detected,0.9524,20260930-133905-592,,
unknown_other/unknown_other_owner_20260930-133924-227.wav,unknown_other,owner,3.4,no_speech_detected,0.9814,20260930-133924-227,,
play_music/play_music_owner_20260930-134607-242.wav,play_music,owner,3.4,no_speech_detected,0.9722,20260930-134607-242,,
weather/weather_owner_20260930-134612-708.wav,weather,owner,3.3,no_speech_detected,0.9731,20260930-134612-708,,
time/time_owner_20260930-134617-565.wav,time,owner,3.3,no_speech_detected,0.979,20260930-134617-565,,
lights_on/lights_on_owner_20260930-134622-325.wav,lights_on,owner,3.3,no_speech_detected,0.9543,20260930-134622-325,,
lights_off/lights_off_owner_20260930-134626-260.wav,lights_off,owner,2.2,end_of_speech,0.9522,20260930-134626-260,,
dim_lights_20/dim_lights_20_owner_20260930-134631-029.wav,dim_lights_20,owner,2.9,end_of_speech,0.9403,20260930-134631-029,,
dim_lights_50/dim_lights_50_owner_20260930-134640-748.wav,dim_lights_50,owner,3.3,no_speech_detected,0.9198,20260930-134640-748,,
dim_lights_80/dim_lights_80_owner_20260930-134645-104.wav,dim_lights_80,owner,2.6,end_of_speech,0.9755,20260930-134645-104,,
set_timer_1/set_timer_1_owner_20260930-134650-266.wav,set_timer_1,owner,3.3,no_speech_detected,0.9756,20260930-134650-266,,
set_timer_5/set_timer_5_owner_20260930-134655-026.wav,set_timer_5,owner,3.3,no_speech_detected,0.973,20260930-134655-026,,
set_timer_10/set_timer_10_owner_20260930-134659-481.wav,set_timer_10,owner,2.7,end_of_speech,0.9461,20260930-134659-481,,
set_alarm_6am/set_alarm_6am_owner_20260930-134704-137.wav,set_alarm_6am,owner,2.6,end_of_speech,0.9077,20260930-134704-137,,
set_alarm_7am/set_alarm_7am_owner_20260930-134712-744.wav,set_alarm_7am,owner,3.4,no_speech_detected,0.9559,20260930-134712-744,,
set_temperature_18/set_temperature_18_owner_20260930-134723-170.wav,set_temperature_18,owner,2.8,end_of_speech,0.9358,20260930-134723-170,,
set_temperature_22/set_temperature_22_owner_20260930-134728-742.wav,set_temperature_22,owner,3.4,no_speech_detected,0.9389,20260930-134728-742,,
set_temperature_26/set_temperature_26_owner_20260930-134733-905.wav,set_temperature_26,owner,3.4,no_speech_detected,0.8971,20260930-134733-905,,
pause/pause_owner_20260930-134739-874.wav,pause,owner,3.9,end_of_speech,0.9656,20260930-134739-874,,
stop/stop_owner_20260930-134743-418.wav,stop,owner,1.9,end_of_speech,0.9572,20260930-134743-418,,
next/next_owner_20260930-134748-681.wav,next,owner,3.9,end_of_speech,0.9574,20260930-134748-681,,
skip/skip_owner_20260930-134753-645.wav,skip,owner,3.4,no_speech_detected,0.9559,20260930-134753-645,,
volume_up/volume_up_owner_20260930-134757-590.wav,volume_up,owner,2.3,end_of_speech,0.9692,20260930-134757-590,,
louder/louder_owner_20260930-134804-069.wav,louder,owner,2.1,end_of_speech,0.974,20260930-134804-069,,
volume_down/volume_down_owner_20260930-134811-158.wav,volume_down,owner,3.4,no_speech_detected,0.9821,20260930-134811-158,,
remind_trash/remind_trash_owner_20260930-134816-118.wav,remind_trash,owner,3.4,no_speech_detected,0.9457,20260930-134816-118,,
remind_study/remind_study_owner_20260930-134821-078.wav,remind_study,owner,3.4,no_speech_detected,0.9838,20260930-134821-078,,
list_reminders/list_reminders_owner_20260930-134825-230.wav,list_reminders,owner,2.5,end_of_speech,0.9779,20260930-134825-230,,
call_jane/call_jane_owner_20260930-134830-393.wav,call_jane,owner,3.4,no_speech_detected,0.9796,20260930-134830-393,,
text_jane/text_jane_owner_20260930-134835-054.wav,text_jane,owner,3.4,no_speech_detected,0.9648,20260930-134835-054,,
unknown_silent/unknown_silent_owner_20260930-134839-710.wav,unknown_silent,owner,3.4,no_speech_detected,0.9548,20260930-134839-710,,
unknown_other/unknown_other_owner_20260930-134845-278.wav,unknown_other,owner,3.4,no_speech_detected,0.975,20260930-134845-278,,
play_music/play_music_owner_20260930-134906-435.wav,play_music,owner,3.2,end_of_speech,0.982,20260930-134906-435,,
weather/weather_owner_20260930-134911-495.wav,weather,owner,3.0,end_of_speech,0.9779,20260930-134911-495,,
time/time_owner_20260930-134916-661.wav,time,owner,3.3,end_of_speech,0.9211,20260930-134916-661,,
lights_on/lights_on_owner_20260930-134921-318.wav,lights_on,owner,2.8,end_of_speech,0.9375,20260930-134921-318,,
lights_off/lights_off_owner_20260930-134925-468.wav,lights_off,owner,2.5,end_of_speech,0.9587,20260930-134925-468,,
dim_lights_20/dim_lights_20_owner_20260930-134931-951.wav,dim_lights_20,owner,4.6,end_of_speech,0.8846,20260930-134931-951,,
dim_lights_50/dim_lights_50_owner_20260930-134938-126.wav,dim_lights_50,owner,4.3,end_of_speech,0.9611,20260930-134938-126,,
dim_lights_80/dim_lights_80_owner_20260930-134943-492.wav,dim_lights_80,owner,3.6,end_of_speech,0.9143,20260930-134943-492,,
set_timer_1/set_timer_1_owner_20260930-134948-653.wav,set_timer_1,owner,3.3,end_of_speech,0.9698,20260930-134948-653,,
set_timer_10/set_timer_10_owner_20260930-135001-716.wav,set_timer_10,owner,3.7,end_of_speech,0.93,20260930-135001-716,,
set_alarm_6am/set_alarm_6am_owner_20260930-135007-486.wav,set_alarm_6am,owner,4.1,end_of_speech,0.9708,20260930-135007-486,,
set_alarm_9pm/set_alarm_9pm_owner_20260930-135019-335.wav,set_alarm_9pm,owner,3.9,end_of_speech,0.9508,20260930-135019-335,,
set_temperature_18/set_temperature_18_owner_20260930-135025-510.wav,set_temperature_18,owner,4.4,end_of_speech,0.9677,20260930-135025-510,,
set_temperature_22/set_temperature_22_owner_20260930-135031-582.wav,set_temperature_22,owner,4.4,end_of_speech,0.9128,20260930-135031-582,,
set_temperature_26/set_temperature_26_owner_20260930-135037-859.wav,set_temperature_26,owner,4.6,end_of_speech,0.9554,20260930-135037-859,,
pause/pause_owner_20260930-135042-822.wav,pause,owner,3.3,no_speech_detected,0.9511,20260930-135042-822,,
stop/stop_owner_20260930-135047-479.wav,stop,owner,3.3,no_speech_detected,0.9845,20260930-135047-479,,
next/next_owner_20260930-135052-334.wav,next,owner,3.3,no_speech_detected,0.9784,20260930-135052-334,,
skip/skip_owner_20260930-135057-599.wav,skip,owner,3.3,no_speech_detected,0.9555,20260930-135057-599,,
volume_up/volume_up_owner_20260930-135101-143.wav,volume_up,owner,2.4,end_of_speech,0.9799,20260930-135101-143,,
louder/louder_owner_20260930-135105-094.wav,louder,owner,2.2,end_of_speech,0.9746,20260930-135105-094,,
volume_down/volume_down_owner_20260930-135109-854.wav,volume_down,owner,3.2,end_of_speech,0.9772,20260930-135109-854,,
remind_trash/remind_trash_owner_20260930-135116-433.wav,remind_trash,owner,4.9,end_of_speech,0.9696,20260930-135116-433,,
list_reminders/list_reminders_owner_20260930-135127-366.wav,list_reminders,owner,2.9,end_of_speech,0.958,20260930-135127-366,,
call_jane/call_jane_owner_20260930-135131-314.wav,call_jane,owner,2.3,end_of_speech,0.9545,20260930-135131-314,,
text_jane/text_jane_owner_20260930-135135-261.wav,text_jane,owner,2.4,end_of_speech,0.9463,20260930-135135-261,,
unknown_silent/unknown_silent_owner_20260930-135140-123.wav,unknown_silent,owner,3.3,no_speech_detected,0.851,20260930-135140-123,,
unknown_other/unknown_other_owner_20260930-135150-246.wav,unknown_other,owner,3.8,end_of_speech,0.9895,20260930-135150-246,,
play_music/play_music_owner_20260930-135209-074.wav,play_music,owner,2.8,end_of_speech,0.9782,20260930-135209-074,,
weather/weather_owner_20260930-135217-680.wav,weather,owner,2.6,end_of_speech,0.9888,20260930-135217-680,,
time/time_owner_20260930-135224-160.wav,time,owner,3.3,no_speech_detected,0.9555,20260930-135224-160,,
lights_on/lights_on_owner_20260930-135231-955.wav,lights_on,owner,3.3,end_of_speech,0.9527,20260930-135231-955,,
lights_off/lights_off_owner_20260930-135237-627.wav,lights_off,owner,3.6,end_of_speech,0.9842,20260930-135237-627,,
dim_lights_20/dim_lights_20_owner_20260930-135242-086.wav,dim_lights_20,owner,2.8,end_of_speech,0.9565,20260930-135242-086,,
dim_lights_50/dim_lights_50_owner_20260930-135248-763.wav,dim_lights_50,owner,2.6,end_of_speech,0.9768,20260930-135248-763,,
dim_lights_80/dim_lights_80_owner_20260930-135255-241.wav,dim_lights_80,owner,3.3,no_speech_detected,0.9566,20260930-135255-241,,
set_timer_1/set_timer_1_owner_20260930-135301-217.wav,set_timer_1,owner,4.3,end_of_speech,0.9377,20260930-135301-217,,
set_timer_5/set_timer_5_owner_20260930-135306-682.wav,set_timer_5,owner,3.3,no_speech_detected,0.9655,20260930-135306-682,,
set_timer_10/set_timer_10_owner_20260930-135311-237.wav,set_timer_10,owner,2.7,end_of_speech,0.8397,20260930-135311-237,,
set_alarm_6am/set_alarm_6am_owner_20260930-135316-810.wav,set_alarm_6am,owner,3.3,no_speech_detected,0.7955,20260930-135316-810,,
set_alarm_7am/set_alarm_7am_owner_20260930-135324-903.wav,set_alarm_7am,owner,2.4,end_of_speech,0.9867,20260930-135324-903,,
set_alarm_9pm/set_alarm_9pm_owner_20260930-135330-065.wav,set_alarm_9pm,owner,3.3,no_speech_detected,0.9707,20260930-135330-065,,
set_temperature_18/set_temperature_18_owner_20260930-135335-031.wav,set_temperature_18,owner,3.3,no_speech_detected,0.9157,20260930-135335-031,,
set_temperature_22/set_temperature_22_owner_20260930-135339-484.wav,set_temperature_22,owner,2.7,end_of_speech,0.8565,20260930-135339-484,,
set_temperature_26/set_temperature_26_owner_20260930-135344-950.wav,set_temperature_26,owner,3.3,end_of_speech,0.8995,20260930-135344-950,,
pause/pause_owner_20260930-135350-924.wav,pause,owner,3.3,no_speech_detected,0.9633,20260930-135350-924,,
stop/stop_owner_20260930-135355-580.wav,stop,owner,3.3,no_speech_detected,0.9874,20260930-135355-580,,
next/next_owner_20260930-135400-137.wav,next,owner,3.3,no_speech_detected,0.979,20260930-135400-137,,
skip/skip_owner_20260930-135410-059.wav,skip,owner,3.3,no_speech_detected,0.9797,20260930-135410-059,,
louder/louder_owner_20260930-135419-882.wav,louder,owner,3.3,no_speech_detected,0.9694,20260930-135419-882,,
volume_down/volume_down_owner_20260930-135423-320.wav,volume_down,owner,2.2,end_of_speech,0.9838,20260930-135423-320,,
remind_trash/remind_trash_owner_20260930-135428-387.wav,remind_trash,owner,3.3,no_speech_detected,0.9633,20260930-135428-387,,
remind_study/remind_study_owner_20260930-135433-445.wav,remind_study,owner,3.3,no_speech_detected,0.9642,20260930-135433-445,,
list_reminders/list_reminders_owner_20260930-135441-443.wav,list_reminders,owner,3.3,no_speech_detected,0.9729,20260930-135441-443,,
call_jane/call_jane_owner_20260930-135446-506.wav,call_jane,owner,3.3,no_speech_detected,0.9719,20260930-135446-506,,
text_jane/text_jane_owner_20260930-135451-059.wav,text_jane,owner,3.3,no_speech_detected,0.9562,20260930-135451-059,,
unknown_silent/unknown_silent_owner_20260930-135507-660.wav,unknown_silent,owner,3.3,no_speech_detected,0.9785,20260930-135507-660,,
unknown_other/unknown_other_owner_20260930-135512-114.wav,unknown_other,owner,2.3,end_of_speech,0.9431,20260930-135512-114,,
