file_id,filepath,split,duration_sec,hey_delta_count,hey_delta_spans,notes
Manual-Fil-RPI65,data/positives/Manual-Fil-RPI65.wav,train,27.4,8,0.68-1.80;3.8-4.73;6.25-7.4;9.6-10.6;15.8-16.95;17.5-18.7;20.4-21.54;24.46-25.55,Wakeword on media
Manual-Fil-RPI66,data/positives/Manual-Fil-RPI66.wav,train,19.2,7,0.6-1.73;3.5-4.76;5.8-6.5;7.58-8.43;11.4-12.64;13.3-14.4;15.9-16.97, quiet background
Manual-Fil-RPI67,data/positives/Manual-Fil-RPI67.wav,train,35.4,13,0.4-1.56;3.6-4.89;6.89-8.13;10.2-11;11.9-12.95;13.79-14.78;15.2-16.4;19.2-20.3;21-22.25;23-24.18;25.2-26.35;28-29.28;31.4-32.58,with music and AEC
Manual-Fil-RPI68,data/positives/Manual-Fil-RPI68.wav,test,25.1,7,0.27-1.36;3.3-4.38;5.4-6.65;7.2-8.32;13.3-14.6;16.8-18;23.3-24.5,quiet
Manual-Fil-RPI69,data/positives/Manual-Fil-RPI69.wav,train,115.0,0,,No Hey Delta; just a media background and some negative confusables; move to negatives
Manual-Fil-RPI70,data/positives/Manual-Fil-RPI70.wav,train,31.8,8,1-2.36;3.8-5.2;6.95-8.33;10.56-11.78;20.3-21.57;23.8-25.18;26.29-27.31;28.2-29.38, with classical music and AEC
Manual-Fil-RPI71,data/positives/Manual-Fil-RPI71.wav,train,35.7,8,7.4-8.67;13.15-14.17;17.28-18.18;19.6-20.57;22-23;26.3-27.5;29.49-30.38;32.3-33.13, with background media playing, no aircon
Manual-Fil-RPI73,data/positives/Manual-Fil-RPI73.wav,train,26.8,11,0.6-1.9;2.8-4;5.5-6.89;7.95-9.11;9.46-10.43;10.98-11.99;12.6-13.73;15.37-16.53;16.8-18;21.5-22.79;24-25.1;,
Manual-Fil-RPI74,data/positives/Manual-Fil-RPI74.wav,validation,5.3,2,0.8-2.12;3.16-4.27,
Manual-Fil-RPI75,data/positives/Manual-Fil-RPI75.wav,test,9.7,3,1-2.35;5.1-6.34;7.9-9.15,with background media playing
Manual-Fil-RPI76,data/positives/Manual-Fil-RPI76.wav,validation,24.5,6,0.6-1.89;5.5-6.47;9.2-10.27;12.8-13.98;17.1-18.28;20.2-21.39,with background classical music and AEC
Manual-Fil-RPI77,data/positives/Manual-Fil-RPI77.wav,train,12.1,2,6.4-7.7;10.6-11.64,with classical music and AEC
Manual-Fil-RPI78,data/positives/Manual-Fil-RPI78.wav,validation,11.3,4,0.7-1.98;4.1-5.42;6.65-7.6;9.8-10.88,with background party music and AEC
Manual-Fil-RPI79,data/positives/Manual-Fil-RPI79.wav,train,8.7,2,0.8-2.16;7-8.1,with background party music and AEC
Manual-Fil-RPI80,data/positives/Manual-Fil-RPI80.wav,train,29.2,9,0.8-2.18;4.18-5.16;7.4-8.5;9.4-10.7;12.1-13.5;17.1-18.5;20.48-21.68;23.3-24.49;26.4-27.61,
Manual-Fil-RPI81,data/positives/Manual-Fil-RPI81.wav,train,4.5,2,0.89-2.1;2.9-4.16,with background media
Manual-Fil-RPI82,data/positives/Manual-Fil-RPI82.wav,test,7.1,3,0.9-2.1;2.7-3.96;5.4-6.63,with background media
