file,verdict,reason,bg,peak,cmd_p90,cmd_p50,gap7,gap5
play_music/play_music_owner_20260930-122543-079.wav,other,end_of_speech,-45.3081,10.671976911777563,9.207780906473673,3.1136105957316786,1.24,1.22
weather/weather_owner_20260930-122549-366.wav,other,end_of_speech,-46.385822,13.564128342043688,13.292529825349277,6.142331718212674,0.3,0.3
time/time_owner_20260930-122555-350.wav,complete,end_of_speech,-46.150776,12.28529237572026,13.607883123150764,8.09650707593405,0.34,0.14
lights_on/lights_on_owner_20260930-122626-084.wav,other,end_of_speech,-46.444023,15.80984513012223,16.144341499874997,8.908367427741823,0.38,0.18
lights_off/lights_off_owner_20260930-122631-151.wav,other,end_of_speech,-46.01044,12.509898433201819,11.242564193474777,4.830329095205556,0.48,0.46
dim_lights_20/dim_lights_20_owner_20260930-122641-599.wav,other,end_of_speech,-45.367718,11.0419224134289,10.54687182573467,3.4555697776084884,1.12,1.02
dim_lights_50/dim_lights_50_owner_20260930-122646-870.wav,empty,end_of_speech,-46.19608,12.988649694163342,,,,
play_music/play_music_owner_20260930-122802-381.wav,empty,no_speech_detected,-47.476654,12.109937130129332,,,,
weather/weather_owner_20260930-122820-733.wav,complete,end_of_speech,-47.08117,14.135257712311862,14.241201432453579,4.643208299389073,0.34,0.34
time/time_owner_20260930-122825-297.wav,complete,end_of_speech,-46.666794,14.1497988230511,14.215500100586034,4.725762635581049,0.5,0.5
lights_on/lights_on_owner_20260930-122829-553.wav,other,end_of_speech,-46.991306,15.140250613503408,13.311029883185881,10.34059358117348,0.32,0.3
lights_off/lights_off_owner_20260930-122833-404.wav,complete,end_of_speech,-46.9234,12.333447278785592,12.3343531106283,5.0405099317038875,0.38,0.36
dim_lights_20/dim_lights_20_owner_20260930-122839-188.wav,complete,end_of_speech,-46.145576,12.467390760628817,12.20039058163512,4.7003394796929925,0.54,0.54
dim_lights_50/dim_lights_50_owner_20260930-122844-966.wav,complete,end_of_speech,-46.951744,12.024055474204886,11.471686429352523,4.54443922987992,0.8,0.78
set_timer_1/set_timer_1_owner_20260930-123012-075.wav,complete,end_of_speech,-45.503014,10.328671700902433,9.99421984705075,4.641060656410858,0.74,0.56
set_timer_5/set_timer_5_owner_20260930-123017-247.wav,other,end_of_speech,-45.510674,10.164038495668258,9.675660600689831,3.6658176945629037,1.16,0.64
set_timer_10/set_timer_10_owner_20260930-123022-307.wav,complete,end_of_speech,-47.209316,11.777652460531584,11.203618857304413,7.018658388593458,0.68,0.66
set_alarm_6am/set_alarm_6am_owner_20260930-123027-087.wav,cut_off,end_of_speech,-44.568443,10.308213019031598,9.826655232893721,3.4320156069310173,0.54,0.5
set_alarm_730am/set_alarm_730am_owner_20260930-123043-004.wav,complete,end_of_speech,-46.099155,11.691615440522654,9.742566262450133,3.9977390275250286,1.18,1.1400000000000001
set_alarm_9pm/set_alarm_9pm_owner_20260930-123048-785.wav,complete,end_of_speech,-45.84832,11.769699490162992,10.195844278856839,5.214003550379189,0.56,0.56
set_temperature_18/set_temperature_18_owner_20260930-123056-085.wav,complete,end_of_speech,-45.720116,10.127849990578717,9.027619781851016,4.053770613775946,1.08,1.04
set_temperature_22/set_temperature_22_owner_20260930-123101-865.wav,complete,end_of_speech,-46.100544,11.188192522029027,9.739828760687942,4.719491475314683,1.04,1.0
set_temperature_26/set_temperature_26_owner_20260930-123107-138.wav,complete,end_of_speech,-45.52107,9.731339164002726,8.264904506602441,3.529920501853823,1.3,1.24
pause/pause_owner_20260930-123112-816.wav,other,no_speech_detected,-46.55891,13.488265553772116,14.948203163021887,3.8194860178772103,0.74,0.7000000000000001
stop/stop_owner_20260930-123118-190.wav,complete,no_speech_detected,-46.825237,10.089540517633644,13.115681212568433,9.958792994983362,0.06,0.06
next/next_owner_20260930-123134-320.wav,complete,no_speech_detected,-46.95213,10.259994230633424,12.141428103276276,4.761471343079478,0.24,0.22
skip/skip_owner_20260930-123142-032.wav,complete,no_speech_detected,-46.53948,9.096295619018,8.64533661462341,1.36665169244948,1.08,1.04
volume_up/volume_up_owner_20260930-123149-035.wav,other,end_of_speech,-42.49891,10.726104283306729,11.176204537888616,6.058589164038075,0.44,0.24
louder/louder_owner_20260930-123152-889.wav,complete,end_of_speech,-47.356052,15.836233223269112,13.755154723731913,2.251565416334934,0.88,0.84
volume_down/volume_down_owner_20260930-123156-632.wav,other,end_of_speech,-46.72056,14.861273325328185,12.562599414418045,2.1179489944284953,0.9400000000000001,0.92
remind_trash/remind_trash_owner_20260930-123201-818.wav,complete,no_speech_detected,-45.986607,10.746384488062361,9.9045523183324,4.701093881570749,0.46,0.4
remind_study/remind_study_owner_20260930-123207-197.wav,complete,no_speech_detected,-46.140163,9.40467412738385,9.41980283845529,5.618855384463799,0.4,0.26
list_reminders/list_reminders_owner_20260930-123211-765.wav,complete,end_of_speech,-45.941784,10.076741840777544,10.095227505494648,7.8990836707579035,0.34,0.32
call_jane/call_jane_owner_20260930-123215-718.wav,complete,end_of_speech,-46.75769,14.204184339061541,15.538106563500001,7.950883227981635,0.32,0.32
text_jane/text_jane_owner_20260930-123220-791.wav,other,no_speech_detected,-46.597176,9.092449593893768,9.388894724351005,1.1201043162100888,0.98,0.9400000000000001
unknown_silent/unknown_silent_owner_20260930-123226-882.wav,other,no_speech_detected,-46.659767,7.063504979188146,7.376541137001595,1.3272684578820986,0.9,0.88
unknown_other/unknown_other_owner_20260930-123234-186.wav,other,end_of_speech,-46.7553,15.188734903479723,16.16612113445359,2.5707917118560246,0.48,0.46
play_music/play_music_owner_20260930-123314-277.wav,other,no_speech_detected,-48.73858,2.234372509224549,2.0447083288450614,0.8199278601687325,2.36,2.36
weather/weather_owner_20260930-123323-401.wav,other,no_speech_detected,-47.68717,6.540207318148468,7.08339181183441,3.821338424752163,0.46,0.42
time/time_owner_20260930-123328-575.wav,other,no_speech_detected,-47.270718,9.79027295879645,9.909557155157948,2.356651099353499,0.74,0.68
lights_on/lights_on_owner_20260930-123333-750.wav,other,no_speech_detected,-46.66116,5.107479652268303,3.7219163565520006,0.9860328546579211,0.6,0.6
lights_off/lights_off_owner_20260930-123337-609.wav,other,end_of_speech,-46.76369,12.017729003266368,12.659280177384517,4.263672673224626,0.46,0.44
dim_lights_20/dim_lights_20_owner_20260930-123342-172.wav,empty,end_of_speech,-47.52379,15.033463390414191,,,,
dim_lights_50/dim_lights_50_owner_20260930-123347-345.wav,other,no_speech_detected,-47.49404,2.9241347177227937,2.6213582212400155,0.7901221299730139,0.54,0.54
dim_lights_100/dim_lights_100_owner_20260930-123352-722.wav,other,no_speech_detected,-46.711685,3.593726480256322,1.2329911378032818,0.48259188320001556,0.9400000000000001,0.9400000000000001
set_timer_1/set_timer_1_owner_20260930-123357-994.wav,other,no_speech_detected,-45.772877,4.889886478855807,2.338233728670673,1.4746072423121603,0.38,0.38
set_timer_5/set_timer_5_owner_20260930-123402-762.wav,empty,no_speech_detected,-44.91296,6.421789370974949,,,,
set_timer_10/set_timer_10_owner_20260930-123407-733.wav,other,no_speech_detected,-46.543785,7.854516853197019,7.485902698804118,4.447177712343304,0.84,0.8
set_alarm_6am/set_alarm_6am_owner_20260930-123415-342.wav,other,no_speech_detected,-46.875687,3.6003587770323264,4.292028098090505,0.7918982613709673,0.92,0.72
set_alarm_730am/set_alarm_730am_owner_20260930-123420-108.wav,other,end_of_speech,-46.455727,9.210484925588375,5.827119123317871,0.4193238746235366,0.68,0.66
set_alarm_9pm/set_alarm_9pm_owner_20260930-123429-540.wav,empty,no_speech_detected,-45.10973,7.703883117396238,,,,
set_temperature_18/set_temperature_18_owner_20260930-123435-109.wav,complete,end_of_speech,-45.63748,17.78818904917696,13.004898577955984,7.75338306316727,0.38,0.34
set_temperature_22/set_temperature_22_owner_20260930-123439-991.wav,empty,no_speech_detected,-47.20394,6.769787193956454,,,,
set_temperature_26/set_temperature_26_owner_20260930-123444-960.wav,empty,no_speech_detected,-47.62706,5.9595735874200955,,,,
pause/pause_owner_20260930-123450-239.wav,empty,no_speech_detected,-48.00942,8.60480254347759,,,,
stop/stop_owner_20260930-123457-844.wav,empty,end_of_speech,-46.25083,10.63613574521947,,,,
next/next_owner_20260930-123504-440.wav,empty,end_of_speech,-45.72198,14.784012347907332,,,,
skip/skip_owner_20260930-123509-510.wav,other,no_speech_detected,-46.978344,6.754559980399399,6.711067152776728,5.653847018851181,0.4,0.08
volume_up/volume_up_owner_20260930-123513-060.wav,empty,end_of_speech,-47.74225,14.641406296023412,,,,
louder/louder_owner_20260930-123523-814.wav,empty,no_speech_detected,-46.790092,14.856432712556057,,,,
volume_down/volume_down_owner_20260930-123528-075.wav,other,end_of_speech,-46.060287,13.193904861055657,12.141913994712105,0.7678712918881274,0.56,0.56
remind_trash/remind_trash_owner_20260930-123538-317.wav,other,end_of_speech,-45.308666,10.339792024492503,9.323423937073912,5.165310983291114,0.32,0.3
remind_study/remind_study_owner_20260930-123542-278.wav,cut_off,end_of_speech,-45.999695,21.207329263678552,11.374873948431429,6.075094144575019,0.46,0.42
list_reminders/list_reminders_owner_20260930-123548-260.wav,empty,no_speech_detected,-45.704845,5.169767303915634,,,,
call_jane/call_jane_owner_20260930-123553-636.wav,empty,no_speech_detected,-46.59321,4.651721892164325,,,,
text_jane/text_jane_owner_20260930-123558-098.wav,other,no_speech_detected,-48.113758,3.444439095107512,3.536598764742237,1.612953968136111,0.52,0.52
unknown_silent/unknown_silent_owner_20260930-123602-866.wav,other,end_of_speech,-47.850388,24.266824274222564,10.656148934602058,6.637952416363177,0.28,0.18
unknown_other/unknown_other_owner_20260930-123616-048.wav,other,end_of_speech,-46.558735,21.617369688162654,19.38234960305613,6.875485438838673,0.46,0.44
play_music/play_music_owner_20260930-123830-742.wav,complete,no_speech_detected,-45.40248,14.350013283461038,14.36332480196469,4.375599961832378,0.48,0.46
weather/weather_owner_20260930-123835-296.wav,complete,end_of_speech,-45.845585,14.56157483395446,14.936821956961168,6.04533449070906,0.46,0.4
time/time_owner_20260930-123839-465.wav,complete,end_of_speech,-45.176132,13.292404575379798,13.30807024598126,5.136612219580584,0.52,0.28
lights_on/lights_on_owner_20260930-123843-420.wav,other,end_of_speech,-46.07301,13.652682118190427,13.844633914833466,9.048262824169072,0.42,0.4
lights_off/lights_off_owner_20260930-123848-290.wav,other,no_speech_detected,-46.074257,10.92884837542583,10.697065019386052,5.28887094782597,0.58,0.56
dim_lights_20/dim_lights_20_owner_20260930-123852-657.wav,complete,end_of_speech,-44.932163,11.714404686379964,10.723876844948713,3.3410248953299515,1.18,1.12
dim_lights_50/dim_lights_50_owner_20260930-123857-723.wav,other,end_of_speech,-45.905567,12.59805398569278,12.160674317662235,4.124002557213188,1.08,1.04
dim_lights_100/dim_lights_100_owner_20260930-123901-781.wav,other,end_of_speech,-46.408287,12.31472360717423,11.494047941341933,5.410179394561624,0.96,0.86
set_timer_1/set_timer_1_owner_20260930-123906-241.wav,complete,end_of_speech,-45.897434,12.04757888124653,11.876065392608155,8.472823152856776,0.54,0.54
set_timer_5/set_timer_5_owner_20260930-123910-804.wav,complete,end_of_speech,-43.591976,8.244572816348366,8.001995172297754,4.574228429746711,0.56,0.52
set_timer_10/set_timer_10_owner_20260930-123915-368.wav,complete,end_of_speech,-44.81204,9.43357765278352,9.258222360506693,5.638136285468697,0.96,0.9
set_alarm_6am/set_alarm_6am_owner_20260930-123919-730.wav,complete,end_of_speech,-43.881386,10.132301270751135,9.881777953763752,4.13841141674223,0.56,0.54
set_alarm_730am/set_alarm_730am_owner_20260930-123923-887.wav,complete,end_of_speech,-44.79265,10.791127793702309,10.529486601074545,5.141612720529899,0.58,0.56
set_alarm_9pm/set_alarm_9pm_owner_20260930-123928-236.wav,complete,end_of_speech,-43.769165,8.888941884361408,8.749432743598938,4.701495351990488,0.78,0.44
set_temperature_18/set_temperature_18_owner_20260930-123932-405.wav,complete,end_of_speech,-45.447437,10.305790431191767,9.171861761284873,4.129754280116174,1.26,1.04
set_temperature_22/set_temperature_22_owner_20260930-123937-276.wav,complete,end_of_speech,-44.95146,12.081184514690229,10.689186716107933,4.996888069381143,0.96,0.9400000000000001
set_temperature_26/set_temperature_26_owner_20260930-123941-331.wav,empty,end_of_speech,-45.0081,10.520147768819115,,,,
pause/pause_owner_20260930-123946-812.wav,other,no_speech_detected,-45.628147,9.524365266159599,9.124009140353543,5.238202700605413,0.54,0.38
stop/stop_owner_20260930-123951-373.wav,complete,no_speech_detected,-47.129196,9.253254452501842,9.314762338639575,7.787425004999058,0.12,0.04
next/next_owner_20260930-123956-037.wav,other,no_speech_detected,-44.60685,7.345952852046025,7.1994715157347855,3.0240280846061296,0.88,0.84
skip/skip_owner_20260930-124000-706.wav,other,no_speech_detected,-46.01517,8.171726375825557,6.560300256478293,2.6777237669617904,1.04,1.0
volume_up/volume_up_owner_20260930-124004-150.wav,complete,end_of_speech,-46.24992,12.479314568011432,11.85307426121112,2.626092553182154,1.22,1.04
louder/louder_owner_20260930-124007-597.wav,other,end_of_speech,-46.36263,12.378752228075378,12.385881313834552,3.0162502496993255,0.6,0.52
volume_down/volume_down_owner_20260930-124011-349.wav,other,end_of_speech,-46.17821,16.5733243954513,13.048773455856313,2.8336560142273512,1.0,0.96
remind_trash/remind_trash_owner_20260930-124015-510.wav,complete,end_of_speech,-44.450596,12.792112076915135,11.32118277385976,7.496433391274735,0.16,0.1
remind_study/remind_study_owner_20260930-124020-281.wav,complete,end_of_speech,-44.634674,13.12318740434528,12.421029667391451,8.242147503077796,0.2,0.16
list_reminders/list_reminders_owner_20260930-124024-030.wav,complete,end_of_speech,-45.428047,12.668340435015033,11.899977084431562,3.8585687878313593,0.88,0.84
call_jane/call_jane_owner_20260930-124028-289.wav,other,end_of_speech,-46.67906,13.807158859634278,18.376532211331877,2.130860269065508,0.4,0.38
text_jane/text_jane_owner_20260930-124032-957.wav,other,no_speech_detected,-46.915096,9.335276684871829,12.41854404957963,1.2706575964969602,0.44,0.44
unknown_silent/unknown_silent_owner_20260930-124038-635.wav,empty,no_speech_detected,-46.396645,7.214679906384539,,,,
unknown_other/unknown_other_owner_20260930-124051-921.wav,other,no_speech_detected,-46.356785,6.2408278730224325,4.980506663028457,1.8775203210225015,1.6400000000000001,1.0
play_music/play_music_owner_20260930-124135-230.wav,complete,end_of_speech,-47.42891,15.961857583131316,15.01609286863976,5.491497936222181,0.9,0.64
weather/weather_owner_20260930-124152-672.wav,complete,end_of_speech,-47.959705,14.55778956906461,15.129973211251539,4.219813845560644,0.42,0.42
time/time_owner_20260930-124156-727.wav,other,end_of_speech,-48.23393,12.365030410423522,11.920637336883097,4.395512646393762,0.8,0.78
lights_on/lights_on_owner_20260930-124200-580.wav,complete,end_of_speech,-48.00506,13.552197961304039,12.93676764252151,1.7134281775939542,0.9400000000000001,0.9
lights_off/lights_off_owner_20260930-124204-434.wav,complete,end_of_speech,-48.27706,12.805799280778047,12.675982228745667,2.224886191205748,0.62,0.6
dim_lights_20/dim_lights_20_owner_20260930-124209-098.wav,complete,end_of_speech,-47.340855,15.432834373643406,14.23083321775944,3.981275290200088,1.0,0.9400000000000001
dim_lights_50/dim_lights_50_owner_20260930-124213-865.wav,complete,end_of_speech,-47.657543,16.65629644909233,16.284198703904103,6.2938830667415715,0.6,0.56
dim_lights_100/dim_lights_100_owner_20260930-124218-836.wav,other,end_of_speech,-47.61126,15.093066522766875,15.083428259240094,7.5642182249603565,0.5,0.48
set_timer_1/set_timer_1_owner_20260930-124223-707.wav,complete,end_of_speech,-47.010185,13.070325426897604,12.693344819607447,7.348695472113114,0.6,0.6
set_timer_5/set_timer_5_owner_20260930-124228-267.wav,complete,end_of_speech,-47.17738,13.155699420900973,12.931088565326434,6.696596327473905,0.58,0.58
set_timer_10/set_timer_10_owner_20260930-124232-836.wav,complete,end_of_speech,-47.416374,13.93609069579572,13.5847100655538,6.70116515242966,0.6,0.6
set_alarm_6am/set_alarm_6am_owner_20260930-124238-513.wav,complete,end_of_speech,-47.35047,12.447032722582605,11.360214893169953,5.62362114350519,0.9400000000000001,0.86
set_alarm_730am/set_alarm_730am_owner_20260930-124242-768.wav,complete,end_of_speech,-46.72136,11.478919924082234,11.30355270290162,5.909133534879359,0.54,0.54
set_alarm_9pm/set_alarm_9pm_owner_20260930-124247-235.wav,complete,end_of_speech,-46.7907,11.982039080355158,11.77049452301587,7.006946027550214,0.62,0.6
set_temperature_18/set_temperature_18_owner_20260930-124251-999.wav,complete,end_of_speech,-47.326256,11.263083368483244,10.36127240643387,5.135323939415997,1.12,1.08
set_temperature_22/set_temperature_22_owner_20260930-124256-972.wav,complete,end_of_speech,-47.44356,12.0178860038951,11.444802030583176,5.522322914358043,1.12,1.06
set_temperature_26/set_temperature_26_owner_20260930-124301-638.wav,complete,end_of_speech,-46.83556,11.085903239116995,10.285680914866198,3.403504929542983,1.1400000000000001,1.1
pause/pause_owner_20260930-124306-710.wav,complete,no_speech_detected,-48.280106,10.273102838735241,11.051276750445787,1.6753010612083301,0.64,0.62
stop/stop_owner_20260930-124311-171.wav,other,no_speech_detected,-47.700256,10.468812136848463,11.41810226435264,1.677873075132723,0.88,0.84
next/next_owner_20260930-124315-938.wav,complete,no_speech_detected,-48.02823,9.247474873033148,8.762359203654874,2.211951049442355,0.56,0.52
skip/skip_owner_20260930-124320-807.wav,complete,no_speech_detected,-48.471577,12.614981635260534,11.654491956289796,1.9612141316873988,0.8200000000000001,0.8
volume_up/volume_up_owner_20260930-124324-965.wav,other,end_of_speech,-47.688206,15.130299045143289,14.193632554289103,2.09660208761899,1.0,0.92
louder/louder_owner_20260930-124329-427.wav,complete,end_of_speech,-48.005043,15.86068059005131,13.351007929441742,2.281974187586073,1.26,1.22
volume_down/volume_down_owner_20260930-124333-685.wav,other,end_of_speech,-47.683235,14.299080026730735,13.520706062263109,4.062090569945717,0.58,0.56
remind_trash/remind_trash_owner_20260930-124338-352.wav,complete,end_of_speech,-47.131397,11.819139059628732,11.3527702000913,7.754007865173747,0.14,0.1
remind_study/remind_study_owner_20260930-124342-918.wav,complete,end_of_speech,-47.044823,12.978826010709547,12.904036942350729,7.988531495739863,0.16,0.14
list_reminders/list_reminders_owner_20260930-124347-076.wav,complete,end_of_speech,-47.574112,11.358223278905712,10.395530751393522,2.5694994747373627,0.98,0.96
call_jane/call_jane_owner_20260930-124350-723.wav,other,end_of_speech,-47.776794,13.520967540260564,11.718498454184534,1.7542721922278375,0.98,0.92
text_jane/text_jane_owner_20260930-124355-492.wav,complete,no_speech_detected,-47.95454,9.111659255730174,8.847857425276239,1.34729711205145,0.48,0.46
unknown_silent/unknown_silent_owner_20260930-124400-358.wav,empty,no_speech_detected,-48.4666,7.710293552930665,,,,
unknown_other/unknown_other_owner_20260930-124406-140.wav,other,end_of_speech,-47.109047,15.5263337766713,13.740307265963125,7.520501158133193,0.84,0.78
play_music/play_music_owner_20260930-124414-253.wav,complete,end_of_speech,-47.87152,17.151653256862993,14.907039080272774,2.2344509589725092,0.9400000000000001,0.9
weather/weather_owner_20260930-124418-614.wav,complete,end_of_speech,-47.937435,16.168596225442425,16.072138227807248,2.973816149865229,0.9,0.86
time/time_owner_20260930-124425-610.wav,complete,end_of_speech,-47.653263,12.80744912114659,13.048357119873359,7.998956233461094,0.34,0.34
lights_on/lights_on_owner_20260930-124429-871.wav,complete,end_of_speech,-47.797318,14.25349124888647,14.463957400682666,11.43351916841926,0.4,0.4
lights_off/lights_off_owner_20260930-124433-624.wav,complete,end_of_speech,-47.833836,12.28418639922306,12.462446697218127,4.846032563816323,0.46,0.44
dim_lights_20/dim_lights_20_owner_20260930-124438-390.wav,complete,end_of_speech,-47.33706,13.369700133233863,12.427022878356148,6.745831789944845,0.96,0.92
dim_lights_50/dim_lights_50_owner_20260930-124443-258.wav,complete,end_of_speech,-47.10744,13.472364849424991,13.403958298519647,6.430549823330082,0.52,0.52
dim_lights_100/dim_lights_100_owner_20260930-124447-823.wav,other,end_of_speech,-47.339478,16.52542500350887,16.344243498097253,7.91402754350451,0.48,0.44
set_timer_1/set_timer_1_owner_20260930-124452-488.wav,complete,end_of_speech,-47.061386,13.37077436680456,12.917389250022929,8.742607761462175,0.6,0.58
set_timer_5/set_timer_5_owner_20260930-124456-950.wav,complete,end_of_speech,-46.818604,13.106002909237276,12.967437218330858,6.040504394519431,0.58,0.56
set_timer_10/set_timer_10_owner_20260930-124501-717.wav,complete,end_of_speech,-47.079754,13.035302444471611,12.996848818163599,8.174116032814055,0.52,0.52
set_alarm_6am/set_alarm_6am_owner_20260930-124506-585.wav,complete,end_of_speech,-47.36513,11.480175096146866,11.169801043427242,5.879611054342774,0.6,0.58
set_alarm_730am/set_alarm_730am_owner_20260930-124511-251.wav,complete,end_of_speech,-47.00484,12.628324930825428,12.590680608241094,6.876247420181016,0.46,0.46
set_alarm_9pm/set_alarm_9pm_owner_20260930-124515-912.wav,complete,end_of_speech,-46.76343,11.987566726383449,12.013202798613271,6.140874387291433,0.54,0.52
set_temperature_18/set_temperature_18_owner_20260930-124521-289.wav,complete,end_of_speech,-47.285194,13.54893600141741,12.69918755738859,6.296743796201049,1.22,1.18
set_temperature_22/set_temperature_22_owner_20260930-124528-493.wav,complete,end_of_speech,-46.801785,11.02795038970725,10.572484541511649,4.808667592314144,0.98,0.96
set_temperature_26/set_temperature_26_owner_20260930-124533-665.wav,complete,end_of_speech,-46.80408,12.014176785490875,11.209506826474524,4.500990825407172,1.08,1.06
pause/pause_owner_20260930-124538-936.wav,other,no_speech_detected,-47.808792,9.765032073884939,9.288541946779475,1.7539377100719662,1.0,0.96
stop/stop_owner_20260930-124543-601.wav,complete,no_speech_detected,-47.605736,9.452494550999255,9.503090505587735,1.9861148395815889,0.56,0.54
next/next_owner_20260930-124548-366.wav,complete,no_speech_detected,-47.913414,7.8287571488393795,7.613873248560779,1.80047537580338,0.88,0.86
skip/skip_owner_20260930-124553-437.wav,complete,no_speech_detected,-47.88138,2.778635608270399,2.641889851224043,1.3392248334527892,1.22,1.22
volume_up/volume_up_owner_20260930-124557-194.wav,complete,end_of_speech,-47.784878,16.007604009014504,15.912447687412271,1.74102396870137,0.96,0.92
louder/louder_owner_20260930-124600-944.wav,complete,end_of_speech,-47.61948,12.349510326022461,9.674784704611504,2.3255499464647897,1.0,0.96
volume_down/volume_down_owner_20260930-124604-797.wav,complete,end_of_speech,-48.060413,14.327415597871052,13.89647502239464,3.2221353332318827,1.04,0.98
remind_trash/remind_trash_owner_20260930-124609-056.wav,complete,end_of_speech,-46.809196,14.446329853386992,14.432499507471533,9.476962280072001,0.3,0.1
remind_study/remind_study_owner_20260930-124613-621.wav,complete,end_of_speech,-46.68916,12.847035986907358,12.800329947959987,7.649715701886336,0.2,0.12
list_reminders/list_reminders_owner_20260930-124617-679.wav,complete,end_of_speech,-46.61374,12.564841507921457,12.638465974925666,8.94933893463282,0.38,0.36
call_jane/call_jane_owner_20260930-124621-227.wav,complete,end_of_speech,-47.687805,12.651947609189946,13.752816387654804,3.0330970105038517,0.36,0.34
text_jane/text_jane_owner_20260930-124626-097.wav,other,no_speech_detected,-47.513065,6.430768532848276,6.207353590318554,2.5033763232521977,1.46,1.06
unknown_silent/unknown_silent_owner_20260930-124701-793.wav,other,no_speech_detected,-48.072002,4.961138854868466,3.2216788743163107,1.8015471972594383,2.7,2.66
unknown_other/unknown_other_owner_20260930-124708-994.wav,other,end_of_speech,-47.53949,15.387162701855424,15.678145854917894,9.283912452527346,0.4,0.38
play_music/play_music_owner_20260930-124724-610.wav,complete,end_of_speech,-48.501045,18.168518377305663,16.600058580948982,1.8032103691533123,0.98,0.9400000000000001
weather/weather_owner_20260930-124728-565.wav,complete,end_of_speech,-46.650555,16.333583103551145,15.923570183862275,4.1847487080930605,0.42,0.4
time/time_owner_20260930-124732-320.wav,complete,end_of_speech,-46.823246,15.754785474485796,16.08326105627721,9.680950807878617,0.36,0.36
lights_on/lights_on_owner_20260930-124736-273.wav,complete,end_of_speech,-46.83295,18.13433343835873,17.67747816491523,9.507354181139476,0.76,0.74
lights_off/lights_off_owner_20260930-124740-228.wav,complete,end_of_speech,-47.78302,18.887006943406536,18.47501845592493,7.42617969816807,0.78,0.74
dim_lights_20/dim_lights_20_owner_20260930-124744-792.wav,complete,end_of_speech,-46.709885,17.153583124908646,16.53098752640276,7.976410039729203,0.68,0.62
dim_lights_50/dim_lights_50_owner_20260930-124749-155.wav,complete,end_of_speech,-47.257183,16.239834753580144,15.696828386835499,6.136893342485237,0.76,0.74
dim_lights_100/dim_lights_100_owner_20260930-124753-823.wav,other,end_of_speech,-46.550198,17.710799249576894,16.085704888538707,8.95445819825725,0.76,0.74
set_timer_1/set_timer_1_owner_20260930-124758-687.wav,other,end_of_speech,-46.911804,16.350604664799064,16.098000221175344,11.433558954989337,0.78,0.74
set_timer_5/set_timer_5_owner_20260930-124803-455.wav,complete,end_of_speech,-45.982834,17.221334716654255,16.64865619341785,10.18719780607141,0.8200000000000001,0.8200000000000001
set_timer_10/set_timer_10_owner_20260930-124807-914.wav,complete,end_of_speech,-45.43833,15.841041891795594,15.349110267301477,10.083556520251854,0.38,0.26
set_alarm_6am/set_alarm_6am_owner_20260930-124812-684.wav,complete,end_of_speech,-45.59243,14.858881826706536,13.875172199626547,7.655938032732067,0.76,0.72
set_alarm_730am/set_alarm_730am_owner_20260930-124817-448.wav,complete,end_of_speech,-46.08243,17.618440598703373,17.082485449124476,11.157007356575853,0.66,0.64
set_alarm_9pm/set_alarm_9pm_owner_20260930-124822-317.wav,complete,end_of_speech,-47.432034,19.861134860566516,18.53633157576181,10.860356465261681,0.8,0.76
set_temperature_18/set_temperature_18_owner_20260930-124827-084.wav,complete,end_of_speech,-45.44467,16.067864186121483,15.375662276660076,7.31950270396932,0.78,0.76
set_temperature_22/set_temperature_22_owner_20260930-124832-364.wav,complete,end_of_speech,-46.511143,17.662438590744127,16.705852001687347,10.04010925367863,0.9,0.88
set_temperature_26/set_temperature_26_owner_20260930-124837-533.wav,complete,end_of_speech,-46.873135,17.56653231113738,17.152429096551323,10.15727675113326,0.8200000000000001,0.78
pause/pause_owner_20260930-124841-284.wav,complete,end_of_speech,-47.516384,20.677864065623986,19.365042045314613,0.9741088778769438,0.86,0.84
stop/stop_owner_20260930-124844-940.wav,other,end_of_speech,-47.45571,20.67625022041104,19.540499728725553,3.3578152330998563,0.46,0.4
next/next_owner_20260930-124848-592.wav,other,end_of_speech,-47.764645,21.214934598536463,19.961764096684192,6.341685080774113,0.44,0.44
skip/skip_owner_20260930-124853-261.wav,complete,no_speech_detected,-48.136864,15.677738027551364,15.785685621882592,2.1983648364599446,0.78,0.76
volume_up/volume_up_owner_20260930-124857-420.wav,other,end_of_speech,-47.62241,24.796379905090216,24.442488843855614,9.268499792969813,0.8,0.76
louder/louder_owner_20260930-124901-073.wav,complete,end_of_speech,-47.71019,23.22665704823207,19.970240289168895,3.556081836269726,0.62,0.6
volume_down/volume_down_owner_20260930-124904-927.wav,other,end_of_speech,-47.274124,19.91172885721197,18.98348562594349,5.9705495400698965,0.84,0.8200000000000001
remind_trash/remind_trash_owner_20260930-124910-203.wav,complete,end_of_speech,-46.30645,18.811660410814447,18.83605331045722,9.794311832445658,0.18,0.18
remind_study/remind_study_owner_20260930-124915-582.wav,complete,end_of_speech,-46.619473,19.058235168260847,16.912408425744676,10.958353232219025,0.52,0.52
list_reminders/list_reminders_owner_20260930-124920-047.wav,complete,end_of_speech,-46.891026,19.608250723649345,19.94048099088293,14.744988482154298,0.5,0.5
call_jane/call_jane_owner_20260930-124923-898.wav,other,end_of_speech,-47.14619,21.780185900967552,20.253831549288062,2.132293835152616,0.92,0.9
text_jane/text_jane_owner_20260930-124927-957.wav,other,end_of_speech,-47.326588,19.74963618690296,18.963828767574928,2.397993122839125,0.98,0.9400000000000001
unknown_silent/unknown_silent_owner_20260930-124932-627.wav,other,no_speech_detected,-47.78996,17.44247711694309,19.556981958158108,17.317380958430178,0.0,0.0
unknown_other/unknown_other_owner_20260930-124936-988.wav,other,end_of_speech,-47.246075,22.10164879581794,21.59467843949071,9.857764814569293,0.76,0.74
play_music/play_music_owner_20260930-124941-148.wav,complete,end_of_speech,-48.180458,20.171867321761884,19.82970833393422,2.1987584591082907,1.02,0.98
weather/weather_owner_20260930-124945-511.wav,complete,end_of_speech,-47.199207,20.40709521094211,19.859422316385395,9.42319615534106,0.34,0.34
time/time_owner_20260930-125346-449.wav,complete,no_speech_detected,-48.46479,3.050520123194154,3.074001266716394,2.410778788156165,1.04,1.04
lights_on/lights_on_owner_20260930-125355-475.wav,other,no_speech_detected,-47.983345,2.6623530706388294,2.5411006443933246,1.4808483964185797,1.16,1.16
lights_off/lights_off_owner_20260930-125421-032.wav,other,no_speech_detected,-47.72073,6.579897183533689,4.68882706746934,1.97615824093063,1.3,1.0
dim_lights_20/dim_lights_20_owner_20260930-125427-731.wav,empty,no_speech_detected,-47.681774,2.7752887520146814,,,,
dim_lights_100/dim_lights_100_owner_20260930-125541-166.wav,other,no_speech_detected,-47.641735,3.40860675700862,3.119580792292595,1.4782560487366752,2.72,2.72
set_timer_1/set_timer_1_owner_20260930-125546-946.wav,other,no_speech_detected,-47.252094,2.9053908759666953,2.5885392229477517,1.4514874967844946,2.7600000000000002,1.74
set_timer_5/set_timer_5_owner_20260930-125552-424.wav,other,no_speech_detected,-47.971817,3.468376591888074,2.9884966089251606,1.6664535829543183,2.72,2.72
set_timer_10/set_timer_10_owner_20260930-125600-333.wav,other,no_speech_detected,-47.98107,3.41862842374929,3.0813272687426903,1.7512989307974607,2.72,1.76
set_alarm_6am/set_alarm_6am_owner_20260930-125605-396.wav,complete,no_speech_detected,-47.682995,4.001601267433664,2.785168156368961,1.5720327837355867,2.04,2.04
set_alarm_730am/set_alarm_730am_owner_20260930-125613-214.wav,other,no_speech_detected,-47.392494,3.464744897449016,3.68190900358902,2.206359863795825,1.54,1.54
set_alarm_9pm/set_alarm_9pm_owner_20260930-125618-085.wav,complete,no_speech_detected,-47.92448,3.365529593563913,3.354593721252698,1.7065618481223623,1.74,1.74
set_temperature_18/set_temperature_18_owner_20260930-125625-999.wav,complete,no_speech_detected,-47.865917,2.8262707152201685,2.729873968186297,1.395029384046012,1.76,1.76
set_temperature_22/set_temperature_22_owner_20260930-125631-373.wav,other,no_speech_detected,-47.65195,2.5633212656199476,2.344650068399723,1.4203623184108523,2.98,2.98
set_temperature_26/set_temperature_26_owner_20260930-125636-950.wav,other,no_speech_detected,-47.454235,2.7701580088096094,2.1445935726742675,1.1259287053933562,3.14,3.14
pause/pause_owner_20260930-125642-428.wav,other,no_speech_detected,-48.189312,3.027177139777372,2.677219670732782,1.5444889311004601,1.26,1.26
stop/stop_owner_20260930-125647-396.wav,other,no_speech_detected,-48.15764,2.858368170055698,2.5715146263990363,1.3629425494014242,1.26,1.26
next/next_owner_20260930-125652-166.wav,other,no_speech_detected,-48.09045,2.5853024171619126,2.333505990303557,1.180263572302124,1.46,1.46
skip/skip_owner_20260930-125659-973.wav,other,no_speech_detected,-48.19152,2.8010417762278976,2.704781609722012,1.5560620894316344,0.62,0.62
volume_up/volume_up_owner_20260930-125704-841.wav,other,no_speech_detected,-48.091034,2.8755270446772556,2.834133691593287,1.6579462618375516,1.1,1.1
louder/louder_owner_20260930-125709-913.wav,complete,no_speech_detected,-48.18046,2.7787866120117997,2.7320918146490456,1.2464730240563853,1.6400000000000001,1.6400000000000001
volume_down/volume_down_owner_20260930-125714-882.wav,other,no_speech_detected,-48.169056,2.9599634049216306,2.33576279987723,1.699805635984582,0.8,0.8
remind_trash/remind_trash_owner_20260930-125719-753.wav,other,no_speech_detected,-47.823784,3.1313191379467256,2.5753993535975823,1.6921211026396037,2.72,2.72
remind_study/remind_study_owner_20260930-125724-923.wav,empty,no_speech_detected,-47.706276,2.1699707309224934,,,,
list_reminders/list_reminders_owner_20260930-125730-300.wav,complete,no_speech_detected,-47.76577,2.8802042112952932,2.9116277031276496,1.8328690285989424,1.3800000000000001,1.3800000000000001
call_jane/call_jane_owner_20260930-125735-372.wav,other,no_speech_detected,-48.337837,3.1282339844267284,2.2562857594644683,1.4588387069738928,1.6400000000000001,1.6400000000000001
text_jane/text_jane_owner_20260930-125740-345.wav,other,no_speech_detected,-48.346302,3.8502065624443205,3.3227426489078553,1.7167518675478988,0.78,0.78
unknown_silent/unknown_silent_owner_20260930-125745-411.wav,other,no_speech_detected,-48.476917,2.7549700502962793,2.4283638754903265,1.9826336226706687,0.18,0.18
unknown_other/unknown_other_owner_20260930-125750-380.wav,other,no_speech_detected,-47.695873,5.0878464027157335,4.894047716373414,1.841599842008307,1.3,1.1400000000000001
play_music/play_music_owner_20260930-125954-729.wav,complete,end_of_speech,-59.954792,19.991653816001836,20.32207967729321,1.8129037324860278,0.64,0.62
weather/weather_owner_20260930-125959-499.wav,complete,end_of_speech,-59.446438,14.113309591138659,14.012826873391262,6.634756673099666,0.44,0.42
time/time_owner_20260930-130004-264.wav,complete,end_of_speech,-58.657223,16.230557705911473,16.652748388300857,6.220295728147761,0.54,0.52
lights_on/lights_on_owner_20260930-130008-727.wav,complete,end_of_speech,-59.140053,18.209473734499362,18.214213238861177,8.724087648541385,0.5,0.48
lights_off/lights_off_owner_20260930-130012-882.wav,other,end_of_speech,-58.892704,14.037380652296356,14.22363099986439,3.429714438175033,0.5,0.48
dim_lights_20/dim_lights_20_owner_20260930-130017-547.wav,complete,end_of_speech,-59.323097,18.411562633437875,18.305794702724903,8.296728586846015,0.68,0.68
dim_lights_50/dim_lights_50_owner_20260930-130022-315.wav,complete,end_of_speech,-58.042934,17.181418305606634,16.443594930368647,4.949748062534894,0.58,0.56
dim_lights_100/dim_lights_100_owner_20260930-130027-081.wav,other,end_of_speech,-59.15889,19.61632423961305,19.61632423961305,8.030368367108743,0.5,0.48
set_timer_1/set_timer_1_owner_20260930-130031-848.wav,complete,end_of_speech,-58.94597,17.656288571200676,17.069225277224362,9.152177184753924,0.58,0.58
set_timer_5/set_timer_5_owner_20260930-130036-718.wav,complete,end_of_speech,-58.78022,14.545067209819415,14.453414910555821,9.207649665446496,0.64,0.62
set_timer_10/set_timer_10_owner_20260930-130041-787.wav,complete,end_of_speech,-58.34439,16.473498064581342,15.839947307413645,9.329167709654264,0.44,0.44
set_alarm_6am/set_alarm_6am_owner_20260930-130047-670.wav,complete,end_of_speech,-59.56661,17.26901880787748,17.215991277432337,8.001722566015253,0.62,0.62
set_alarm_730am/set_alarm_730am_owner_20260930-130052-640.wav,complete,end_of_speech,-59.387234,19.25959527303042,18.872387478366058,9.509217685248395,0.6,0.6
set_alarm_9pm/set_alarm_9pm_owner_20260930-130058-525.wav,complete,end_of_speech,-59.17333,17.455912890735064,16.8965390164689,7.526289402433278,0.56,0.56
set_temperature_18/set_temperature_18_owner_20260930-130103-798.wav,complete,end_of_speech,-58.5011,16.33235365705525,15.313401786009301,6.479781926485053,0.76,0.62
set_temperature_22/set_temperature_22_owner_20260930-130109-374.wav,complete,end_of_speech,-58.91489,13.956928809890364,13.60708624337606,7.335972903499261,1.12,1.06
set_temperature_26/set_temperature_26_owner_20260930-130114-345.wav,complete,end_of_speech,-58.176456,14.749420981461341,13.223245832757563,4.9839561646888555,1.32,1.16
pause/pause_owner_20260930-130119-618.wav,complete,no_speech_detected,-59.852295,9.350443693059084,8.414695469982057,2.551599301660602,1.0,0.96
stop/stop_owner_20260930-130124-387.wav,complete,no_speech_detected,-59.571724,9.537869596320888,8.344766297340826,1.863649947971581,0.64,0.6
next/next_owner_20260930-130129-253.wav,complete,no_speech_detected,-59.995415,9.163806594810097,9.038296598584175,2.273237873630677,1.1,1.06
skip/skip_owner_20260930-130134-021.wav,complete,no_speech_detected,-60.1533,9.257497699237838,8.805050997856348,2.6036112910386464,1.0,0.9400000000000001
volume_up/volume_up_owner_20260930-130137-977.wav,complete,end_of_speech,-60.161137,17.72868841504907,18.08201551632802,11.212008689612844,0.26,0.24
louder/louder_owner_20260930-130141-526.wav,other,end_of_speech,-59.91842,11.843320378070793,10.734897999233787,3.2732379807594754,0.96,0.9
volume_down/volume_down_owner_20260930-130145-584.wav,empty,end_of_speech,-59.52607,13.514691961843972,,,,
remind_trash/remind_trash_owner_20260930-130150-652.wav,complete,end_of_speech,-58.762276,16.36293708819516,14.357693517833994,8.307705108821253,0.3,0.12
remind_study/remind_study_owner_20260930-130155-522.wav,complete,end_of_speech,-58.50644,14.394804757751501,14.3922784029335,8.961596284581404,0.22,0.2
list_reminders/list_reminders_owner_20260930-130200-292.wav,complete,end_of_speech,-58.632923,17.233450773052418,16.45313096262005,3.790442726151852,0.64,0.62
call_jane/call_jane_owner_20260930-130204-348.wav,complete,end_of_speech,-59.494118,14.611998304366743,13.806299084564927,2.238812242701286,1.1,1.04
text_jane/text_jane_owner_20260930-130208-401.wav,other,end_of_speech,-58.898045,23.387829136218386,11.350647138569371,7.02467082476997,0.28,0.26
unknown_silent/unknown_silent_owner_20260930-130213-470.wav,other,no_speech_detected,-59.640278,5.672280758472574,2.9438892875923983,1.4317001343292972,2.0,2.0
unknown_other/unknown_other_owner_20260930-130218-745.wav,other,end_of_speech,-58.930084,15.893704686508109,15.776197349328442,9.053028620898033,0.66,0.58
play_music/play_music_owner_20260930-130256-679.wav,complete,max_length,-54.262108,17.47466416780258,18.545502702075474,10.503463394005905,0.3,0.26
weather/weather_owner_20260930-130303-679.wav,other,max_length,-52.511837,14.30458107742232,13.781638147170504,8.294743429373938,0.28,0.24
time/time_owner_20260930-130313-214.wav,complete,max_length,-52.368908,13.856007959950801,15.67326640059754,9.598305805262477,0.4,0.38
lights_on/lights_on_owner_20260930-130318-185.wav,other,end_of_speech,-55.480797,16.441917243412142,14.250263140497687,7.87093988967645,0.34,0.3
lights_off/lights_off_owner_20260930-130329-643.wav,cut_off,max_length,-52.63036,12.996357652193623,12.278806110642591,8.042803696882885,0.38,0.28
dim_lights_20/dim_lights_20_owner_20260930-130337-046.wav,complete,max_length,-54.024456,16.962431133007634,17.37276419421047,11.70690988641448,0.48,0.44
dim_lights_50/dim_lights_50_owner_20260930-130344-146.wav,other,end_of_speech,-56.685253,19.010575252196844,17.434292348773987,11.269640256484003,0.68,0.44
dim_lights_100/dim_lights_100_owner_20260930-130351-652.wav,other,max_length,-52.878906,16.178344709155027,14.828860115694908,8.702674400204444,0.3,0.28
set_timer_1/set_timer_1_owner_20260930-130358-648.wav,other,max_length,-50.673862,12.810641291001893,11.980497847084237,7.746137354396197,0.56,0.44
set_timer_5/set_timer_5_owner_20260930-130405-141.wav,complete,max_length,-49.97823,13.1929182883147,12.947470158694493,8.114314874225045,0.42,0.22
set_timer_10/set_timer_10_owner_20260930-130414-068.wav,complete,end_of_speech,-55.198128,17.75254491141083,17.788169436559052,11.154855491933446,0.4,0.4
set_alarm_6am/set_alarm_6am_owner_20260930-130425-627.wav,other,end_of_speech,-55.512177,17.922296511800845,16.72970177224564,7.005693223417879,0.58,0.56
set_alarm_730am/set_alarm_730am_owner_20260930-130431-205.wav,other,end_of_speech,-49.665615,9.600376756221749,8.508135521825757,2.278450412641824,0.92,0.56
set_alarm_9pm/set_alarm_9pm_owner_20260930-130436-175.wav,complete,end_of_speech,-56.835575,17.01531619378101,16.831365858062938,11.714973544051105,0.3,0.26
set_temperature_18/set_temperature_18_owner_20260930-130442-770.wav,complete,end_of_speech,-51.864277,12.077905166435634,11.641058371334516,6.208913288588484,0.9400000000000001,0.64
set_temperature_22/set_temperature_22_owner_20260930-130447-027.wav,complete,end_of_speech,-58.528698,15.991670901194183,14.185726486673047,9.01055488906912,0.9400000000000001,0.9
set_temperature_26/set_temperature_26_owner_20260930-130452-101.wav,complete,end_of_speech,-57.174877,13.48811915018684,12.861338855066663,7.27823345469136,1.0,0.98
pause/pause_owner_20260930-130501-943.wav,other,max_length,-53.367577,14.161885345307375,12.792789359608165,8.349768554658738,0.54,0.5
stop/stop_owner_20260930-130508-332.wav,other,max_length,-50.622368,12.650045323502987,11.174415069604457,6.406891678655818,0.48,0.38
next/next_owner_20260930-130515-123.wav,other,max_length,-51.245045,11.960819324330387,11.166955667431175,6.490808308969065,0.48,0.42
skip/skip_owner_20260930-130518-368.wav,other,end_of_speech,-57.804825,17.868260133728313,17.659383423508487,14.167036380538576,0.0,0.0
volume_up/volume_up_owner_20260930-130523-645.wav,empty,end_of_speech,-51.277756,12.869598763513238,,,,
louder/louder_owner_20260930-130531-352.wav,other,max_length,-52.877728,14.87233669594854,13.136057439568688,7.1313507931402285,0.72,0.46
volume_down/volume_down_owner_20260930-130538-351.wav,other,max_length,-54.21227,16.83861600927299,13.064171894825733,8.190477800008452,0.34,0.3
remind_trash/remind_trash_owner_20260930-130545-244.wav,cut_off,max_length,-51.49281,13.60669116980447,13.078885547633917,7.45180079945051,0.54,0.52
remind_study/remind_study_owner_20260930-130558-428.wav,complete,max_length,-55.52088,19.931265754427685,19.001117516611643,14.163137350909338,0.12,0.1
list_reminders/list_reminders_owner_20260930-130608-671.wav,other,end_of_speech,-53.994526,15.50035217692534,14.7976668350692,11.238297158075007,0.36,0.36
call_jane/call_jane_owner_20260930-130615-872.wav,cut_off,max_length,-53.55555,17.01182662650225,14.895743667875777,9.821164980202234,0.64,0.64
text_jane/text_jane_owner_20260930-130621-448.wav,other,end_of_speech,-56.168648,19.06070872330895,20.547377438146505,10.99516742607419,0.24,0.24
unknown_silent/unknown_silent_owner_20260930-130628-338.wav,other,max_length,-56.41943,17.525128489527653,15.356449285598138,11.519969748128034,0.28,0.24
unknown_other/unknown_other_owner_20260930-130634-932.wav,other,max_length,-51.132195,12.800398756632198,15.79875132325978,9.310285757290863,0.24,0.22
play_music/play_music_owner_20260930-133641-286.wav,other,end_of_speech,-51.060802,13.583313212131493,11.793830042814818,5.717475371193672,0.76,0.66
weather/weather_owner_20260930-133648-778.wav,complete,no_speech_detected,-49.24644,11.447349353532694,6.690507553964629,2.7907375866204234,0.7000000000000001,0.52
time/time_owner_20260930-133653-940.wav,complete,no_speech_detected,-49.62586,8.113835332323077,7.782064505080442,4.5477275826859085,0.66,0.56
lights_on/lights_on_owner_20260930-133658-698.wav,other,no_speech_detected,-49.321735,7.6344440179330135,6.328500437595004,4.530401527262086,0.9,0.38
lights_off/lights_off_owner_20260930-133703-455.wav,complete,no_speech_detected,-49.367508,7.334688762455507,6.775790900906472,4.093807516220117,1.0,0.36
dim_lights_20/dim_lights_20_owner_20260930-133708-109.wav,complete,no_speech_detected,-49.465553,5.9291173421624705,5.214916419982323,2.2349705169260403,1.92,0.88
dim_lights_50/dim_lights_50_owner_20260930-133713-171.wav,other,no_speech_detected,-48.82079,7.473726608237307,4.4169955527139635,3.883218404231428,0.3,0.3
dim_lights_80/dim_lights_80_owner_20260930-133718-029.wav,complete,no_speech_detected,-49.297134,8.883931737707321,5.090579051502523,2.4787499345726616,1.8,0.84
set_timer_1/set_timer_1_owner_20260930-133723-091.wav,complete,no_speech_detected,-49.129013,5.427569683961089,5.420502137390038,2.5820201109805083,1.94,0.92
set_timer_5/set_timer_5_owner_20260930-133728-153.wav,complete,no_speech_detected,-48.85982,6.388581147491664,4.990416097922875,1.3420735888161701,1.02,1.02
set_timer_10/set_timer_10_owner_20260930-133733-214.wav,complete,no_speech_detected,-49.277966,5.053344183136147,4.904997612895855,2.4018951117063736,1.98,0.9400000000000001
set_alarm_6am/set_alarm_6am_owner_20260930-133738-378.wav,complete,end_of_speech,-49.10876,9.424036910418636,8.153339828860368,2.585367704647311,1.56,1.36
set_alarm_730am/set_alarm_730am_owner_20260930-133743-527.wav,complete,no_speech_detected,-49.415466,4.11643209507443,3.786232385492312,2.101839239810367,2.12,2.0
set_alarm_9pm/set_alarm_9pm_owner_20260930-133748-499.wav,complete,no_speech_detected,-49.20416,5.841961221817506,4.088891930079306,2.2153176829674663,1.52,0.84
set_temperature_18/set_temperature_18_owner_20260930-133753-463.wav,complete,no_speech_detected,-49.443283,4.750047007090231,4.382723825802657,1.7036002055520925,2.84,1.42
set_temperature_22/set_temperature_22_owner_20260930-133758-421.wav,complete,no_speech_detected,-49.13739,4.4036606916316785,4.072996793178582,1.671134848386906,1.6600000000000001,1.6400000000000001
set_temperature_26/set_temperature_26_owner_20260930-133803-482.wav,complete,no_speech_detected,-48.60845,5.218035234209104,4.339116376187334,1.8005440572556637,2.7800000000000002,1.9000000000000001
pause/pause_owner_20260930-133808-553.wav,other,no_speech_detected,-49.284973,3.142090146589325,2.978611406220857,0.9940371973709858,1.26,1.18
stop/stop_owner_20260930-133813-212.wav,complete,no_speech_detected,-49.182068,4.793413396490465,3.769279113866588,1.8447050946786376,1.12,1.12
next/next_owner_20260930-133817-164.wav,other,end_of_speech,-48.48101,13.93526308303516,15.480364550593812,2.507059969261526,0.36,0.34
skip/skip_owner_20260930-133821-926.wav,other,no_speech_detected,-49.106815,4.766283241781338,4.406422694682483,2.1712126373472174,1.32,1.06
volume_up/volume_up_owner_20260930-133826-587.wav,other,no_speech_detected,-49.014336,5.266954420035923,4.556139524050927,1.7996938509987856,1.54,1.16
louder/louder_owner_20260930-133831-439.wav,empty,no_speech_detected,-49.805965,5.836415420112985,,,,
volume_down/volume_down_owner_20260930-133836-214.wav,other,no_speech_detected,-49.414898,5.37509188019397,4.807130454484756,1.5923793754385258,1.86,1.46
remind_trash/remind_trash_owner_20260930-133840-973.wav,other,no_speech_detected,-48.86835,6.639841543856797,4.754020168459029,1.3390087544011422,2.18,2.06
remind_study/remind_study_owner_20260930-133845-941.wav,complete,no_speech_detected,-48.872196,6.08263481228132,4.822565461212008,2.0701547975124726,1.5,1.48
list_reminders/list_reminders_owner_20260930-133851-103.wav,complete,no_speech_detected,-49.25191,5.139065459388561,4.500437264060636,1.949008455433983,1.46,1.44
call_jane/call_jane_owner_20260930-133856-067.wav,other,no_speech_detected,-49.489,6.738918568148918,5.303119661122331,1.3802123477694934,1.3800000000000001,1.08
text_jane/text_jane_owner_20260930-133900-729.wav,other,no_speech_detected,-49.237186,4.773116854901524,3.1624254378461387,1.282662937317717,1.76,1.76
unknown_silent/unknown_silent_owner_20260930-133905-592.wav,other,no_speech_detected,-49.243546,4.478235512047206,1.9721237672205163,0.6882251411532891,0.5,0.5
unknown_other/unknown_other_owner_20260930-133924-227.wav,other,no_speech_detected,-48.978878,6.778611099954418,4.768391327698893,1.8831079623598441,1.5,1.1400000000000001
play_music/play_music_owner_20260930-134607-242.wav,other,no_speech_detected,-48.661266,9.668615116645341,9.694963725798097,3.739769056406203,0.8200000000000001,0.52
weather/weather_owner_20260930-134612-708.wav,complete,no_speech_detected,-47.15152,10.817836857827295,9.94390320488845,2.3165755932289613,0.88,0.56
time/time_owner_20260930-134617-565.wav,other,no_speech_detected,-47.916546,9.213929979751235,8.058667062444918,2.0627675157641576,0.68,0.64
lights_on/lights_on_owner_20260930-134622-325.wav,complete,no_speech_detected,-48.135914,7.334107516660872,6.912104111449516,3.95000970536924,0.58,0.4
lights_off/lights_off_owner_20260930-134626-260.wav,complete,end_of_speech,-47.725124,10.684120728435573,10.556432018947596,5.453156917566986,0.48,0.44
dim_lights_20/dim_lights_20_owner_20260930-134631-029.wav,complete,end_of_speech,-46.95554,9.511716653258716,8.72727241858749,2.8800640236115953,0.72,0.7000000000000001
dim_lights_50/dim_lights_50_owner_20260930-134640-748.wav,complete,no_speech_detected,-47.861744,8.201189858990475,7.163356407622963,2.4499305880838804,0.86,0.84
dim_lights_80/dim_lights_80_owner_20260930-134645-104.wav,complete,end_of_speech,-46.418022,10.607709935899024,7.598645043109457,3.2202299598199815,0.8,0.78
set_timer_1/set_timer_1_owner_20260930-134650-266.wav,complete,no_speech_detected,-47.661533,8.88110436521427,8.505892360814016,4.551047570805821,0.62,0.54
set_timer_5/set_timer_5_owner_20260930-134655-026.wav,complete,no_speech_detected,-46.64932,7.98081231377126,6.1435273368308145,2.4484817002058747,1.0,0.52
set_timer_10/set_timer_10_owner_20260930-134659-481.wav,complete,end_of_speech,-46.527325,9.332386166593572,8.771059043609284,3.6061052248464094,0.5,0.5
set_alarm_6am/set_alarm_6am_owner_20260930-134704-137.wav,empty,end_of_speech,-46.806755,8.946690319308452,,,,
set_alarm_730am/set_alarm_730am_owner_20260930-134712-744.wav,complete,no_speech_detected,-46.474697,8.927302058702551,7.6184645142703005,2.688114702591008,1.16,1.1
set_alarm_9pm/set_alarm_9pm_owner_20260930-134718-210.wav,cut_off,no_speech_detected,-46.629448,9.582150598506317,5.312821523004132,3.7390865604512697,2.22,0.96
set_temperature_18/set_temperature_18_owner_20260930-134723-170.wav,complete,end_of_speech,-46.85384,12.65006449205773,9.565364015665281,3.7383336590536587,0.9400000000000001,0.7000000000000001
set_temperature_22/set_temperature_22_owner_20260930-134728-742.wav,complete,no_speech_detected,-47.460835,6.321897992078114,5.395559466943958,2.009097680730875,2.46,0.8
set_temperature_26/set_temperature_26_owner_20260930-134733-905.wav,complete,no_speech_detected,-47.214817,11.132842466131741,6.452913357921531,2.6208048631653895,1.68,0.8
pause/pause_owner_20260930-134739-874.wav,other,end_of_speech,-47.562004,12.508465190046607,7.0772695368590846,1.7275540982928845,1.72,1.68
stop/stop_owner_20260930-134743-418.wav,other,end_of_speech,-47.6134,14.517310252544533,10.736378259901286,1.770085182972764,0.44,0.34
next/next_owner_20260930-134748-681.wav,other,end_of_speech,-48.50263,9.00548219240089,6.406218165495652,2.362401238826031,1.76,1.44
skip/skip_owner_20260930-134753-645.wav,empty,no_speech_detected,-47.89708,9.426510425125343,,,,
volume_up/volume_up_owner_20260930-134757-590.wav,complete,end_of_speech,-47.675266,10.740871095089986,10.55088099475882,3.490894941791396,0.44,0.42
louder/louder_owner_20260930-134804-069.wav,empty,end_of_speech,-48.051365,13.4018558745369,,,,
volume_down/volume_down_owner_20260930-134811-158.wav,other,no_speech_detected,-47.43301,9.805764697143928,9.81180184590393,2.348179288719635,0.54,0.46
remind_trash/remind_trash_owner_20260930-134816-118.wav,complete,no_speech_detected,-47.540745,10.89001583139359,7.390715086939636,3.919864446343439,0.62,0.36
remind_study/remind_study_owner_20260930-134821-078.wav,complete,no_speech_detected,-47.166527,8.245793585678314,7.708649704386794,2.3036145853475745,0.64,0.62
list_reminders/list_reminders_owner_20260930-134825-230.wav,complete,end_of_speech,-47.54961,10.734047490598371,10.783823184872617,3.7749145147573344,0.56,0.54
call_jane/call_jane_owner_20260930-134830-393.wav,other,no_speech_detected,-47.409367,9.109516619881695,9.345586917041487,1.976258260854081,0.66,0.66
text_jane/text_jane_owner_20260930-134835-054.wav,other,no_speech_detected,-48.27047,7.069130912314073,7.07571804696704,2.41988946407011,0.62,0.44
unknown_silent/unknown_silent_owner_20260930-134839-710.wav,empty,no_speech_detected,-47.64617,6.9076002973703865,,,,
unknown_other/unknown_other_owner_20260930-134845-278.wav,other,no_speech_detected,-47.888393,9.749525381565263,9.067283951261096,2.196272114448284,0.8200000000000001,0.78
play_music/play_music_owner_20260930-134906-435.wav,complete,end_of_speech,-48.255917,15.120615178129142,14.354117874150226,2.767001418555438,1.18,1.16
weather/weather_owner_20260930-134911-495.wav,complete,end_of_speech,-47.142918,11.846098336904674,11.945218800533056,11.440972265467593,0.18,0.16
time/time_owner_20260930-134916-661.wav,complete,end_of_speech,-47.655434,13.061768545570736,13.329685677117403,10.088827607701894,0.14,0.14
lights_on/lights_on_owner_20260930-134921-318.wav,complete,end_of_speech,-47.121037,15.347240216205456,12.375737854020123,3.3081470466165186,1.22,1.2
lights_off/lights_off_owner_20260930-134925-468.wav,complete,end_of_speech,-47.538216,13.48099379114283,12.59535233052673,1.2072879663125775,1.22,1.16
dim_lights_20/dim_lights_20_owner_20260930-134931-951.wav,complete,end_of_speech,-47.387085,13.131493706151382,11.6366074311466,7.059402887085604,0.72,0.7000000000000001
dim_lights_50/dim_lights_50_owner_20260930-134938-126.wav,complete,end_of_speech,-47.268394,10.986499598640009,10.759981780200356,7.401165287864828,0.32,0.32
dim_lights_80/dim_lights_80_owner_20260930-134943-492.wav,complete,end_of_speech,-47.51309,10.508087529632235,10.439737398904185,6.876743723183388,0.42,0.42
set_timer_1/set_timer_1_owner_20260930-134948-653.wav,other,end_of_speech,-47.865246,15.39017961789456,15.703290043178008,4.334717974870799,0.52,0.52
set_timer_5/set_timer_5_owner_20260930-134955-132.wav,cut_off,end_of_speech,-47.301212,12.239190074254147,10.407103801319941,1.1937471800054453,0.66,0.64
set_timer_10/set_timer_10_owner_20260930-135001-716.wav,complete,end_of_speech,-47.486713,13.528514557690912,13.063623847246944,6.86408781060225,1.02,0.98
set_alarm_6am/set_alarm_6am_owner_20260930-135007-486.wav,complete,end_of_speech,-46.918377,12.827512160817967,12.691834410932259,7.686025494845268,0.88,0.8200000000000001
set_alarm_9pm/set_alarm_9pm_owner_20260930-135019-335.wav,complete,end_of_speech,-46.070374,12.3103713198973,11.53742531197868,6.376230832251011,0.9,0.84
set_temperature_18/set_temperature_18_owner_20260930-135025-510.wav,complete,end_of_speech,-47.12005,14.87511462422507,14.387430930146643,8.24492038129786,0.88,0.86
set_temperature_22/set_temperature_22_owner_20260930-135031-582.wav,complete,end_of_speech,-47.022038,11.730204251615127,11.194231645774842,6.42833283839628,0.98,0.92
set_temperature_26/set_temperature_26_owner_20260930-135037-859.wav,complete,end_of_speech,-46.63074,11.860779882836667,11.486738746968136,5.68327045605642,0.9400000000000001,0.9
pause/pause_owner_20260930-135042-822.wav,complete,no_speech_detected,-47.69807,9.630142927369839,10.739514008376062,0.8466443932372698,0.7000000000000001,0.64
stop/stop_owner_20260930-135047-479.wav,complete,no_speech_detected,-47.59439,12.371968167631856,12.63378987519934,1.745244828961674,0.66,0.64
next/next_owner_20260930-135052-334.wav,complete,no_speech_detected,-48.0526,12.27205114567007,14.095730753386768,1.6105317608165208,0.76,0.74
skip/skip_owner_20260930-135057-599.wav,complete,no_speech_detected,-47.915615,10.860362065145296,11.291487355094588,1.4767719455883253,0.8,0.78
volume_up/volume_up_owner_20260930-135101-143.wav,complete,end_of_speech,-46.84359,11.97385739866214,10.825783525270893,5.3269538477435106,0.72,0.58
louder/louder_owner_20260930-135105-094.wav,complete,end_of_speech,-47.04796,12.611075463090039,12.2674471684589,4.727732252031757,0.74,0.64
volume_down/volume_down_owner_20260930-135109-854.wav,other,end_of_speech,-45.648182,10.672703405867686,9.36588204957723,6.428415476048897,0.92,0.78
remind_trash/remind_trash_owner_20260930-135116-433.wav,complete,end_of_speech,-46.742596,15.136247894933739,14.837196528060797,8.411933343660507,0.34,0.14
remind_study/remind_study_owner_20260930-135119-976.wav,cut_off,end_of_speech,-47.546734,10.93108208138024,12.19476163322907,7.180704530684025,0.16,0.16
list_reminders/list_reminders_owner_20260930-135127-366.wav,complete,end_of_speech,-47.62019,12.34794264046765,11.134691313317276,4.849605604499288,0.96,0.9400000000000001
call_jane/call_jane_owner_20260930-135131-314.wav,complete,end_of_speech,-47.743435,12.373422305180377,11.079830599150135,1.3847697300606043,0.86,0.8
text_jane/text_jane_owner_20260930-135135-261.wav,other,end_of_speech,-47.70101,10.888362000430106,9.485903095885014,1.2898712245679889,1.06,0.98
unknown_silent/unknown_silent_owner_20260930-135140-123.wav,other,no_speech_detected,-47.789528,2.587825868833569,0.571827426653833,-0.05356426200551567,0.08,0.08
unknown_other/unknown_other_owner_20260930-135150-246.wav,other,end_of_speech,-46.877235,11.092764118130326,10.547097265261336,4.330762427472372,1.12,1.06
play_music/play_music_owner_20260930-135209-074.wav,other,end_of_speech,-46.755623,13.508480277032376,12.566780291120232,6.194858729762139,1.28,0.98
weather/weather_owner_20260930-135217-680.wav,other,end_of_speech,-47.36553,12.227317576971082,10.614257575938602,7.750027645984318,0.22,0.2
time/time_owner_20260930-135224-160.wav,complete,no_speech_detected,-47.15293,8.551245736854241,8.306688126203298,4.765156287823238,1.1,1.04
lights_on/lights_on_owner_20260930-135231-955.wav,complete,end_of_speech,-46.738304,10.800779420647714,10.513311024121592,7.181953931336395,1.1,1.06
lights_off/lights_off_owner_20260930-135237-627.wav,complete,end_of_speech,-47.18648,11.830643172027088,11.694905699816083,3.687382684126206,1.26,1.22
dim_lights_20/dim_lights_20_owner_20260930-135242-086.wav,other,end_of_speech,-46.619286,10.331368317439818,10.06340190045939,4.690125602361988,0.92,0.84
dim_lights_50/dim_lights_50_owner_20260930-135248-763.wav,other,end_of_speech,-47.197105,12.285458248138298,12.133606527198296,1.7339450531832057,1.06,0.98
dim_lights_80/dim_lights_80_owner_20260930-135255-241.wav,complete,no_speech_detected,-47.338314,9.97589699790133,8.393224208951771,2.239002299243573,1.0,0.96
set_timer_1/set_timer_1_owner_20260930-135301-217.wav,complete,end_of_speech,-47.00557,12.126813384663023,11.786964764876046,7.66631371797871,1.12,1.08
set_timer_5/set_timer_5_owner_20260930-135306-682.wav,complete,no_speech_detected,-47.113388,9.071877108195721,7.9569270492953805,3.7936397519065537,1.06,1.02
set_timer_10/set_timer_10_owner_20260930-135311-237.wav,other,end_of_speech,-47.69243,10.485496513281817,9.65616550510802,1.7674291469627263,1.68,1.58
set_alarm_6am/set_alarm_6am_owner_20260930-135316-810.wav,complete,no_speech_detected,-47.582413,9.050176477549059,8.494161572372427,2.3329477610003693,1.24,1.12
set_alarm_730am/set_alarm_730am_owner_20260930-135324-903.wav,complete,end_of_speech,-46.995434,9.34800006526278,9.097459536314858,5.376471555391156,0.56,0.38
set_alarm_9pm/set_alarm_9pm_owner_20260930-135330-065.wav,complete,no_speech_detected,-47.425385,10.16037423372751,9.249064881596865,4.496071137047714,1.24,1.02
set_temperature_18/set_temperature_18_owner_20260930-135335-031.wav,complete,no_speech_detected,-47.198135,8.730801986617976,8.443764625226748,2.2042496185882854,1.18,1.1400000000000001
set_temperature_22/set_temperature_22_owner_20260930-135339-484.wav,complete,end_of_speech,-47.485474,9.219119609923766,7.829649141183005,3.481976355387573,1.2,1.04
set_temperature_26/set_temperature_26_owner_20260930-135344-950.wav,other,end_of_speech,-48.01493,11.871269748714425,10.690639395227613,3.7672567710283005,1.18,1.1400000000000001
pause/pause_owner_20260930-135350-924.wav,other,no_speech_detected,-47.546146,8.219483112129836,8.528902627034952,1.4933195702975937,0.98,0.92
stop/stop_owner_20260930-135355-580.wav,complete,no_speech_detected,-47.556293,5.711529493010509,4.2698736272379065,1.6850282911825047,1.1400000000000001,0.96
next/next_owner_20260930-135400-137.wav,complete,no_speech_detected,-47.600227,5.582522659240745,5.438791038495545,1.174978375169914,1.32,1.16
skip/skip_owner_20260930-135410-059.wav,complete,no_speech_detected,-48.13389,6.260707932040006,5.498736387151013,1.9615827234200651,1.1400000000000001,1.12
volume_up/volume_up_owner_20260930-135414-614.wav,cut_off,no_speech_detected,-47.786438,7.4063779329353,3.9248133045547178,1.7035018810695206,1.18,0.92
louder/louder_owner_20260930-135419-882.wav,other,no_speech_detected,-48.076283,7.237179729588874,7.216426117149517,1.4602651551506227,0.66,0.56
volume_down/volume_down_owner_20260930-135423-320.wav,complete,end_of_speech,-46.74849,11.385077758159063,11.21437664044852,3.50008537436112,0.62,0.6
remind_trash/remind_trash_owner_20260930-135428-387.wav,complete,no_speech_detected,-47.20134,6.163875505755598,5.5563043007481525,3.7349467396085245,1.54,0.4
remind_study/remind_study_owner_20260930-135433-445.wav,complete,no_speech_detected,-47.198647,9.083550198962328,8.946862507845012,4.253354724337015,0.72,0.4
list_reminders/list_reminders_owner_20260930-135441-443.wav,complete,no_speech_detected,-47.361076,8.213374081787642,7.866465205884182,1.4897591080443533,1.68,1.54
call_jane/call_jane_owner_20260930-135446-506.wav,complete,no_speech_detected,-47.736828,7.391523090732342,7.886013838144663,1.6510283991203138,1.02,0.98
text_jane/text_jane_owner_20260930-135451-059.wav,other,no_speech_detected,-48.24958,5.08407395670968,4.994584799288994,1.1478364192825552,1.6400000000000001,1.18
unknown_silent/unknown_silent_owner_20260930-135507-660.wav,empty,no_speech_detected,-47.971336,4.173395033553781,,,,
unknown_other/unknown_other_owner_20260930-135512-114.wav,other,end_of_speech,-47.014877,13.210496120493971,12.295417801597544,3.93071178878656,1.2,0.74
