file,label,session,f0_hz,n_speech_sec,cluster,margin,p_low_voice,pitch_group,t,run,evidence_low,smooth,spk,seg
play_music/play_music_owner_20260930-122543-079.wav,play_music,0,288.20462626017775,3.46,0.0,0.216,0.138,0.0,2026-09-30 12:25:43,0,0.069,0.09,HIGH,1
weather/weather_owner_20260930-122549-366.wav,weather,0,71.84366450240935,1.52,0.0,0.175,0.09,-1.0,2026-09-30 12:25:49,0,0.09,0.0795,HIGH,1
time/time_owner_20260930-122555-350.wav,time,0,242.35023708172005,1.22,0.0,0.222,0.188,0.0,2026-09-30 12:25:55,0,0.094,0.069,HIGH,1
lights_on/lights_on_owner_20260930-122626-084.wav,lights_on,0,227.430670979746,1.26,0.0,0.207,0.092,0.0,2026-09-30 12:26:26,0,0.046,0.046,HIGH,1
lights_off/lights_off_owner_20260930-122631-151.wav,lights_off,0,,1.24,0.0,0.28,0.046,-1.0,2026-09-30 12:26:31,0,0.046,0.046,HIGH,1
dim_lights_20/dim_lights_20_owner_20260930-122641-599.wav,dim_lights_20,0,237.50087754152256,2.84,0.0,0.157,0.09,0.0,2026-09-30 12:26:41,0,0.045,0.046,HIGH,1
dim_lights_50/dim_lights_50_owner_20260930-122646-870.wav,dim_lights_50,0,,,,,,,2026-09-30 12:26:46,0,,0.0455,HIGH,1
play_music/play_music_owner_20260930-122802-381.wav,play_music,0,,,,,,,2026-09-30 12:28:02,1,,0.0465,HIGH,2
weather/weather_owner_20260930-122820-733.wav,weather,0,220.95616125481965,1.1,0.0,0.256,0.065,0.0,2026-09-30 12:28:20,1,0.0325,0.0605,HIGH,2
time/time_owner_20260930-122825-297.wav,time,0,245.16621119364785,1.3,0.0,0.181,0.121,0.0,2026-09-30 12:28:25,1,0.0605,0.06125,HIGH,2
lights_on/lights_on_owner_20260930-122829-553.wav,lights_on,0,242.3542800756636,0.96,0.0,0.289,0.124,0.0,2026-09-30 12:28:29,1,0.062,0.062,HIGH,2
lights_off/lights_off_owner_20260930-122833-404.wav,lights_off,0,224.17097755080368,1.02,0.0,0.313,0.157,0.0,2026-09-30 12:28:33,1,0.0785,0.062,HIGH,2
dim_lights_20/dim_lights_20_owner_20260930-122839-188.wav,dim_lights_20,0,240.95440242841244,1.96,0.0,0.179,0.167,0.0,2026-09-30 12:28:39,1,0.0835,0.07025,HIGH,2
dim_lights_50/dim_lights_50_owner_20260930-122844-966.wav,dim_lights_50,0,256.76113209730795,2.38,0.0,0.216,0.086,0.0,2026-09-30 12:28:44,1,0.043,0.0785,HIGH,2
set_timer_1/set_timer_1_owner_20260930-123012-075.wav,set_timer_1,0,209.7629907627354,2.44,0.0,0.12,0.061,0.0,2026-09-30 12:30:12,2,0.0305,0.0355,HIGH,3
set_timer_5/set_timer_5_owner_20260930-123017-247.wav,set_timer_5,0,79.945763751754,2.94,0.0,0.167,0.038,-1.0,2026-09-30 12:30:17,2,0.038,0.033,HIGH,3
set_timer_10/set_timer_10_owner_20260930-123022-307.wav,set_timer_10,0,214.6659682537441,2.38,0.0,0.165,0.071,0.0,2026-09-30 12:30:22,2,0.0355,0.0325,HIGH,3
set_alarm_7am/set_alarm_7am_owner_20260930-123043-004.wav,set_alarm_7am,0,222.23614727554795,2.64,0.0,0.204,0.032,0.0,2026-09-30 12:30:43,2,0.016,0.0325,HIGH,3
set_alarm_9pm/set_alarm_9pm_owner_20260930-123048-785.wav,set_alarm_9pm,0,227.430670979746,2.22,0.0,0.175,0.065,0.0,2026-09-30 12:30:48,2,0.0325,0.0325,HIGH,3
set_temperature_18/set_temperature_18_owner_20260930-123056-085.wav,set_temperature_18,0,70.40550587474974,2.82,0.0,0.199,0.022,-1.0,2026-09-30 12:30:56,2,0.022,0.0315,HIGH,3
set_temperature_22/set_temperature_22_owner_20260930-123101-865.wav,set_temperature_22,0,215.9095155571117,2.98,0.0,0.218,0.067,0.0,2026-09-30 12:31:01,2,0.0335,0.0325,HIGH,3
set_temperature_26/set_temperature_26_owner_20260930-123107-138.wav,set_temperature_26,0,256.76113209730795,3.14,0.0,0.167,0.063,0.0,2026-09-30 12:31:07,2,0.0315,0.0335,HIGH,3
pause/pause_owner_20260930-123112-816.wav,pause,0,73.10190859286746,1.2,0.0,0.25,0.102,-1.0,2026-09-30 12:31:12,2,0.102,0.101,HIGH,3
stop/stop_owner_20260930-123118-190.wav,stop,0,222.23614727554795,0.42,0.0,0.308,0.202,0.0,2026-09-30 12:31:18,2,0.101,0.101,HIGH,3
next/next_owner_20260930-123134-320.wav,next,0,272.0289435230096,0.56,0.0,0.318,0.29,0.0,2026-09-30 12:31:34,2,0.145,0.102,HIGH,3
skip/skip_owner_20260930-123142-032.wav,skip,0,72.88835067743645,1.36,0.0,0.238,0.04,-1.0,2026-09-30 12:31:42,2,0.04,0.101,HIGH,3
volume_up/volume_up_owner_20260930-123149-035.wav,volume_up,0,122.93816395014235,1.0,0.0,0.237,0.223,1.0,2026-09-30 12:31:49,2,0.6115,0.04,HIGH,3
louder/louder_owner_20260930-123152-889.wav,louder,0,249.451641079295,1.56,0.0,0.147,0.034,0.0,2026-09-30 12:31:52,2,0.017,0.04,HIGH,3
volume_down/volume_down_owner_20260930-123156-632.wav,volume_down,0,227.430670979746,1.82,0.0,0.207,0.024,0.0,2026-09-30 12:31:56,2,0.012,0.045,HIGH,3
remind_trash/remind_trash_owner_20260930-123201-818.wav,remind_trash,0,239.5666071911286,1.68,0.0,0.161,0.092,0.0,2026-09-30 12:32:01,2,0.046,0.045,HIGH,3
remind_study/remind_study_owner_20260930-123207-197.wav,remind_study,0,352.78377916756665,1.84,0.0,0.157,0.045,-1.0,2026-09-30 12:32:07,2,0.045,0.046,HIGH,3
list_reminders/list_reminders_owner_20260930-123211-765.wav,list_reminders,0,272.0289435230096,1.3,0.0,0.202,0.102,0.0,2026-09-30 12:32:11,2,0.051,0.046,HIGH,3
call_jane/call_jane_owner_20260930-123215-718.wav,call_jane,0,255.2822967963007,0.86,0.0,0.315,0.159,0.0,2026-09-30 12:32:15,2,0.0795,0.051,HIGH,3
text_jane/text_jane_owner_20260930-123220-791.wav,text_jane,0,70.0,1.48,0.0,0.236,0.027,-1.0,2026-09-30 12:32:20,2,0.027,0.0795,HIGH,3
unknown_silent/unknown_silent_owner_20260930-123226-882.wav,unknown_silent,0,71.63617243977424,1.6,0.0,0.219,0.18,-1.0,2026-09-30 12:32:26,2,0.18,0.099,HIGH,3
unknown_other/unknown_other_owner_20260930-123234-186.wav,unknown_other,0,214.6659682537441,0.94,0.0,0.303,0.198,0.0,2026-09-30 12:32:34,2,0.099,0.18,HIGH,3
play_music/play_music_owner_20260930-123314-277.wav,play_music,0,,2.44,0.0,0.197,0.389,-1.0,2026-09-30 12:33:14,2,0.389,0.2285,HIGH,3
weather/weather_owner_20260930-123323-401.wav,weather,0,,1.16,0.0,0.288,0.294,-1.0,2026-09-30 12:33:23,2,0.294,0.294,HIGH,3
time/time_owner_20260930-123328-575.wav,time,0,240.95440242841244,1.22,0.0,0.192,0.457,0.0,2026-09-30 12:33:28,2,0.2285,0.294,HIGH,3
lights_on/lights_on_owner_20260930-123333-750.wav,lights_on,0,,0.68,0.0,0.281,0.509,-1.0,2026-09-30 12:33:33,2,0.509,0.26125,HIGH,3
lights_off/lights_off_owner_20260930-123337-609.wav,lights_off,0,289.87417867558565,1.12,0.0,0.293,0.212,0.0,2026-09-30 12:33:37,2,0.106,0.36575,?,4
dim_lights_20/dim_lights_20_owner_20260930-123342-172.wav,dim_lights_20,0,,,,,,,2026-09-30 12:33:42,2,,0.506,?,4
dim_lights_50/dim_lights_50_owner_20260930-123347-345.wav,dim_lights_50,0,,0.62,0.0,0.254,0.503,-1.0,2026-09-30 12:33:47,2,0.503,0.503,?,4
set_timer_1/set_timer_1_owner_20260930-123357-994.wav,set_timer_1,0,,0.46,0.0,0.269,0.533,-1.0,2026-09-30 12:33:57,2,0.533,0.503,?,4
set_timer_5/set_timer_5_owner_20260930-123402-762.wav,set_timer_5,0,,,,,,,2026-09-30 12:34:02,2,,0.518,?,4
set_timer_10/set_timer_10_owner_20260930-123407-733.wav,set_timer_10,0,,2.3,0.0,0.219,0.161,-1.0,2026-09-30 12:34:07,2,0.161,0.34700000000000003,HIGH,5
set_alarm_6am/set_alarm_6am_owner_20260930-123415-342.wav,set_alarm_6am,0,,1.0,0.0,0.237,0.553,-1.0,2026-09-30 12:34:15,2,0.553,0.161,HIGH,5
set_alarm_7am/set_alarm_7am_owner_20260930-123420-108.wav,set_alarm_7am,0,256.76113209730795,1.52,0.0,0.195,0.281,0.0,2026-09-30 12:34:20,2,0.1405,0.15075,HIGH,5
set_alarm_9pm/set_alarm_9pm_owner_20260930-123429-540.wav,set_alarm_9pm,0,,,,,,,2026-09-30 12:34:29,2,,0.1405,HIGH,5
set_temperature_18/set_temperature_18_owner_20260930-123435-109.wav,set_temperature_18,0,268.9044246142812,2.52,0.0,0.1,0.166,0.0,2026-09-30 12:34:35,2,0.083,0.11175000000000002,HIGH,5
set_temperature_22/set_temperature_22_owner_20260930-123439-991.wav,set_temperature_22,0,,,,,,,2026-09-30 12:34:39,2,,0.083,HIGH,5
set_temperature_26/set_temperature_26_owner_20260930-123444-960.wav,set_temperature_26,0,,,,,,,2026-09-30 12:34:44,2,,0.083,HIGH,5
pause/pause_owner_20260930-123450-239.wav,pause,0,,,,,,,2026-09-30 12:34:50,2,,,?,6
stop/stop_owner_20260930-123457-844.wav,stop,0,,,,,,,2026-09-30 12:34:57,2,,0.344,HIGH,7
next/next_owner_20260930-123504-440.wav,next,0,,,,,,,2026-09-30 12:35:04,2,,0.344,HIGH,7
skip/skip_owner_20260930-123509-510.wav,skip,0,,0.48,0.0,0.29,0.344,-1.0,2026-09-30 12:35:09,2,0.344,0.344,HIGH,7
volume_up/volume_up_owner_20260930-123513-060.wav,volume_up,0,,,,,,,2026-09-30 12:35:13,2,,0.5845,?,8
louder/louder_owner_20260930-123523-814.wav,louder,0,,,,,,,2026-09-30 12:35:23,2,,0.344,HIGH,9
volume_down/volume_down_owner_20260930-123528-075.wav,volume_down,0,128.38056604865398,0.88,0.0,0.229,0.65,1.0,2026-09-30 12:35:28,2,0.825,0.45475,?,10
remind_trash/remind_trash_owner_20260930-123538-317.wav,remind_trash,0,259.04839325537256,1.78,0.0,0.128,0.169,0.0,2026-09-30 12:35:38,2,0.0845,0.45475,?,10
list_reminders/list_reminders_owner_20260930-123548-260.wav,list_reminders,0,,,,,,,2026-09-30 12:35:48,2,,0.419,?,10
call_jane/call_jane_owner_20260930-123553-636.wav,call_jane,0,,,,,,,2026-09-30 12:35:53,2,,0.0885,HIGH,11
text_jane/text_jane_owner_20260930-123558-098.wav,text_jane,0,,0.6,0.0,0.274,0.419,-1.0,2026-09-30 12:35:58,2,0.419,0.0885,HIGH,11
unknown_silent/unknown_silent_owner_20260930-123602-866.wav,unknown_silent,0,327.2576295971488,0.72,0.0,0.245,0.177,0.0,2026-09-30 12:36:02,2,0.0885,0.0885,HIGH,11
unknown_other/unknown_other_owner_20260930-123616-048.wav,unknown_other,0,245.16621119364785,1.6,0.0,0.183,0.07,0.0,2026-09-30 12:36:16,2,0.035,0.0885,HIGH,11
play_music/play_music_owner_20260930-123830-742.wav,play_music,0,325.3727643481951,1.74,0.0,0.1,0.098,0.0,2026-09-30 12:38:30,3,0.049,0.05,HIGH,12
weather/weather_owner_20260930-123835-296.wav,weather,0,217.16026665672285,1.24,0.0,0.175,0.1,0.0,2026-09-30 12:38:35,3,0.05,0.05475,HIGH,12
time/time_owner_20260930-123839-465.wav,time,0,244.4601844582813,1.32,0.0,0.203,0.119,0.0,2026-09-30 12:38:39,3,0.0595,0.05,HIGH,12
lights_on/lights_on_owner_20260930-123843-420.wav,lights_on,0,250.8966997353467,1.16,0.0,0.269,0.19,0.0,2026-09-30 12:38:43,3,0.095,0.05,HIGH,12
lights_off/lights_off_owner_20260930-123848-290.wav,lights_off,0,224.8184069217454,1.4,0.0,0.153,0.098,0.0,2026-09-30 12:38:48,3,0.049,0.0575,HIGH,12
dim_lights_20/dim_lights_20_owner_20260930-123852-657.wav,dim_lights_20,0,226.12076670401177,2.4,0.0,0.197,0.078,0.0,2026-09-30 12:38:52,3,0.039,0.0575,HIGH,12
dim_lights_50/dim_lights_50_owner_20260930-123857-723.wav,dim_lights_50,0,235.45099627104003,2.58,0.0,0.196,0.115,0.0,2026-09-30 12:38:57,3,0.0575,0.0575,HIGH,12
dim_lights_80/dim_lights_80_owner_20260930-123901-781.wav,dim_lights_80,0,245.16621119364785,2.38,0.0,0.169,0.119,0.0,2026-09-30 12:39:01,3,0.0595,0.0575,HIGH,12
set_timer_1/set_timer_1_owner_20260930-123906-241.wav,set_timer_1,0,226.12076670401177,1.96,0.0,0.132,0.221,0.0,2026-09-30 12:39:06,3,0.1105,0.0575,HIGH,12
set_timer_5/set_timer_5_owner_20260930-123910-804.wav,set_timer_5,0,218.41826328374452,2.0,0.0,0.15,0.111,0.0,2026-09-30 12:39:10,3,0.0555,0.0595,HIGH,12
set_timer_10/set_timer_10_owner_20260930-123915-368.wav,set_timer_10,0,204.97199743238755,2.44,0.0,0.129,0.065,0.0,2026-09-30 12:39:15,3,0.0325,0.0555,HIGH,12
set_alarm_6am/set_alarm_6am_owner_20260930-123919-730.wav,set_alarm_6am,0,232.750493701981,1.98,0.0,0.12,0.14,0.0,2026-09-30 12:39:19,3,0.07,0.0555,HIGH,12
set_alarm_7am/set_alarm_7am_owner_20260930-123923-887.wav,set_alarm_7am,0,240.26852107397983,1.94,0.0,0.121,0.091,0.0,2026-09-30 12:39:23,3,0.0455,0.0535,HIGH,12
set_alarm_9pm/set_alarm_9pm_owner_20260930-123928-236.wav,set_alarm_9pm,0,,1.94,0.0,0.124,0.08,-1.0,2026-09-30 12:39:28,3,0.08,0.056,HIGH,12
set_temperature_18/set_temperature_18_owner_20260930-123932-405.wav,set_temperature_18,0,240.95440242841244,2.4,0.0,0.148,0.107,0.0,2026-09-30 12:39:32,3,0.0535,0.05475,HIGH,12
set_temperature_22/set_temperature_22_owner_20260930-123937-276.wav,set_temperature_22,0,239.5666071911286,2.56,0.0,0.179,0.112,0.0,2026-09-30 12:39:37,3,0.056,0.068,HIGH,12
set_temperature_26/set_temperature_26_owner_20260930-123941-331.wav,set_temperature_26,0,,,,,,,2026-09-30 12:39:41,3,,0.14350000000000002,HIGH,12
pause/pause_owner_20260930-123946-812.wav,pause,0,,1.12,0.0,0.272,0.231,-1.0,2026-09-30 12:39:46,3,0.231,0.14400000000000002,HIGH,12
stop/stop_owner_20260930-123951-373.wav,stop,0,,0.7,0.0,0.29,0.364,-1.0,2026-09-30 12:39:51,3,0.364,0.14400000000000002,HIGH,12
next/next_owner_20260930-123956-037.wav,next,0,,1.24,0.0,0.282,0.057,-1.0,2026-09-30 12:39:56,3,0.057,0.057,HIGH,12
skip/skip_owner_20260930-124000-706.wav,skip,0,,1.28,0.0,0.297,0.051,-1.0,2026-09-30 12:40:00,3,0.051,0.057,HIGH,12
volume_up/volume_up_owner_20260930-124004-150.wav,volume_up,0,230.07328808402127,1.76,0.0,0.219,0.054,0.0,2026-09-30 12:40:04,3,0.027,0.057,HIGH,12
louder/louder_owner_20260930-124007-597.wav,louder,0,197.9898987322333,1.12,0.0,0.278,0.144,0.0,2026-09-30 12:40:07,3,0.072,0.07,HIGH,12
volume_down/volume_down_owner_20260930-124011-349.wav,volume_down,0,219.6835474110902,1.66,0.0,0.182,0.14,0.0,2026-09-30 12:40:11,3,0.07,0.07,HIGH,12
remind_trash/remind_trash_owner_20260930-124015-510.wav,remind_trash,0,237.50087754152256,1.42,0.0,0.163,0.223,0.0,2026-09-30 12:40:15,3,0.1115,0.07,HIGH,12
remind_study/remind_study_owner_20260930-124020-281.wav,remind_study,0,236.8149500168056,1.7,0.0,0.135,0.077,0.0,2026-09-30 12:40:20,3,0.0385,0.07,HIGH,12
list_reminders/list_reminders_owner_20260930-124024-030.wav,list_reminders,0,220.95616125481965,1.82,0.0,0.187,0.094,0.0,2026-09-30 12:40:24,3,0.047,0.089,HIGH,12
call_jane/call_jane_owner_20260930-124028-289.wav,call_jane,0,213.42958325580668,0.86,0.0,0.292,0.178,0.0,2026-09-30 12:40:28,3,0.089,0.068,HIGH,12
text_jane/text_jane_owner_20260930-124032-957.wav,text_jane,0,210.370563084588,1.02,0.0,0.286,0.271,0.0,2026-09-30 12:40:32,3,0.1355,0.1085,HIGH,12
unknown_silent/unknown_silent_owner_20260930-124038-635.wav,unknown_silent,0,,,,,,,2026-09-30 12:40:38,3,,0.1085,HIGH,12
unknown_other/unknown_other_owner_20260930-124051-921.wav,unknown_other,0,78.11979998411563,1.74,0.0,0.161,0.128,-1.0,2026-09-30 12:40:51,3,0.128,0.0975,HIGH,12
play_music/play_music_owner_20260930-124135-230.wav,play_music,0,255.2822967963007,1.7,0.0,0.242,0.054,0.0,2026-09-30 12:41:35,3,0.027,0.052750000000000005,HIGH,12
weather/weather_owner_20260930-124152-672.wav,weather,0,211.5892273589482,1.2,0.0,0.248,0.134,0.0,2026-09-30 12:41:52,3,0.067,0.048,HIGH,12
time/time_owner_20260930-124156-727.wav,time,0,212.20031931145576,1.76,0.0,0.209,0.077,0.0,2026-09-30 12:41:56,3,0.0385,0.048,HIGH,12
lights_on/lights_on_owner_20260930-124200-580.wav,lights_on,0,240.95440242841244,1.76,0.0,0.172,0.096,0.0,2026-09-30 12:42:00,3,0.048,0.048,HIGH,12
lights_off/lights_off_owner_20260930-124204-434.wav,lights_off,0,253.8119789598709,1.32,0.0,0.249,0.161,0.0,2026-09-30 12:42:04,3,0.0805,0.048,HIGH,12
dim_lights_20/dim_lights_20_owner_20260930-124209-098.wav,dim_lights_20,0,252.35012953103248,2.32,0.0,0.177,0.092,0.0,2026-09-30 12:42:09,3,0.046,0.048,HIGH,12
dim_lights_50/dim_lights_50_owner_20260930-124213-865.wav,dim_lights_50,0,244.4601844582813,1.92,0.0,0.193,0.137,0.0,2026-09-30 12:42:13,3,0.0685,0.0685,HIGH,12
dim_lights_80/dim_lights_80_owner_20260930-124218-836.wav,dim_lights_80,0,239.5666071911286,1.76,0.0,0.191,0.089,0.0,2026-09-30 12:42:18,3,0.0445,0.0685,HIGH,12
set_timer_1/set_timer_1_owner_20260930-124223-707.wav,set_timer_1,0,223.523548179862,2.0,0.0,0.17,0.169,0.0,2026-09-30 12:42:23,3,0.0845,0.0705,HIGH,12
set_timer_5/set_timer_5_owner_20260930-124228-267.wav,set_timer_5,0,226.12076670401177,2.06,0.0,0.188,0.196,0.0,2026-09-30 12:42:28,3,0.098,0.0705,HIGH,12
set_timer_10/set_timer_10_owner_20260930-124232-836.wav,set_timer_10,0,209.7629907627354,1.98,0.0,0.186,0.141,0.0,2026-09-30 12:42:32,3,0.0705,0.0705,HIGH,12
set_alarm_6am/set_alarm_6am_owner_20260930-124238-513.wav,set_alarm_6am,0,236.8149500168056,2.48,0.0,0.155,0.128,0.0,2026-09-30 12:42:38,3,0.064,0.064,HIGH,12
set_alarm_7am/set_alarm_7am_owner_20260930-124242-768.wav,set_alarm_7am,0,238.1868050662396,2.12,0.0,0.153,0.073,0.0,2026-09-30 12:42:42,3,0.0365,0.044,HIGH,12
set_alarm_9pm/set_alarm_9pm_owner_20260930-124247-235.wav,set_alarm_9pm,0,226.12076670401177,1.86,0.0,0.161,0.084,0.0,2026-09-30 12:42:47,3,0.042,0.042,HIGH,12
set_temperature_18/set_temperature_18_owner_20260930-124251-999.wav,set_temperature_18,0,84.70523827647207,2.5,0.0,0.202,0.044,-1.0,2026-09-30 12:42:51,3,0.044,0.0395,HIGH,12
set_temperature_22/set_temperature_22_owner_20260930-124256-972.wav,set_temperature_22,0,224.17845698977987,2.86,0.0,0.196,0.075,0.0,2026-09-30 12:42:56,3,0.0375,0.042,HIGH,12
set_temperature_26/set_temperature_26_owner_20260930-124301-638.wav,set_temperature_26,0,227.430670979746,2.94,0.0,0.213,0.079,0.0,2026-09-30 12:43:01,3,0.0395,0.0395,HIGH,12
pause/pause_owner_20260930-124306-710.wav,pause,0,70.0,1.0,0.0,0.328,0.07,-1.0,2026-09-30 12:43:06,3,0.07,0.0375,HIGH,12
stop/stop_owner_20260930-124311-171.wav,stop,0,226.12076670401177,1.3,0.0,0.259,0.033,0.0,2026-09-30 12:43:11,3,0.0165,0.0265,HIGH,12
next/next_owner_20260930-124315-938.wav,next,0,231.4060890831793,1.34,0.0,0.27,0.053,0.0,2026-09-30 12:43:15,3,0.0265,0.0165,HIGH,12
skip/skip_owner_20260930-124320-807.wav,skip,0,237.50087754152256,1.18,0.0,0.31,0.024,0.0,2026-09-30 12:43:20,3,0.012,0.0165,HIGH,12
volume_up/volume_up_owner_20260930-124324-965.wav,volume_up,0,258.248534204063,1.82,0.0,0.175,0.021,0.0,2026-09-30 12:43:24,3,0.0105,0.0265,HIGH,12
louder/louder_owner_20260930-124329-427.wav,louder,0,206.1593881340736,1.96,0.0,0.225,0.066,0.0,2026-09-30 12:43:29,3,0.033,0.027,HIGH,12
volume_down/volume_down_owner_20260930-124333-685.wav,volume_down,0,220.95616125481965,2.02,0.0,0.191,0.054,0.0,2026-09-30 12:43:33,3,0.027,0.031,HIGH,12
remind_trash/remind_trash_owner_20260930-124338-352.wav,remind_trash,0,240.95440242841244,1.48,0.0,0.172,0.175,0.0,2026-09-30 12:43:38,3,0.0875,0.031,HIGH,12
remind_study/remind_study_owner_20260930-124342-918.wav,remind_study,0,224.8184069217454,1.7,0.0,0.16,0.062,0.0,2026-09-30 12:43:42,3,0.031,0.031,HIGH,12
list_reminders/list_reminders_owner_20260930-124347-076.wav,list_reminders,0,220.95616125481965,1.9,0.0,0.174,0.037,0.0,2026-09-30 12:43:47,3,0.0185,0.035,HIGH,12
call_jane/call_jane_owner_20260930-124350-723.wav,call_jane,0,72.05115656504445,1.58,0.0,0.224,0.035,-1.0,2026-09-30 12:43:50,3,0.035,0.033,HIGH,12
text_jane/text_jane_owner_20260930-124355-492.wav,text_jane,0,,1.04,0.0,0.317,0.236,-1.0,2026-09-30 12:43:55,3,0.236,0.03925,HIGH,12
unknown_silent/unknown_silent_owner_20260930-124400-358.wav,unknown_silent,0,,,,,,,2026-09-30 12:44:00,3,,0.03925,HIGH,12
unknown_other/unknown_other_owner_20260930-124406-140.wav,unknown_other,0,226.12076670401177,2.72,0.0,0.145,0.087,0.0,2026-09-30 12:44:06,3,0.0435,0.055,HIGH,12
play_music/play_music_owner_20260930-124414-253.wav,play_music,0,268.9044246142812,1.66,0.0,0.229,0.061,0.0,2026-09-30 12:44:14,3,0.0305,0.04975,HIGH,12
weather/weather_owner_20260930-124418-614.wav,weather,0,264.2848075508742,1.48,0.0,0.209,0.133,0.0,2026-09-30 12:44:18,3,0.0665,0.056,HIGH,12
time/time_owner_20260930-124425-610.wav,time,0,238.1868050662396,1.02,0.0,0.278,0.112,0.0,2026-09-30 12:44:25,3,0.056,0.061,HIGH,12
lights_on/lights_on_owner_20260930-124429-871.wav,lights_on,0,239.5666071911286,1.08,0.0,0.267,0.158,0.0,2026-09-30 12:44:29,3,0.079,0.0665,HIGH,12
lights_off/lights_off_owner_20260930-124433-624.wav,lights_off,0,70.0,1.14,0.0,0.269,0.061,-1.0,2026-09-30 12:44:33,3,0.061,0.061,HIGH,12
dim_lights_20/dim_lights_20_owner_20260930-124438-390.wav,dim_lights_20,0,239.5666071911286,2.34,0.0,0.234,0.177,0.0,2026-09-30 12:44:38,3,0.0885,0.061,HIGH,12
dim_lights_50/dim_lights_50_owner_20260930-124443-258.wav,dim_lights_50,0,235.45099627104003,1.8,0.0,0.227,0.084,0.0,2026-09-30 12:44:43,3,0.042,0.0545,HIGH,12
dim_lights_80/dim_lights_80_owner_20260930-124447-823.wav,dim_lights_80,0,235.45099627104003,1.74,0.0,0.192,0.109,0.0,2026-09-30 12:44:47,3,0.0545,0.0545,HIGH,12
set_timer_1/set_timer_1_owner_20260930-124452-488.wav,set_timer_1,0,217.16026665672285,2.02,0.0,0.175,0.071,0.0,2026-09-30 12:44:52,3,0.0355,0.0545,HIGH,12
set_timer_5/set_timer_5_owner_20260930-124456-950.wav,set_timer_5,0,218.41826328374452,1.88,0.0,0.165,0.165,0.0,2026-09-30 12:44:56,3,0.0825,0.0545,HIGH,12
set_timer_10/set_timer_10_owner_20260930-124501-717.wav,set_timer_10,0,228.748163453754,1.92,0.0,0.167,0.173,0.0,2026-09-30 12:45:01,3,0.0865,0.0785,HIGH,12
set_alarm_6am/set_alarm_6am_owner_20260930-124506-585.wav,set_alarm_6am,0,222.23614727554795,2.24,0.0,0.178,0.079,0.0,2026-09-30 12:45:06,3,0.0395,0.0785,HIGH,12
set_alarm_7am/set_alarm_7am_owner_20260930-124511-251.wav,set_alarm_7am,0,218.41826328374452,1.8,0.0,0.158,0.157,0.0,2026-09-30 12:45:11,3,0.0785,0.051,HIGH,12
set_alarm_9pm/set_alarm_9pm_owner_20260930-124515-912.wav,set_alarm_9pm,0,230.7396885836003,1.65,0.0,0.17,0.085,0.0,2026-09-30 12:45:15,3,0.0425,0.051,HIGH,12
set_temperature_18/set_temperature_18_owner_20260930-124521-289.wav,set_temperature_18,0,220.95616125481965,2.98,0.0,0.212,0.102,0.0,2026-09-30 12:45:21,3,0.051,0.053,HIGH,12
set_temperature_22/set_temperature_22_owner_20260930-124528-493.wav,set_temperature_22,0,209.7629907627354,2.88,0.0,0.193,0.12,0.0,2026-09-30 12:45:28,3,0.06,0.053,HIGH,12
set_temperature_26/set_temperature_26_owner_20260930-124533-665.wav,set_temperature_26,0,214.0692010315817,2.96,0.0,0.205,0.106,0.0,2026-09-30 12:45:33,3,0.053,0.06,HIGH,12
pause/pause_owner_20260930-124538-936.wav,pause,0,73.10190859286746,1.3,0.0,0.279,0.076,-1.0,2026-09-30 12:45:38,3,0.076,0.076,HIGH,12
stop/stop_owner_20260930-124543-601.wav,stop,0,,0.88,0.0,0.339,0.383,-1.0,2026-09-30 12:45:43,3,0.383,0.112,HIGH,12
next/next_owner_20260930-124548-366.wav,next,0,71.63617243977424,1.14,0.0,0.308,0.205,-1.0,2026-09-30 12:45:48,3,0.205,0.112,HIGH,12
skip/skip_owner_20260930-124553-437.wav,skip,0,70.0,1.36,0.0,0.281,0.112,-1.0,2026-09-30 12:45:53,3,0.112,0.112,HIGH,12
volume_up/volume_up_owner_20260930-124557-194.wav,volume_up,0,220.95616125481965,1.7,0.0,0.242,0.086,0.0,2026-09-30 12:45:57,3,0.043,0.078,HIGH,12
louder/louder_owner_20260930-124600-944.wav,louder,0,71.84366450240935,1.64,0.0,0.215,0.078,-1.0,2026-09-30 12:46:00,3,0.078,0.071,HIGH,12
volume_down/volume_down_owner_20260930-124604-797.wav,volume_down,0,207.35365732011897,1.88,0.0,0.199,0.056,0.0,2026-09-30 12:46:04,3,0.028,0.071,HIGH,12
remind_trash/remind_trash_owner_20260930-124609-056.wav,remind_trash,0,223.523548179862,1.56,0.0,0.183,0.142,0.0,2026-09-30 12:46:09,3,0.071,0.078,HIGH,12
remind_study/remind_study_owner_20260930-124613-621.wav,remind_study,0,212.8149512836312,1.78,0.0,0.153,0.165,0.0,2026-09-30 12:46:13,3,0.0825,0.0825,HIGH,12
list_reminders/list_reminders_owner_20260930-124617-679.wav,list_reminders,0,218.41826328374452,1.14,0.0,0.254,0.182,0.0,2026-09-30 12:46:17,3,0.091,0.091,HIGH,12
call_jane/call_jane_owner_20260930-124621-227.wav,call_jane,0,207.35365732011897,0.86,0.0,0.316,0.293,0.0,2026-09-30 12:46:21,3,0.1465,0.108,HIGH,12
text_jane/text_jane_owner_20260930-124626-097.wav,text_jane,0,71.22357844718805,1.7,0.0,0.228,0.127,-1.0,2026-09-30 12:46:26,3,0.127,0.127,HIGH,12
unknown_silent/unknown_silent_owner_20260930-124701-793.wav,unknown_silent,0,71.63617243977424,2.94,0.0,0.251,0.108,-1.0,2026-09-30 12:47:01,3,0.108,0.1465,HIGH,12
unknown_other/unknown_other_owner_20260930-124708-994.wav,unknown_other,0,218.41826328374452,1.12,0.0,0.297,0.311,0.0,2026-09-30 12:47:08,3,0.1555,0.1555,HIGH,12
play_music/play_music_owner_20260930-124724-610.wav,play_music,0,142.0369392683226,1.7,0.0,0.177,0.798,1.0,2026-09-30 12:47:24,3,0.899,0.845,LOW,13
weather/weather_owner_20260930-124728-565.wav,weather,0,80.8746887810591,1.16,0.0,0.297,0.845,-1.0,2026-09-30 12:47:28,3,0.845,0.899,LOW,13
time/time_owner_20260930-124732-320.wav,time,0,132.9078969330727,1.14,0.0,0.223,0.903,1.0,2026-09-30 12:47:32,3,0.9515,0.9095,LOW,13
lights_on/lights_on_owner_20260930-124736-273.wav,lights_on,0,107.33298412687203,1.86,0.0,0.156,0.819,1.0,2026-09-30 12:47:36,3,0.9095,0.9410000000000001,LOW,13
lights_off/lights_off_owner_20260930-124740-228.wav,lights_off,0,122.58310559682393,1.96,0.0,0.163,0.882,1.0,2026-09-30 12:47:40,3,0.9410000000000001,0.9410000000000001,LOW,13
dim_lights_20/dim_lights_20_owner_20260930-124744-792.wav,dim_lights_20,0,128.76530414754424,2.72,0.0,0.177,0.9,1.0,2026-09-30 12:47:44,3,0.95,0.9410000000000001,LOW,13
dim_lights_50/dim_lights_50_owner_20260930-124749-155.wav,dim_lights_50,0,126.17506476551624,2.54,0.0,0.176,0.87,1.0,2026-09-30 12:47:49,3,0.935,0.9410000000000001,LOW,13
dim_lights_80/dim_lights_80_owner_20260930-124753-823.wav,dim_lights_80,0,130.62461881515304,2.74,0.0,0.159,0.906,1.0,2026-09-30 12:47:53,3,0.9530000000000001,0.935,LOW,13
set_timer_1/set_timer_1_owner_20260930-124758-687.wav,set_timer_1,0,127.64114839815036,2.78,0.0,0.142,0.796,1.0,2026-09-30 12:47:58,3,0.898,0.935,LOW,13
set_timer_5/set_timer_5_owner_20260930-124803-455.wav,set_timer_5,0,128.01085722340216,2.76,0.0,0.168,0.87,1.0,2026-09-30 12:48:03,3,0.935,0.935,LOW,13
set_timer_10/set_timer_10_owner_20260930-124807-914.wav,set_timer_10,0,129.1242671020315,2.62,0.0,0.149,0.87,1.0,2026-09-30 12:48:07,3,0.935,0.935,LOW,13
set_alarm_6am/set_alarm_6am_owner_20260930-124812-684.wav,set_alarm_6am,0,124.00745267433048,3.06,0.0,0.16,0.841,1.0,2026-09-30 12:48:12,3,0.9205,0.935,LOW,13
set_alarm_7am/set_alarm_7am_owner_20260930-124817-448.wav,set_alarm_7am,0,126.17506476551624,2.76,0.0,0.157,0.893,1.0,2026-09-30 12:48:17,3,0.9465,0.9465,LOW,13
set_alarm_9pm/set_alarm_9pm_owner_20260930-124822-317.wav,set_alarm_9pm,0,116.37330545999028,2.96,0.0,0.144,0.942,1.0,2026-09-30 12:48:22,3,0.971,0.9550000000000001,LOW,13
set_temperature_18/set_temperature_18_owner_20260930-124827-084.wav,set_temperature_18,0,127.64327776429472,2.72,0.0,0.155,0.91,1.0,2026-09-30 12:48:27,3,0.9550000000000001,0.9605,LOW,13
set_temperature_22/set_temperature_22_owner_20260930-124832-364.wav,set_temperature_22,0,130.62461881515304,3.02,0.0,0.19,0.927,1.0,2026-09-30 12:48:32,3,0.9635,0.9605,LOW,13
set_temperature_26/set_temperature_26_owner_20260930-124837-533.wav,set_temperature_26,0,129.87227637178333,3.12,0.0,0.217,0.921,1.0,2026-09-30 12:48:37,3,0.9605,0.9550000000000001,LOW,13
pause/pause_owner_20260930-124841-284.wav,pause,0,128.38056604865398,1.36,0.0,0.148,0.885,1.0,2026-09-30 12:48:41,3,0.9425,0.9425,LOW,13
stop/stop_owner_20260930-124844-940.wav,stop,0,327.2576295971488,0.68,0.0,0.287,0.705,0.0,2026-09-30 12:48:44,3,0.3525,0.852,LOW,13
next/next_owner_20260930-124848-592.wav,next,0,71.22357844718805,1.9,0.0,0.111,0.852,-1.0,2026-09-30 12:48:48,3,0.852,0.852,LOW,13
skip/skip_owner_20260930-124853-261.wav,skip,0,75.24144759527019,1.36,0.0,0.163,0.809,-1.0,2026-09-30 12:48:53,3,0.809,0.852,LOW,13
volume_up/volume_up_owner_20260930-124857-420.wav,volume_up,0,138.39196284940547,1.82,0.0,0.162,0.862,1.0,2026-09-30 12:48:57,3,0.931,0.931,LOW,13
louder/louder_owner_20260930-124901-073.wav,louder,0,126.90598947993546,1.24,0.0,0.211,0.909,1.0,2026-09-30 12:49:01,3,0.9545,0.931,LOW,13
volume_down/volume_down_owner_20260930-124904-927.wav,volume_down,0,128.38056604865398,1.86,0.0,0.193,0.889,1.0,2026-09-30 12:49:04,3,0.9445,0.9445,LOW,13
remind_trash/remind_trash_owner_20260930-124910-203.wav,remind_trash,0,130.62461881515304,2.12,0.0,0.195,0.851,1.0,2026-09-30 12:49:10,3,0.9255,0.9495,LOW,13
remind_study/remind_study_owner_20260930-124915-582.wav,remind_study,0,129.4982717369074,2.58,0.0,0.158,0.916,1.0,2026-09-30 12:49:15,3,0.958,0.9445,LOW,13
list_reminders/list_reminders_owner_20260930-124920-047.wav,list_reminders,0,144.93708933779286,1.42,0.0,0.205,0.899,1.0,2026-09-30 12:49:20,3,0.9495,0.9255,LOW,13
call_jane/call_jane_owner_20260930-124923-898.wav,call_jane,0,112.08548877540184,1.8,0.0,0.138,0.71,1.0,2026-09-30 12:49:23,3,0.855,0.9365,LOW,13
text_jane/text_jane_owner_20260930-124927-957.wav,text_jane,0,125.44834986767334,1.92,0.0,0.2,0.76,1.0,2026-09-30 12:49:27,3,0.88,0.915,LOW,13
unknown_silent/unknown_silent_owner_20260930-124932-627.wav,unknown_silent,0,125.44834986767334,0.44,0.0,0.265,0.873,1.0,2026-09-30 12:49:32,3,0.9365,0.8815,LOW,13
unknown_other/unknown_other_owner_20260930-124936-988.wav,unknown_other,0,131.00296917455654,2.04,0.0,0.159,0.83,1.0,2026-09-30 12:49:36,3,0.915,0.911,LOW,13
play_music/play_music_owner_20260930-124941-148.wav,play_music,0,135.23108604947836,1.68,0.0,0.193,0.763,1.0,2026-09-30 12:49:41,3,0.8815,0.913,LOW,13
weather/weather_owner_20260930-124945-511.wav,weather,0,128.38056604865398,1.0,0.0,0.278,0.822,1.0,2026-09-30 12:49:45,3,0.911,0.911,LOW,13
time/time_owner_20260930-125346-449.wav,time,0,,1.24,0.0,0.263,0.501,-1.0,2026-09-30 12:53:46,4,0.501,0.306,HIGH,14
lights_on/lights_on_owner_20260930-125355-475.wav,lights_on,0,72.05115656504445,1.36,0.0,0.267,0.306,-1.0,2026-09-30 12:53:55,4,0.306,0.306,HIGH,14
lights_off/lights_off_owner_20260930-125421-032.wav,lights_off,0,71.22357844718805,1.52,0.0,0.172,0.143,-1.0,2026-09-30 12:54:21,4,0.143,0.306,HIGH,14
dim_lights_20/dim_lights_20_owner_20260930-125427-731.wav,dim_lights_20,0,,,,,,,2026-09-30 12:54:27,4,,0.22449999999999998,HIGH,14
set_timer_1/set_timer_1_owner_20260930-125546-946.wav,set_timer_1,0,70.40550587474974,2.86,0.0,0.204,0.33,-1.0,2026-09-30 12:55:46,5,0.33,0.33,HIGH,15
set_timer_5/set_timer_5_owner_20260930-125552-424.wav,set_timer_5,0,70.40550587474974,2.8,0.0,0.199,0.374,-1.0,2026-09-30 12:55:52,5,0.374,0.3045,HIGH,15
set_timer_10/set_timer_10_owner_20260930-125600-333.wav,set_timer_10,0,71.22357844718805,2.8,0.0,0.166,0.279,-1.0,2026-09-30 12:56:00,5,0.279,0.295,HIGH,15
set_alarm_6am/set_alarm_6am_owner_20260930-125605-396.wav,set_alarm_6am,0,70.40550587474974,2.22,0.0,0.247,0.253,-1.0,2026-09-30 12:56:05,5,0.253,0.295,HIGH,15
set_alarm_7am/set_alarm_7am_owner_20260930-125613-214.wav,set_alarm_7am,0,70.40550587474974,1.74,0.0,0.14,0.295,-1.0,2026-09-30 12:56:13,5,0.295,0.295,HIGH,15
set_alarm_9pm/set_alarm_9pm_owner_20260930-125618-085.wav,set_alarm_9pm,0,70.20275293737487,1.94,0.0,0.183,0.304,-1.0,2026-09-30 12:56:18,5,0.304,0.304,HIGH,15
set_temperature_18/set_temperature_18_owner_20260930-125625-999.wav,set_temperature_18,0,70.40550587474974,1.94,0.0,0.183,0.446,-1.0,2026-09-30 12:56:25,5,0.446,0.322,HIGH,15
set_temperature_22/set_temperature_22_owner_20260930-125631-373.wav,set_temperature_22,0,70.81336082113458,3.06,0.0,0.228,0.322,-1.0,2026-09-30 12:56:31,5,0.322,0.322,HIGH,15
set_temperature_26/set_temperature_26_owner_20260930-125636-950.wav,set_temperature_26,0,70.40550587474974,3.22,0.0,0.203,0.332,-1.0,2026-09-30 12:56:36,5,0.332,0.322,HIGH,15
pause/pause_owner_20260930-125642-428.wav,pause,0,70.0,2.28,0.0,0.123,0.176,-1.0,2026-09-30 12:56:42,5,0.176,0.198,HIGH,15
stop/stop_owner_20260930-125647-396.wav,stop,0,70.40550587474974,1.66,0.0,0.184,0.166,-1.0,2026-09-30 12:56:47,5,0.166,0.198,HIGH,15
next/next_owner_20260930-125652-166.wav,next,0,70.81336082113458,1.54,0.0,0.225,0.198,-1.0,2026-09-30 12:56:52,5,0.198,0.198,HIGH,15
skip/skip_owner_20260930-125659-973.wav,skip,0,71.84606155804224,0.8,0.0,0.277,0.386,-1.0,2026-09-30 12:56:59,5,0.386,0.272,HIGH,15
volume_up/volume_up_owner_20260930-125704-841.wav,volume_up,0,70.0,1.28,0.0,0.257,0.38,-1.0,2026-09-30 12:57:04,5,0.38,0.38,?,16
louder/louder_owner_20260930-125709-913.wav,louder,0,70.0,1.74,0.0,0.234,0.272,-1.0,2026-09-30 12:57:09,5,0.272,0.382,?,16
volume_down/volume_down_owner_20260930-125714-882.wav,volume_down,0,70.81336082113458,0.98,0.0,0.286,0.513,-1.0,2026-09-30 12:57:14,5,0.513,0.381,?,16
remind_trash/remind_trash_owner_20260930-125719-753.wav,remind_trash,0,70.0,2.8,0.0,0.212,0.382,-1.0,2026-09-30 12:57:19,5,0.382,0.355,?,16
remind_study/remind_study_owner_20260930-125724-923.wav,remind_study,0,,,,,,,2026-09-30 12:57:24,5,,0.355,?,16
list_reminders/list_reminders_owner_20260930-125730-300.wav,list_reminders,0,70.81336082113458,1.58,0.0,0.202,0.328,-1.0,2026-09-30 12:57:30,5,0.328,0.2625,HIGH,17
call_jane/call_jane_owner_20260930-125735-372.wav,call_jane,0,70.0,1.74,0.0,0.181,0.197,-1.0,2026-09-30 12:57:35,5,0.197,0.197,HIGH,17
text_jane/text_jane_owner_20260930-125740-345.wav,text_jane,0,75.45875281299986,1.72,0.0,0.14,0.189,-1.0,2026-09-30 12:57:40,5,0.189,0.193,HIGH,17
unknown_silent/unknown_silent_owner_20260930-125745-411.wav,unknown_silent,0,,,,,,,2026-09-30 12:57:45,5,,0.189,HIGH,17
unknown_other/unknown_other_owner_20260930-125750-380.wav,unknown_other,0,70.81336082113458,2.02,0.0,0.217,0.119,-1.0,2026-09-30 12:57:50,5,0.119,0.154,HIGH,17
play_music/play_music_owner_20260930-125954-729.wav,play_music,0,125.81170731659478,1.1,0.0,0.32,0.292,1.0,2026-09-30 12:59:54,6,0.646,0.5475,?,18
weather/weather_owner_20260930-125959-499.wav,weather,0,194.5885507779272,1.16,0.0,0.281,0.412,0.0,2026-09-30 12:59:59,6,0.206,0.40175,?,18
time/time_owner_20260930-130004-264.wav,time,0,129.4982717369074,1.3,0.0,0.255,0.095,1.0,2026-09-30 13:00:04,6,0.5475,0.2585,HIGH,19
lights_on/lights_on_owner_20260930-130008-727.wav,lights_on,0,210.97813540644063,1.22,0.0,0.264,0.512,0.0,2026-09-30 13:00:08,6,0.256,0.256,HIGH,19
lights_off/lights_off_owner_20260930-130012-882.wav,lights_off,0,190.14414213582492,1.22,0.0,0.277,0.517,0.0,2026-09-30 13:00:12,6,0.2585,0.256,HIGH,19
dim_lights_20/dim_lights_20_owner_20260930-130017-547.wav,dim_lights_20,0,215.9095155571117,2.06,0.0,0.269,0.351,0.0,2026-09-30 13:00:17,6,0.1755,0.1755,HIGH,19
dim_lights_50/dim_lights_50_owner_20260930-130022-315.wav,dim_lights_50,0,216.53489110691729,2.0,0.0,0.238,0.305,0.0,2026-09-30 13:00:22,6,0.1525,0.1525,HIGH,19
dim_lights_80/dim_lights_80_owner_20260930-130027-081.wav,dim_lights_80,0,214.6659682537441,1.74,0.0,0.236,0.233,0.0,2026-09-30 13:00:27,6,0.1165,0.1525,HIGH,19
set_timer_1/set_timer_1_owner_20260930-130031-848.wav,set_timer_1,0,202.6176932416529,2.06,0.0,0.137,0.193,0.0,2026-09-30 13:00:31,6,0.0965,0.1165,HIGH,19
set_timer_5/set_timer_5_owner_20260930-130036-718.wav,set_timer_5,0,207.35365732011897,2.14,0.0,0.228,0.324,0.0,2026-09-30 13:00:36,6,0.162,0.1115,HIGH,19
set_timer_10/set_timer_10_owner_20260930-130041-787.wav,set_timer_10,0,204.97199743238755,2.14,0.0,0.171,0.223,0.0,2026-09-30 13:00:41,6,0.1115,0.0965,HIGH,19
set_alarm_6am/set_alarm_6am_owner_20260930-130047-670.wav,set_alarm_6am,0,209.7629907627354,2.4,0.0,0.152,0.163,0.0,2026-09-30 13:00:47,6,0.0815,0.1115,HIGH,19
set_alarm_7am/set_alarm_7am_owner_20260930-130052-640.wav,set_alarm_7am,0,207.35365732011897,2.16,0.0,0.139,0.048,0.0,2026-09-30 13:00:52,6,0.024,0.1115,HIGH,19
set_alarm_9pm/set_alarm_9pm_owner_20260930-130058-525.wav,set_alarm_9pm,0,185.80124392739955,1.82,0.0,0.189,0.249,0.0,2026-09-30 13:00:58,6,0.1245,0.0815,HIGH,19
set_temperature_18/set_temperature_18_owner_20260930-130103-798.wav,set_temperature_18,0,202.6176932416529,2.88,0.0,0.309,0.251,0.0,2026-09-30 13:01:03,6,0.1255,0.1185,HIGH,19
set_temperature_22/set_temperature_22_owner_20260930-130109-374.wav,set_temperature_22,0,207.357116485626,3.1,0.0,0.263,0.122,0.0,2026-09-30 13:01:09,6,0.061,0.1245,HIGH,19
set_temperature_26/set_temperature_26_owner_20260930-130114-345.wav,set_temperature_26,0,219.05090534741737,3.02,0.0,0.24,0.237,0.0,2026-09-30 13:01:14,6,0.1185,0.1255,HIGH,19
pause/pause_owner_20260930-130119-618.wav,pause,0,168.4235050514963,1.38,0.0,0.265,0.427,-1.0,2026-09-30 13:01:19,6,0.427,0.427,?,20
stop/stop_owner_20260930-130124-387.wav,stop,0,,0.9,0.0,0.312,0.526,-1.0,2026-09-30 13:01:24,6,0.526,0.427,?,20
next/next_owner_20260930-130129-253.wav,next,0,,1.5,0.0,0.294,0.46,-1.0,2026-09-30 13:01:29,6,0.46,0.427,?,20
skip/skip_owner_20260930-130134-021.wav,skip,0,,1.34,0.0,0.287,0.412,-1.0,2026-09-30 13:01:34,6,0.412,0.412,?,20
volume_up/volume_up_owner_20260930-130137-977.wav,volume_up,0,196.84956082712893,0.92,0.0,0.326,0.345,0.0,2026-09-30 13:01:37,6,0.1725,0.383,?,20
louder/louder_owner_20260930-130141-526.wav,louder,0,167.45345704323654,1.7,0.0,0.235,0.354,-1.0,2026-09-30 13:01:41,6,0.354,0.26325,HIGH,21
volume_down/volume_down_owner_20260930-130145-584.wav,volume_down,0,,,,,,,2026-09-30 13:01:45,6,,0.1255,HIGH,21
remind_trash/remind_trash_owner_20260930-130150-652.wav,remind_trash,0,189.0489924635466,1.6,0.0,0.152,0.157,0.0,2026-09-30 13:01:50,6,0.0785,0.139,HIGH,21
remind_study/remind_study_owner_20260930-130155-522.wav,remind_study,0,185.26617571780235,1.9,0.0,0.116,0.128,0.0,2026-09-30 13:01:55,6,0.064,0.139,HIGH,21
list_reminders/list_reminders_owner_20260930-130200-292.wav,list_reminders,0,226.12076670401177,2.08,0.0,0.237,0.399,0.0,2026-09-30 13:02:00,6,0.1995,0.1995,HIGH,21
call_jane/call_jane_owner_20260930-130204-348.wav,call_jane,0,200.29377187456708,1.78,0.0,0.291,0.435,0.0,2026-09-30 13:02:04,6,0.2175,0.1995,HIGH,21
text_jane/text_jane_owner_20260930-130208-401.wav,text_jane,0,327.2576295971488,0.86,0.0,0.255,0.399,0.0,2026-09-30 13:02:08,6,0.1995,0.1995,HIGH,21
unknown_silent/unknown_silent_owner_20260930-130213-470.wav,unknown_silent,0,119.78330359556432,3.04,0.0,0.264,0.144,1.0,2026-09-30 13:02:13,6,0.572,0.1995,HIGH,21
unknown_other/unknown_other_owner_20260930-130218-745.wav,unknown_other,0,190.14414213582492,1.8,0.0,0.189,0.196,0.0,2026-09-30 13:02:18,6,0.098,0.098,HIGH,21
play_music/play_music_owner_20260930-130256-679.wav,play_music,0,246.5864446069216,1.76,0.0,0.157,0.035,0.0,2026-09-30 13:02:56,6,0.0175,0.0405,HIGH,21
weather/weather_owner_20260930-130303-679.wav,weather,0,230.07328808402127,3.12,0.0,0.136,0.029,0.0,2026-09-30 13:03:03,6,0.0145,0.0405,HIGH,21
time/time_owner_20260930-130313-214.wav,time,0,247.30067497779123,1.24,0.0,0.163,0.081,0.0,2026-09-30 13:03:13,6,0.0405,0.0175,HIGH,21
lights_on/lights_on_owner_20260930-130318-185.wav,lights_on,0,,0.9,0.0,0.249,0.225,-1.0,2026-09-30 13:03:18,6,0.225,0.019,HIGH,21
lights_off/lights_off_owner_20260930-130329-643.wav,lights_off,0,231.4060890831793,4.8,0.0,0.174,0.035,0.0,2026-09-30 13:03:29,6,0.0175,0.0345,HIGH,21
dim_lights_20/dim_lights_20_owner_20260930-130337-046.wav,dim_lights_20,0,240.95440242841244,2.54,0.0,0.165,0.038,0.0,2026-09-30 13:03:37,6,0.019,0.019,HIGH,21
dim_lights_50/dim_lights_50_owner_20260930-130344-146.wav,dim_lights_50,0,226.12076670401177,4.78,0.0,0.204,0.069,0.0,2026-09-30 13:03:44,6,0.0345,0.0175,HIGH,21
set_timer_1/set_timer_1_owner_20260930-130358-648.wav,set_timer_1,0,238.1868050662396,4.02,0.0,0.111,0.017,0.0,2026-09-30 13:03:58,6,0.0085,0.019,HIGH,21
set_timer_5/set_timer_5_owner_20260930-130405-141.wav,set_timer_5,0,312.47919993646246,2.78,0.0,0.158,0.015,0.0,2026-09-30 13:04:05,6,0.0075,0.0095,HIGH,21
set_timer_10/set_timer_10_owner_20260930-130414-068.wav,set_timer_10,0,224.8334091276469,2.0,0.0,0.079,0.048,0.0,2026-09-30 13:04:14,6,0.024,0.0095,HIGH,21
set_alarm_6am/set_alarm_6am_owner_20260930-130425-627.wav,set_alarm_6am,0,238.1868050662396,2.5,0.0,0.099,0.019,0.0,2026-09-30 13:04:25,6,0.0095,0.024,HIGH,21
set_alarm_7am/set_alarm_7am_owner_20260930-130431-205.wav,set_alarm_7am,0,245.16621119364785,2.3,0.0,0.167,0.102,0.0,2026-09-30 13:04:31,6,0.051,0.024,HIGH,21
set_alarm_9pm/set_alarm_9pm_owner_20260930-130436-175.wav,set_alarm_9pm,0,219.05090534741737,2.14,0.0,0.158,0.077,0.0,2026-09-30 13:04:36,6,0.0385,0.0385,HIGH,21
set_temperature_18/set_temperature_18_owner_20260930-130442-770.wav,set_temperature_18,0,219.6835474110902,2.98,0.0,0.198,0.018,0.0,2026-09-30 13:04:42,6,0.009,0.0385,HIGH,21
set_temperature_22/set_temperature_22_owner_20260930-130447-027.wav,set_temperature_22,0,213.42958325580668,2.7,0.0,0.264,0.099,0.0,2026-09-30 13:04:47,6,0.0495,0.022,HIGH,21
set_temperature_26/set_temperature_26_owner_20260930-130452-101.wav,set_temperature_26,0,204.97199743238755,2.88,0.0,0.237,0.044,0.0,2026-09-30 13:04:52,6,0.022,0.022,HIGH,21
pause/pause_owner_20260930-130501-943.wav,pause,0,337.8226775421973,4.76,0.0,0.091,0.032,0.0,2026-09-30 13:05:01,6,0.016,0.034,HIGH,21
stop/stop_owner_20260930-130508-332.wav,stop,0,328.20552167827964,4.12,0.0,0.137,0.068,0.0,2026-09-30 13:05:08,6,0.034,0.034,HIGH,21
next/next_owner_20260930-130515-123.wav,next,0,225.4695868128786,5.18,0.0,0.149,0.108,0.0,2026-09-30 13:05:15,6,0.054,0.044,HIGH,21
skip/skip_owner_20260930-130518-368.wav,skip,0,176.38894698528225,0.4,0.0,0.267,0.145,0.0,2026-09-30 13:05:18,6,0.0725,0.044,HIGH,21
volume_up/volume_up_owner_20260930-130523-645.wav,volume_up,0,,,,,,,2026-09-30 13:05:23,6,,0.05925,HIGH,21
louder/louder_owner_20260930-130531-352.wav,louder,0,333.9424531436175,5.18,0.0,0.149,0.065,0.0,2026-09-30 13:05:31,6,0.0325,0.05025,HIGH,21
volume_down/volume_down_owner_20260930-130538-351.wav,volume_down,0,219.6835474110902,3.48,0.0,0.166,0.129,0.0,2026-09-30 13:05:38,6,0.0645,0.03825,HIGH,21
remind_trash/remind_trash_owner_20260930-130545-244.wav,remind_trash,0,284.8943137887522,4.6,0.0,0.107,0.072,0.0,2026-09-30 13:05:45,6,0.036,0.036,HIGH,21
remind_study/remind_study_owner_20260930-130558-428.wav,remind_study,0,226.12076670401177,1.7,0.0,0.097,0.081,0.0,2026-09-30 13:05:58,6,0.0405,0.036,HIGH,21
list_reminders/list_reminders_owner_20260930-130608-671.wav,list_reminders,0,228.748163453754,3.78,0.0,0.138,0.056,0.0,2026-09-30 13:06:08,6,0.028,0.028,HIGH,21
call_jane/call_jane_owner_20260930-130615-872.wav,call_jane,0,195.71579078506272,5.7,0.0,0.15,0.041,0.0,2026-09-30 13:06:15,6,0.0205,0.028,HIGH,21
text_jane/text_jane_owner_20260930-130621-448.wav,text_jane,0,217.7892649702337,2.7,0.0,0.13,0.018,0.0,2026-09-30 13:06:21,6,0.009,0.028,HIGH,21
unknown_silent/unknown_silent_owner_20260930-130628-338.wav,unknown_silent,0,213.42958325580668,2.8,0.0,0.137,0.065,0.0,2026-09-30 13:06:28,6,0.0325,0.026500000000000003,HIGH,21
unknown_other/unknown_other_owner_20260930-130634-932.wav,unknown_other,0,230.07328808402127,1.32,0.0,0.223,0.121,0.0,2026-09-30 13:06:34,6,0.0605,0.0325,HIGH,21
play_music/play_music_owner_20260930-133641-286.wav,play_music,1,243.75415772291475,1.96,0.0,0.196,0.211,0.0,2026-09-30 13:36:41,7,0.1055,0.194,HIGH,22
weather/weather_owner_20260930-133648-778.wav,weather,1,,1.16,0.0,0.32,0.477,-1.0,2026-09-30 13:36:48,7,0.477,0.14975,HIGH,22
time/time_owner_20260930-133653-940.wav,time,1,,1.78,0.0,0.146,0.194,-1.0,2026-09-30 13:36:53,7,0.194,0.194,HIGH,22
lights_on/lights_on_owner_20260930-133658-698.wav,lights_on,1,327.2576295971488,1.74,0.0,0.061,0.099,0.0,2026-09-30 13:36:58,7,0.0495,0.194,HIGH,22
lights_off/lights_off_owner_20260930-133703-455.wav,lights_off,1,,2.0,0.0,0.14,0.3,-1.0,2026-09-30 13:37:03,7,0.3,0.194,HIGH,22
dim_lights_20/dim_lights_20_owner_20260930-133708-109.wav,dim_lights_20,1,327.2576295971488,2.8,0.0,0.136,0.182,0.0,2026-09-30 13:37:08,7,0.091,0.282,HIGH,22
dim_lights_50/dim_lights_50_owner_20260930-133713-171.wav,dim_lights_50,1,76.77774857862381,2.52,0.0,0.13,0.306,-1.0,2026-09-30 13:37:13,7,0.306,0.3,HIGH,22
dim_lights_80/dim_lights_80_owner_20260930-133718-029.wav,dim_lights_80,1,,1.98,0.0,0.162,0.282,-1.0,2026-09-30 13:37:18,7,0.282,0.306,HIGH,22
set_timer_1/set_timer_1_owner_20260930-133723-091.wav,set_timer_1,1,,2.14,0.0,0.181,0.337,-1.0,2026-09-30 13:37:23,7,0.337,0.337,HIGH,22
set_timer_5/set_timer_5_owner_20260930-133728-153.wav,set_timer_5,1,117.04744916039132,2.3,0.0,0.181,0.247,1.0,2026-09-30 13:37:28,7,0.6234999999999999,0.388,?,23
set_timer_10/set_timer_10_owner_20260930-133733-214.wav,set_timer_10,1,,2.18,0.0,0.212,0.466,-1.0,2026-09-30 13:37:33,7,0.466,0.429,?,23
set_alarm_6am/set_alarm_6am_owner_20260930-133738-378.wav,set_alarm_6am,1,74.59203511399389,2.18,0.0,0.171,0.388,-1.0,2026-09-30 13:37:38,7,0.388,0.429,?,23
set_alarm_7am/set_alarm_7am_owner_20260930-133743-527.wav,set_alarm_7am,1,,2.34,0.0,0.128,0.429,-1.0,2026-09-30 13:37:43,7,0.429,0.429,?,23
set_alarm_9pm/set_alarm_9pm_owner_20260930-133748-499.wav,set_alarm_9pm,1,,1.74,0.0,0.125,0.401,-1.0,2026-09-30 13:37:48,7,0.401,0.401,?,23
set_temperature_18/set_temperature_18_owner_20260930-133753-463.wav,set_temperature_18,1,,2.92,0.0,0.237,0.47,-1.0,2026-09-30 13:37:53,7,0.47,0.401,?,23
set_temperature_22/set_temperature_22_owner_20260930-133758-421.wav,set_temperature_22,1,,3.16,0.0,0.176,0.38,-1.0,2026-09-30 13:37:58,7,0.38,0.38,?,23
set_temperature_26/set_temperature_26_owner_20260930-133803-482.wav,set_temperature_26,1,,2.96,0.0,0.234,0.158,-1.0,2026-09-30 13:38:03,7,0.158,0.314,HIGH,24
pause/pause_owner_20260930-133808-553.wav,pause,1,,1.34,0.0,0.238,0.272,-1.0,2026-09-30 13:38:08,7,0.272,0.272,HIGH,24
stop/stop_owner_20260930-133813-212.wav,stop,1,,1.2,0.0,0.231,0.314,-1.0,2026-09-30 13:38:13,7,0.314,0.226,HIGH,24
next/next_owner_20260930-133817-164.wav,next,1,327.2576295971488,1.28,0.0,0.156,0.194,0.0,2026-09-30 13:38:17,7,0.097,0.272,HIGH,24
skip/skip_owner_20260930-133821-926.wav,skip,1,,1.4,0.0,0.25,0.226,-1.0,2026-09-30 13:38:21,7,0.226,0.2525,HIGH,24
volume_up/volume_up_owner_20260930-133826-587.wav,volume_up,1,,1.62,0.0,0.146,0.279,-1.0,2026-09-30 13:38:26,7,0.279,0.2525,HIGH,24
louder/louder_owner_20260930-133831-439.wav,louder,1,,,,,,,2026-09-30 13:38:31,7,,0.335,HIGH,24
volume_down/volume_down_owner_20260930-133836-214.wav,volume_down,1,,1.94,0.0,0.154,0.391,-1.0,2026-09-30 13:38:36,7,0.391,0.393,?,25
remind_trash/remind_trash_owner_20260930-133840-973.wav,remind_trash,1,,2.56,0.0,0.18,0.427,-1.0,2026-09-30 13:38:40,7,0.427,0.393,?,25
remind_study/remind_study_owner_20260930-133845-941.wav,remind_study,1,,1.86,0.0,0.179,0.395,-1.0,2026-09-30 13:38:45,7,0.395,0.391,?,25
list_reminders/list_reminders_owner_20260930-133851-103.wav,list_reminders,1,,2.08,0.0,0.22,0.34,-1.0,2026-09-30 13:38:51,7,0.34,0.34,HIGH,26
call_jane/call_jane_owner_20260930-133856-067.wav,call_jane,1,,1.48,0.0,0.21,0.286,-1.0,2026-09-30 13:38:56,7,0.286,0.34,HIGH,26
text_jane/text_jane_owner_20260930-133900-729.wav,text_jane,1,,1.84,0.0,0.169,0.257,-1.0,2026-09-30 13:39:00,7,0.257,0.286,HIGH,26
unknown_silent/unknown_silent_owner_20260930-133905-592.wav,unknown_silent,1,,0.58,0.0,0.281,0.391,-1.0,2026-09-30 13:39:05,7,0.391,0.27149999999999996,HIGH,26
unknown_other/unknown_other_owner_20260930-133924-227.wav,unknown_other,1,,2.88,0.0,0.232,0.199,-1.0,2026-09-30 13:39:24,7,0.199,0.257,HIGH,26
play_music/play_music_owner_20260930-134607-242.wav,play_music,2,245.16621119364785,1.76,0.0,0.046,0.151,0.0,2026-09-30 13:46:07,8,0.0755,0.051,HIGH,27
weather/weather_owner_20260930-134612-708.wav,weather,2,327.2576295971488,1.88,0.0,-0.031,0.076,0.0,2026-09-30 13:46:12,8,0.038,0.05125,HIGH,27
time/time_owner_20260930-134617-565.wav,time,2,,1.94,0.0,0.163,0.051,-1.0,2026-09-30 13:46:17,8,0.051,0.0515,HIGH,27
lights_on/lights_on_owner_20260930-134622-325.wav,lights_on,2,327.2576295971488,1.74,0.0,0.004,0.103,0.0,2026-09-30 13:46:22,8,0.0515,0.051,HIGH,27
lights_off/lights_off_owner_20260930-134626-260.wav,lights_off,2,283.2581686438756,1.2,0.0,0.211,0.19,0.0,2026-09-30 13:46:26,8,0.095,0.051,HIGH,27
dim_lights_20/dim_lights_20_owner_20260930-134631-029.wav,dim_lights_20,2,268.1300368545989,2.7,0.0,0.087,0.085,0.0,2026-09-30 13:46:31,8,0.0425,0.046,HIGH,27
dim_lights_50/dim_lights_50_owner_20260930-134640-748.wav,dim_lights_50,2,275.1897675926703,2.02,0.0,0.221,0.092,0.0,2026-09-30 13:46:40,8,0.046,0.0425,HIGH,27
dim_lights_80/dim_lights_80_owner_20260930-134645-104.wav,dim_lights_80,2,261.2492376303061,1.68,0.0,0.215,0.05,0.0,2026-09-30 13:46:45,8,0.025,0.0265,HIGH,27
set_timer_1/set_timer_1_owner_20260930-134650-266.wav,set_timer_1,2,327.2576295971488,2.1,0.0,0.232,0.053,0.0,2026-09-30 13:46:50,8,0.0265,0.025,HIGH,27
set_timer_5/set_timer_5_owner_20260930-134655-026.wav,set_timer_5,2,325.3727643481951,2.14,0.0,0.201,0.045,0.0,2026-09-30 13:46:55,8,0.0225,0.025,HIGH,27
set_timer_10/set_timer_10_owner_20260930-134659-481.wav,set_timer_10,2,278.3873186689133,1.92,0.0,0.167,0.05,0.0,2026-09-30 13:46:59,8,0.025,0.025750000000000002,HIGH,27
set_alarm_6am/set_alarm_6am_owner_20260930-134704-137.wav,set_alarm_6am,2,,,,,,,2026-09-30 13:47:04,8,,0.02375,HIGH,27
set_alarm_7am/set_alarm_7am_owner_20260930-134712-744.wav,set_alarm_7am,2,230.7396885836003,3.2,0.0,0.126,0.057,0.0,2026-09-30 13:47:12,8,0.0285,0.026750000000000003,HIGH,27
set_temperature_18/set_temperature_18_owner_20260930-134723-170.wav,set_temperature_18,2,259.74455274356666,2.78,0.0,0.14,0.039,0.0,2026-09-30 13:47:23,8,0.0195,0.024,HIGH,27
set_temperature_22/set_temperature_22_owner_20260930-134728-742.wav,set_temperature_22,2,329.15341375941045,3.24,0.0,0.168,0.078,0.0,2026-09-30 13:47:28,8,0.039,0.0285,HIGH,27
set_temperature_26/set_temperature_26_owner_20260930-134733-905.wav,set_temperature_26,2,329.15341375941045,2.88,0.0,0.17,0.031,0.0,2026-09-30 13:47:33,8,0.0155,0.039,HIGH,27
pause/pause_owner_20260930-134739-874.wav,pause,2,275.1897675926703,3.24,0.0,0.097,0.148,0.0,2026-09-30 13:47:39,8,0.074,0.074,HIGH,27
stop/stop_owner_20260930-134743-418.wav,stop,2,265.8157938661454,1.24,0.0,0.194,0.177,0.0,2026-09-30 13:47:43,8,0.0885,0.08099999999999999,HIGH,27
next/next_owner_20260930-134748-681.wav,next,2,,3.1,0.0,0.136,0.088,-1.0,2026-09-30 13:47:48,8,0.088,0.08099999999999999,HIGH,27
skip/skip_owner_20260930-134753-645.wav,skip,2,,,,,,,2026-09-30 13:47:53,8,,0.088,HIGH,27
volume_up/volume_up_owner_20260930-134757-590.wav,volume_up,2,266.61240558343843,1.74,0.0,0.148,0.053,0.0,2026-09-30 13:47:57,8,0.0265,0.0265,HIGH,27
louder/louder_owner_20260930-134804-069.wav,louder,2,,,,,,,2026-09-30 13:48:04,8,,0.0265,HIGH,27
volume_down/volume_down_owner_20260930-134811-158.wav,volume_down,2,256.76113209730795,1.7,0.0,0.162,0.047,0.0,2026-09-30 13:48:11,8,0.0235,0.025,HIGH,27
remind_trash/remind_trash_owner_20260930-134816-118.wav,remind_trash,2,,1.68,0.0,0.124,0.056,-1.0,2026-09-30 13:48:16,8,0.056,0.03975,HIGH,27
remind_study/remind_study_owner_20260930-134821-078.wav,remind_study,2,,1.86,0.0,0.156,0.02,-1.0,2026-09-30 13:48:21,8,0.02,0.049,HIGH,27
list_reminders/list_reminders_owner_20260930-134825-230.wav,list_reminders,2,258.248534204063,1.32,0.0,0.232,0.122,0.0,2026-09-30 13:48:25,8,0.061,0.056,HIGH,27
call_jane/call_jane_owner_20260930-134830-393.wav,call_jane,2,270.4621720989567,1.64,0.0,0.029,0.098,0.0,2026-09-30 13:48:30,8,0.049,0.055,HIGH,27
text_jane/text_jane_owner_20260930-134835-054.wav,text_jane,2,,1.58,0.0,0.176,0.083,-1.0,2026-09-30 13:48:35,8,0.083,0.07200000000000001,HIGH,27
unknown_silent/unknown_silent_owner_20260930-134839-710.wav,unknown_silent,2,,,,,,,2026-09-30 13:48:39,8,,0.066,HIGH,27
unknown_other/unknown_other_owner_20260930-134845-278.wav,unknown_other,2,,1.6,0.0,0.128,0.098,-1.0,2026-09-30 13:48:45,8,0.098,0.0785,HIGH,27
play_music/play_music_owner_20260930-134906-435.wav,play_music,2,280.0,2.28,0.0,0.207,0.062,0.0,2026-09-30 13:49:06,8,0.031,0.086,HIGH,27
weather/weather_owner_20260930-134911-495.wav,weather,2,218.41826328374452,1.04,0.0,0.26,0.148,0.0,2026-09-30 13:49:11,8,0.074,0.074,HIGH,27
time/time_owner_20260930-134916-661.wav,time,2,253.8119789598709,1.28,0.0,0.21,0.196,0.0,2026-09-30 13:49:16,8,0.098,0.031,HIGH,27
lights_on/lights_on_owner_20260930-134921-318.wav,lights_on,2,258.248534204063,2.34,0.0,0.189,0.045,0.0,2026-09-30 13:49:21,8,0.0225,0.0245,HIGH,27
lights_off/lights_off_owner_20260930-134925-468.wav,lights_off,2,243.0521974023174,2.24,0.0,0.211,0.036,0.0,2026-09-30 13:49:25,8,0.018,0.0245,HIGH,27
dim_lights_20/dim_lights_20_owner_20260930-134931-951.wav,dim_lights_20,2,232.74661091998053,3.54,0.0,0.21,0.049,0.0,2026-09-30 13:49:31,8,0.0245,0.0245,HIGH,27
dim_lights_50/dim_lights_50_owner_20260930-134938-126.wav,dim_lights_50,2,239.5666071911286,2.66,0.0,0.263,0.085,0.0,2026-09-30 13:49:38,8,0.0425,0.0425,HIGH,27
dim_lights_80/dim_lights_80_owner_20260930-134943-492.wav,dim_lights_80,2,236.8149500168056,2.36,0.0,0.209,0.147,0.0,2026-09-30 13:49:43,8,0.0735,0.0425,HIGH,27
set_timer_1/set_timer_1_owner_20260930-134948-653.wav,set_timer_1,2,251.63181001958296,1.24,0.0,0.249,0.148,0.0,2026-09-30 13:49:48,8,0.074,0.0425,HIGH,27
set_timer_10/set_timer_10_owner_20260930-135001-716.wav,set_timer_10,2,228.7519795318836,3.24,0.0,0.218,0.052,0.0,2026-09-30 13:50:01,8,0.026,0.026,HIGH,27
set_alarm_6am/set_alarm_6am_owner_20260930-135007-486.wav,set_alarm_6am,2,239.5666071911286,3.76,0.0,0.164,0.043,0.0,2026-09-30 13:50:07,8,0.0215,0.026,HIGH,27
set_alarm_9pm/set_alarm_9pm_owner_20260930-135019-335.wav,set_alarm_9pm,2,247.30067497779123,3.84,0.0,0.138,0.042,0.0,2026-09-30 13:50:19,8,0.021,0.0255,HIGH,27
set_temperature_18/set_temperature_18_owner_20260930-135025-510.wav,set_temperature_18,2,250.8966997353467,3.88,0.0,0.142,0.139,0.0,2026-09-30 13:50:25,8,0.0695,0.0255,HIGH,27
set_temperature_22/set_temperature_22_owner_20260930-135031-582.wav,set_temperature_22,2,246.5864446069216,3.78,0.0,0.222,0.051,0.0,2026-09-30 13:50:31,8,0.0255,0.0415,HIGH,27
set_temperature_26/set_temperature_26_owner_20260930-135037-859.wav,set_temperature_26,2,273.6047911615889,3.94,0.0,0.104,0.127,0.0,2026-09-30 13:50:37,8,0.0635,0.053,HIGH,27
pause/pause_owner_20260930-135042-822.wav,pause,2,219.6872122692821,1.1,0.0,0.267,0.083,0.0,2026-09-30 13:50:42,8,0.0415,0.0415,HIGH,27
stop/stop_owner_20260930-135047-479.wav,stop,2,241.65231975506623,1.06,0.0,0.336,0.106,0.0,2026-09-30 13:50:47,8,0.053,0.0435,HIGH,27
next/next_owner_20260930-135052-334.wav,next,2,217.16026665672285,1.18,0.0,0.263,0.072,0.0,2026-09-30 13:50:52,8,0.036,0.0415,HIGH,27
skip/skip_owner_20260930-135057-599.wav,skip,2,216.53489110691729,1.2,0.0,0.301,0.087,0.0,2026-09-30 13:50:57,8,0.0435,0.04,HIGH,27
volume_up/volume_up_owner_20260930-135101-143.wav,volume_up,2,222.23614727554795,1.74,0.0,0.189,0.075,0.0,2026-09-30 13:51:01,8,0.0375,0.0375,HIGH,27
louder/louder_owner_20260930-135105-094.wav,louder,2,204.97199743238755,1.56,0.0,0.157,0.08,0.0,2026-09-30 13:51:05,8,0.04,0.04,HIGH,27
volume_down/volume_down_owner_20260930-135109-854.wav,volume_down,2,212.20031931145576,2.42,0.0,0.177,0.058,0.0,2026-09-30 13:51:09,8,0.029,0.038,HIGH,27
remind_trash/remind_trash_owner_20260930-135116-433.wav,remind_trash,2,298.36814045597566,3.26,0.0,0.094,0.106,0.0,2026-09-30 13:51:16,8,0.053,0.04,HIGH,27
list_reminders/list_reminders_owner_20260930-135127-366.wav,list_reminders,2,291.55340270974574,2.0,0.0,0.215,0.076,0.0,2026-09-30 13:51:27,8,0.038,0.038,HIGH,27
call_jane/call_jane_owner_20260930-135131-314.wav,call_jane,2,253.8119789598709,1.68,0.0,0.156,0.102,0.0,2026-09-30 13:51:31,8,0.051,0.0445,HIGH,27
text_jane/text_jane_owner_20260930-135135-261.wav,text_jane,2,222.23614727554795,1.84,0.0,0.233,0.051,0.0,2026-09-30 13:51:35,8,0.0255,0.03175,HIGH,27
unknown_silent/unknown_silent_owner_20260930-135140-123.wav,unknown_silent,2,,,,,,,2026-09-30 13:51:40,8,,0.03825,HIGH,27
unknown_other/unknown_other_owner_20260930-135150-246.wav,unknown_other,2,252.35012953103248,3.6,0.0,0.137,0.042,0.0,2026-09-30 13:51:50,8,0.021,0.042249999999999996,HIGH,27
play_music/play_music_owner_20260930-135209-074.wav,play_music,2,209.7629907627354,2.36,0.0,0.188,0.118,0.0,2026-09-30 13:52:09,8,0.059,0.054,HIGH,27
weather/weather_owner_20260930-135217-680.wav,weather,2,197.41972977968112,0.88,0.0,0.296,0.266,0.0,2026-09-30 13:52:17,8,0.133,0.049,HIGH,27
time/time_owner_20260930-135224-160.wav,time,2,182.60928976717892,3.06,0.0,0.172,0.098,0.0,2026-09-30 13:52:24,8,0.049,0.049,HIGH,27
lights_on/lights_on_owner_20260930-135231-955.wav,lights_on,2,214.6659682537441,2.94,0.0,0.14,0.079,0.0,2026-09-30 13:52:31,8,0.0395,0.049,HIGH,27
lights_off/lights_off_owner_20260930-135237-627.wav,lights_off,2,242.35023708172005,3.04,0.0,0.078,0.087,0.0,2026-09-30 13:52:37,8,0.0435,0.0435,HIGH,27
dim_lights_20/dim_lights_20_owner_20260930-135242-086.wav,dim_lights_20,2,232.74661091998053,2.14,0.0,0.219,0.107,0.0,2026-09-30 13:52:42,8,0.0535,0.0395,HIGH,27
dim_lights_50/dim_lights_50_owner_20260930-135248-763.wav,dim_lights_50,2,222.23614727554795,2.02,0.0,0.211,0.067,0.0,2026-09-30 13:52:48,8,0.0335,0.0435,HIGH,27
dim_lights_80/dim_lights_80_owner_20260930-135255-241.wav,dim_lights_80,2,209.7629907627354,2.52,0.0,0.166,0.047,0.0,2026-09-30 13:52:55,8,0.0235,0.0405,HIGH,27
set_timer_1/set_timer_1_owner_20260930-135301-217.wav,set_timer_1,2,253.8119789598709,4.0,0.0,0.14,0.108,0.0,2026-09-30 13:53:01,8,0.054,0.0405,HIGH,27
set_timer_5/set_timer_5_owner_20260930-135306-682.wav,set_timer_5,2,253.8119789598709,3.06,0.0,0.17,0.081,0.0,2026-09-30 13:53:06,8,0.0405,0.0405,HIGH,27
set_timer_10/set_timer_10_owner_20260930-135311-237.wav,set_timer_10,2,228.7519795318836,2.6,0.0,0.17,0.403,0.0,2026-09-30 13:53:11,8,0.2015,0.054,HIGH,27
set_alarm_6am/set_alarm_6am_owner_20260930-135316-810.wav,set_alarm_6am,2,226.12076670401177,2.62,0.0,0.132,0.055,0.0,2026-09-30 13:53:16,8,0.0275,0.0535,HIGH,27
set_alarm_7am/set_alarm_7am_owner_20260930-135324-903.wav,set_alarm_7am,2,212.8149512836312,1.64,0.0,0.163,0.167,0.0,2026-09-30 13:53:24,8,0.0835,0.0535,HIGH,27
set_alarm_9pm/set_alarm_9pm_owner_20260930-135330-065.wav,set_alarm_9pm,2,204.97199743238755,2.62,0.0,0.189,0.107,0.0,2026-09-30 13:53:30,8,0.0535,0.0345,HIGH,27
set_temperature_18/set_temperature_18_owner_20260930-135335-031.wav,set_temperature_18,2,228.748163453754,2.8,0.0,0.146,0.047,0.0,2026-09-30 13:53:35,8,0.0235,0.0345,HIGH,27
set_temperature_22/set_temperature_22_owner_20260930-135339-484.wav,set_temperature_22,2,253.0810542454517,2.6,0.0,0.166,0.069,0.0,2026-09-30 13:53:39,8,0.0345,0.032,HIGH,27
set_temperature_26/set_temperature_26_owner_20260930-135344-950.wav,set_temperature_26,2,227.430670979746,3.16,0.0,0.188,0.064,0.0,2026-09-30 13:53:44,8,0.032,0.032,HIGH,27
pause/pause_owner_20260930-135350-924.wav,pause,2,215.9095155571117,1.32,0.0,0.261,0.064,0.0,2026-09-30 13:53:50,8,0.032,0.0345,HIGH,27
stop/stop_owner_20260930-135355-580.wav,stop,2,,1.24,0.0,0.261,0.179,-1.0,2026-09-30 13:53:55,8,0.179,0.131,HIGH,27
next/next_owner_20260930-135400-137.wav,next,2,79.48531003496142,1.46,0.0,0.195,0.131,-1.0,2026-09-30 13:54:00,8,0.131,0.147,HIGH,27
skip/skip_owner_20260930-135410-059.wav,skip,2,,1.38,0.0,0.282,0.147,-1.0,2026-09-30 13:54:10,8,0.147,0.147,HIGH,27
louder/louder_owner_20260930-135419-882.wav,louder,2,,1.04,0.0,0.281,0.606,-1.0,2026-09-30 13:54:19,8,0.606,0.131,HIGH,27
volume_down/volume_down_owner_20260930-135423-320.wav,volume_down,2,228.748163453754,1.8,0.0,0.198,0.084,0.0,2026-09-30 13:54:23,8,0.042,0.112,HIGH,27
remind_trash/remind_trash_owner_20260930-135428-387.wav,remind_trash,2,,1.72,0.0,0.199,0.112,-1.0,2026-09-30 13:54:28,8,0.112,0.065,HIGH,27
remind_study/remind_study_owner_20260930-135433-445.wav,remind_study,2,250.17417040732084,1.9,0.0,0.166,0.126,0.0,2026-09-30 13:54:33,8,0.063,0.063,HIGH,27
list_reminders/list_reminders_owner_20260930-135441-443.wav,list_reminders,2,248.01904284310828,2.32,0.0,0.216,0.13,0.0,2026-09-30 13:54:41,8,0.065,0.063,HIGH,27
call_jane/call_jane_owner_20260930-135446-506.wav,call_jane,2,227.430670979746,1.54,0.0,0.205,0.08,0.0,2026-09-30 13:54:46,8,0.04,0.0605,HIGH,27
text_jane/text_jane_owner_20260930-135451-059.wav,text_jane,2,,1.74,0.0,0.199,0.058,-1.0,2026-09-30 13:54:51,8,0.058,0.052750000000000005,HIGH,27
unknown_silent/unknown_silent_owner_20260930-135507-660.wav,unknown_silent,2,,,,,,,2026-09-30 13:55:07,8,,0.0475,HIGH,27
unknown_other/unknown_other_owner_20260930-135512-114.wav,unknown_other,2,239.5825935492628,2.16,0.0,0.216,0.095,0.0,2026-09-30 13:55:12,8,0.0475,0.052750000000000005,HIGH,27
play_music/play_music_owner_20260930-161850-266.wav,play_music,3,329.15341375941045,1.68,0.0,0.04,0.371,0.0,2026-09-30 16:18:50,9,0.1855,0.189,HIGH,28
weather/weather_owner_20260930-161855-224.wav,weather,3,,1.12,0.0,0.318,0.189,-1.0,2026-09-30 16:18:55,9,0.189,0.18725,HIGH,28
time/time_owner_20260930-161900-388.wav,time,3,,1.24,0.0,0.293,0.289,-1.0,2026-09-30 16:19:00,9,0.289,0.189,HIGH,28
lights_on/lights_on_owner_20260930-161906-954.wav,lights_on,3,,1.32,0.0,0.297,0.068,-1.0,2026-09-30 16:19:06,9,0.068,0.189,HIGH,28
lights_off/lights_off_owner_20260930-161914-663.wav,lights_off,3,,1.32,0.0,0.222,0.576,-1.0,2026-09-30 16:19:14,9,0.576,0.135,HIGH,28
dim_lights_20/dim_lights_20_owner_20260930-161920-935.wav,dim_lights_20,3,,2.76,0.0,0.229,0.135,-1.0,2026-09-30 16:19:20,9,0.135,0.135,HIGH,28
dim_lights_50/dim_lights_50_owner_20260930-161926-406.wav,dim_lights_50,3,,2.7,0.0,0.237,0.079,-1.0,2026-09-30 16:19:26,9,0.079,0.135,HIGH,28
set_timer_1/set_timer_1_owner_20260930-161936-933.wav,set_timer_1,3,,2.74,0.0,0.204,0.166,-1.0,2026-09-30 16:19:36,9,0.166,0.128,HIGH,28
set_timer_5/set_timer_5_owner_20260930-161942-701.wav,set_timer_5,3,246.5864446069216,2.16,0.0,0.222,0.256,0.0,2026-09-30 16:19:42,9,0.128,0.128,HIGH,28
set_timer_10/set_timer_10_owner_20260930-161947-561.wav,set_timer_10,3,,1.98,0.0,0.239,0.048,-1.0,2026-09-30 16:19:47,9,0.048,0.166,HIGH,28
set_alarm_6am/set_alarm_6am_owner_20260930-161952-527.wav,set_alarm_6am,3,,2.2,0.0,0.19,0.362,-1.0,2026-09-30 16:19:52,9,0.362,0.325,HIGH,28
set_alarm_7am/set_alarm_7am_owner_20260930-161957-480.wav,set_alarm_7am,3,,2.0,0.0,0.142,0.352,-1.0,2026-09-30 16:19:57,9,0.352,0.352,?,29
set_alarm_9pm/set_alarm_9pm_owner_20260930-162002-540.wav,set_alarm_9pm,3,,2.62,0.0,0.161,0.325,-1.0,2026-09-30 16:20:02,9,0.325,0.362,?,29
set_temperature_18/set_temperature_18_owner_20260930-162007-506.wav,set_temperature_18,3,,2.28,0.0,0.228,0.503,-1.0,2026-09-30 16:20:07,9,0.503,0.352,?,29
set_temperature_22/set_temperature_22_owner_20260930-162013-071.wav,set_temperature_22,3,,2.96,0.0,0.218,0.464,-1.0,2026-09-30 16:20:13,9,0.464,0.325,HIGH,30
set_temperature_26/set_temperature_26_owner_20260930-162018-434.wav,set_temperature_26,3,,2.96,0.0,0.206,0.27,-1.0,2026-09-30 16:20:18,9,0.27,0.462,?,31
pause/pause_owner_20260930-162023-698.wav,pause,3,,1.34,0.0,0.171,0.182,-1.0,2026-09-30 16:20:23,9,0.182,0.335,HIGH,32
stop/stop_owner_20260930-162028-454.wav,stop,3,,1.12,0.0,0.256,0.462,-1.0,2026-09-30 16:20:28,9,0.462,0.27,HIGH,32
next/next_owner_20260930-162033-113.wav,next,3,,1.22,0.0,0.265,0.335,-1.0,2026-09-30 16:20:33,9,0.335,0.203,HIGH,32
skip/skip_owner_20260930-162037-870.wav,skip,3,,1.32,0.0,0.216,0.203,-1.0,2026-09-30 16:20:37,9,0.203,0.304,HIGH,32
volume_up/volume_up_owner_20260930-162042-829.wav,volume_up,3,,1.86,0.0,0.179,0.098,-1.0,2026-09-30 16:20:42,9,0.098,0.304,HIGH,32
louder/louder_owner_20260930-162047-791.wav,louder,3,,1.44,0.0,0.218,0.304,-1.0,2026-09-30 16:20:47,9,0.304,0.258,HIGH,32
volume_down/volume_down_owner_20260930-162055-285.wav,volume_down,3,,1.84,0.0,0.146,0.362,-1.0,2026-09-30 16:20:55,9,0.362,0.304,HIGH,32
remind_trash/remind_trash_owner_20260930-162105-105.wav,remind_trash,3,264.2848075508742,1.58,0.0,0.096,0.516,0.0,2026-09-30 16:21:05,9,0.258,0.362,?,33
remind_study/remind_study_owner_20260930-162110-153.wav,remind_study,3,72.46854466889643,1.98,0.0,0.2,0.427,-1.0,2026-09-30 16:21:10,9,0.427,0.39449999999999996,?,33
list_reminders/list_reminders_owner_20260930-162115-730.wav,list_reminders,3,,2.14,0.0,0.196,0.431,-1.0,2026-09-30 16:21:15,9,0.431,0.429,?,33
call_jane/call_jane_owner_20260930-162122-110.wav,call_jane,3,,,,,,,2026-09-30 16:21:22,9,,0.431,?,33
text_jane/text_jane_owner_20260930-162127-779.wav,text_jane,3,,1.0,0.0,0.316,0.537,-1.0,2026-09-30 16:21:27,9,0.537,0.484,?,33
unknown_silent/unknown_silent_owner_20260930-162133-247.wav,unknown_silent,3,,,,,,,2026-09-30 16:21:33,9,,0.537,?,33
unknown_other/unknown_other_owner_20260930-162558-449.wav,unknown_other,3,,2.56,0.0,0.149,0.184,-1.0,2026-09-30 16:25:58,10,0.184,0.352,?,34
play_music/play_music_owner_20260930-162606-967.wav,play_music,3,,1.76,0.0,0.205,0.491,-1.0,2026-09-30 16:26:06,10,0.491,0.4165,?,34
weather/weather_owner_20260930-162612-130.wav,weather,3,,2.18,0.0,0.155,0.352,-1.0,2026-09-30 16:26:12,10,0.352,0.392,?,34
time/time_owner_20260930-162617-593.wav,time,3,72.46975362124044,1.7,0.0,0.186,0.481,-1.0,2026-09-30 16:26:17,10,0.481,0.392,?,34
lights_on/lights_on_owner_20260930-162622-858.wav,lights_on,3,,2.46,0.0,0.17,0.392,-1.0,2026-09-30 16:26:22,10,0.392,0.392,?,34
lights_off/lights_off_owner_20260930-162628-009.wav,lights_off,3,,2.56,0.0,0.157,0.392,-1.0,2026-09-30 16:26:28,10,0.392,0.401,?,34
dim_lights_20/dim_lights_20_owner_20260930-162653-836.wav,dim_lights_20,3,,2.9,0.0,0.213,0.401,-1.0,2026-09-30 16:26:53,10,0.401,0.392,?,34
dim_lights_50/dim_lights_50_owner_20260930-162659-506.wav,dim_lights_50,3,,3.26,0.0,0.186,0.433,-1.0,2026-09-30 16:26:59,10,0.433,0.392,?,34
set_timer_1/set_timer_1_owner_20260930-162718-940.wav,set_timer_1,3,243.75415772291475,2.76,0.0,0.134,0.27,0.0,2026-09-30 16:27:18,10,0.135,0.401,?,34
set_timer_5/set_timer_5_owner_20260930-162724-003.wav,set_timer_5,3,,2.94,0.0,0.198,0.325,-1.0,2026-09-30 16:27:24,10,0.325,0.325,HIGH,35
set_timer_10/set_timer_10_owner_20260930-162728-961.wav,set_timer_10,3,,2.74,0.0,0.174,0.489,-1.0,2026-09-30 16:27:28,10,0.489,0.268,HIGH,35
set_alarm_6am/set_alarm_6am_owner_20260930-162734-025.wav,set_alarm_6am,3,,3.28,0.0,0.111,0.268,-1.0,2026-09-30 16:27:34,10,0.268,0.325,HIGH,35
set_alarm_7am/set_alarm_7am_owner_20260930-162739-187.wav,set_alarm_7am,3,,3.2,0.0,0.177,0.236,-1.0,2026-09-30 16:27:39,10,0.236,0.418,?,36
set_alarm_9pm/set_alarm_9pm_owner_20260930-162744-248.wav,set_alarm_9pm,3,,3.3,0.0,0.16,0.427,-1.0,2026-09-30 16:27:44,10,0.427,0.418,?,36
set_temperature_18/set_temperature_18_owner_20260930-162749-611.wav,set_temperature_18,3,,2.78,0.0,0.195,0.418,-1.0,2026-09-30 16:27:49,10,0.418,0.427,?,36
set_temperature_22/set_temperature_22_owner_20260930-162806-012.wav,set_temperature_22,3,,3.02,0.0,0.206,0.44,-1.0,2026-09-30 16:28:06,10,0.44,0.427,?,36
set_temperature_26/set_temperature_26_owner_20260930-162811-076.wav,set_temperature_26,3,,3.04,0.0,0.206,0.524,-1.0,2026-09-30 16:28:11,10,0.524,0.418,?,36
pause/pause_owner_20260930-162816-038.wav,pause,3,,1.26,0.0,0.267,0.333,-1.0,2026-09-30 16:28:16,10,0.333,0.35,HIGH,37
stop/stop_owner_20260930-162820-694.wav,stop,3,,1.42,0.0,0.193,0.332,-1.0,2026-09-30 16:28:20,10,0.332,0.35,HIGH,37
next/next_owner_20260930-162825-654.wav,next,3,,1.54,0.0,0.224,0.35,-1.0,2026-09-30 16:28:25,10,0.35,0.335,HIGH,37
skip/skip_owner_20260930-162830-410.wav,skip,3,,0.8,0.0,0.302,0.462,-1.0,2026-09-30 16:28:30,10,0.462,0.35,HIGH,37
volume_up/volume_up_owner_20260930-162834-863.wav,volume_up,3,,1.78,0.0,0.183,0.335,-1.0,2026-09-30 16:28:34,10,0.335,0.351,?,38
louder/louder_owner_20260930-162839-626.wav,louder,3,,1.2,0.0,0.236,0.351,-1.0,2026-09-30 16:28:39,10,0.351,0.462,?,38
volume_down/volume_down_owner_20260930-162844-178.wav,volume_down,3,,1.78,0.0,0.156,0.478,-1.0,2026-09-30 16:28:44,10,0.478,0.478,?,38
remind_trash/remind_trash_owner_20260930-162848-935.wav,remind_trash,3,,2.1,0.0,0.211,0.493,-1.0,2026-09-30 16:28:48,10,0.493,0.478,?,38
remind_study/remind_study_owner_20260930-162854-100.wav,remind_study,3,,1.92,0.0,0.174,0.528,-1.0,2026-09-30 16:28:54,10,0.528,0.493,?,38
list_reminders/list_reminders_owner_20260930-162859-268.wav,list_reminders,3,75.89588092109929,1.6,0.0,0.135,0.427,-1.0,2026-09-30 16:28:59,10,0.427,0.528,?,38
call_jane/call_jane_owner_20260930-162904-224.wav,call_jane,3,,1.04,0.0,0.288,0.564,-1.0,2026-09-30 16:29:04,10,0.564,0.528,?,38
text_jane/text_jane_owner_20260930-162909-084.wav,text_jane,3,,1.04,0.0,0.299,0.603,-1.0,2026-09-30 16:29:09,10,0.603,0.427,?,38
unknown_silent/unknown_silent_owner_20260930-162913-942.wav,unknown_silent,3,,2.92,0.0,0.209,0.256,-1.0,2026-09-30 16:29:13,10,0.256,0.42,?,38
unknown_other/unknown_other_owner_20260930-162929-331.wav,unknown_other,3,,1.8,0.0,0.175,0.276,-1.0,2026-09-30 16:29:29,10,0.276,0.276,HIGH,39
play_music/play_music_owner_20260930-163027-538.wav,play_music,3,300.09656951016206,1.88,0.0,0.196,0.113,0.0,2026-09-30 16:30:27,11,0.0565,0.107,HIGH,40
weather/weather_owner_20260930-163033-206.wav,weather,3,,1.24,0.0,0.263,0.107,-1.0,2026-09-30 16:30:33,11,0.107,0.192,HIGH,40
time/time_owner_20260930-163037-660.wav,time,3,,1.48,0.0,0.186,0.277,-1.0,2026-09-30 16:30:37,11,0.277,0.246,HIGH,40
lights_on/lights_on_owner_20260930-163042-824.wav,lights_on,3,,1.24,0.0,0.294,0.397,-1.0,2026-09-30 16:30:42,11,0.397,0.246,HIGH,40
lights_off/lights_off_owner_20260930-163047-886.wav,lights_off,3,,1.1,0.0,0.237,0.246,-1.0,2026-09-30 16:30:47,11,0.246,0.277,HIGH,40
dim_lights_20/dim_lights_20_owner_20260930-163052-950.wav,dim_lights_20,3,280.0,2.86,0.0,0.195,0.46,0.0,2026-09-30 16:30:52,11,0.23,0.31,HIGH,40
dim_lights_50/dim_lights_50_owner_20260930-163058-114.wav,dim_lights_50,3,,2.64,0.0,0.207,0.31,-1.0,2026-09-30 16:30:58,11,0.31,0.246,HIGH,40
set_timer_1/set_timer_1_owner_20260930-163108-846.wav,set_timer_1,3,,2.08,0.0,0.195,0.349,-1.0,2026-09-30 16:31:08,11,0.349,0.31,HIGH,40
set_timer_5/set_timer_5_owner_20260930-163113-902.wav,set_timer_5,3,,2.06,0.0,0.204,0.161,-1.0,2026-09-30 16:31:13,11,0.161,0.31,HIGH,40
set_timer_10/set_timer_10_owner_20260930-163119-068.wav,set_timer_10,3,,2.12,0.0,0.222,0.434,-1.0,2026-09-30 16:31:19,11,0.434,0.325,HIGH,40
set_alarm_6am/set_alarm_6am_owner_20260930-163124-529.wav,set_alarm_6am,3,,1.74,0.0,0.151,0.155,-1.0,2026-09-30 16:31:24,11,0.155,0.161,HIGH,40
set_alarm_7am/set_alarm_7am_owner_20260930-163130-404.wav,set_alarm_7am,3,,1.64,0.0,0.098,0.325,-1.0,2026-09-30 16:31:30,11,0.325,0.325,HIGH,40
set_alarm_9pm/set_alarm_9pm_owner_20260930-163135-871.wav,set_alarm_9pm,3,,1.82,0.0,0.1,0.139,-1.0,2026-09-30 16:31:35,11,0.139,0.155,HIGH,40
set_temperature_18/set_temperature_18_owner_20260930-163140-935.wav,set_temperature_18,3,,2.76,0.0,0.167,0.404,-1.0,2026-09-30 16:31:40,11,0.404,0.139,HIGH,40
set_temperature_22/set_temperature_22_owner_20260930-163152-575.wav,set_temperature_22,3,,3.12,0.0,0.207,0.097,-1.0,2026-09-30 16:31:52,11,0.097,0.1315,HIGH,40
set_temperature_26/set_temperature_26_owner_20260930-163158-749.wav,set_temperature_26,3,,3.02,0.0,0.175,0.124,-1.0,2026-09-30 16:31:58,11,0.124,0.124,HIGH,40
pause/pause_owner_20260930-163204-013.wav,pause,3,,,,,,,2026-09-30 16:32:04,11,,0.1105,HIGH,40
stop/stop_owner_20260930-163208-468.wav,stop,3,,,,,,,2026-09-30 16:32:08,11,,0.124,HIGH,40
next/next_owner_20260930-163213-631.wav,next,3,,,,,,,2026-09-30 16:32:13,11,,,?,41
skip/skip_owner_20260930-163218-286.wav,skip,3,,,,,,,2026-09-30 16:32:18,11,,0.239,HIGH,42
volume_up/volume_up_owner_20260930-163223-853.wav,volume_up,3,,,,,,,2026-09-30 16:32:23,11,,0.239,HIGH,42
louder/louder_owner_20260930-163228-414.wav,louder,3,80.8746887810591,1.98,0.0,0.117,0.239,-1.0,2026-09-30 16:32:28,11,0.239,0.16925,HIGH,42
volume_down/volume_down_owner_20260930-163237-423.wav,volume_down,3,,,,,,,2026-09-30 16:32:37,11,,0.11,HIGH,42
remind_trash/remind_trash_owner_20260930-163243-295.wav,remind_trash,3,250.8966997353467,1.72,0.0,0.077,0.199,0.0,2026-09-30 16:32:43,11,0.0995,0.10475000000000001,HIGH,42
remind_study/remind_study_owner_20260930-163250-177.wav,remind_study,3,,2.0,0.0,0.193,0.11,-1.0,2026-09-30 16:32:50,11,0.11,0.0995,HIGH,42
list_reminders/list_reminders_owner_20260930-163256-354.wav,list_reminders,3,331.06018008760145,2.14,0.0,0.08,0.194,0.0,2026-09-30 16:32:56,11,0.097,0.10475000000000001,HIGH,42
call_jane/call_jane_owner_20260930-163301-212.wav,call_jane,3,,,,,,,2026-09-30 16:33:01,11,,0.2135,HIGH,42
text_jane/text_jane_owner_20260930-163306-175.wav,text_jane,3,,2.96,0.0,0.212,0.317,-1.0,2026-09-30 16:33:06,11,0.317,0.20700000000000002,HIGH,42
unknown_silent/unknown_silent_owner_20260930-163311-336.wav,unknown_silent,3,,0.62,0.0,0.314,0.464,-1.0,2026-09-30 16:33:11,11,0.464,0.317,HIGH,42
unknown_other/unknown_other_owner_20260930-163323-788.wav,unknown_other,3,,1.98,0.0,0.195,0.049,-1.0,2026-09-30 16:33:23,11,0.049,0.317,HIGH,42
dim_lights_80/dim_lights_80_owner_20260930-164342-940.wav,dim_lights_80,4,,1.78,0.0,0.259,0.324,-1.0,2026-09-30 16:43:42,12,0.324,0.0455,HIGH,43
dim_lights_80/dim_lights_80_owner_20260930-164358-327.wav,dim_lights_80,4,329.15341375941045,2.38,0.0,0.159,0.091,0.0,2026-09-30 16:43:58,12,0.0455,0.06475,HIGH,43
dim_lights_80/dim_lights_80_owner_20260930-164405-918.wav,dim_lights_80,4,274.3972793771296,2.56,0.0,0.156,0.057,0.0,2026-09-30 16:44:05,12,0.0285,0.084,HIGH,43
dim_lights_80/dim_lights_80_owner_20260930-164413-106.wav,dim_lights_80,4,245.8763279002847,3.96,0.0,0.156,0.168,0.0,2026-09-30 16:44:13,12,0.084,0.084,HIGH,43
dim_lights_80/dim_lights_80_owner_20260930-164423-641.wav,dim_lights_80,4,329.15341375941045,3.38,0.0,0.163,0.651,0.0,2026-09-30 16:44:23,12,0.3255,0.3255,HIGH,43
dim_lights_80/dim_lights_80_owner_20260930-164431-115.wav,dim_lights_80,4,,2.6,0.0,0.21,0.684,-1.0,2026-09-30 16:44:31,12,0.684,0.33975,HIGH,43
dim_lights_80/dim_lights_80_owner_20260930-164444-390.wav,dim_lights_80,4,329.15341375941045,2.4,0.0,0.16,0.708,0.0,2026-09-30 16:44:44,12,0.354,0.354,?,44
play_music/play_music_owner_20260930-164917-070.wav,play_music,4,270.4621720989567,1.6,0.0,0.265,0.516,0.0,2026-09-30 16:49:17,13,0.258,0.258,HIGH,45
weather/weather_owner_20260930-164921-738.wav,weather,4,235.45099627104003,1.7,0.0,0.187,0.349,0.0,2026-09-30 16:49:21,13,0.1745,0.22825,HIGH,45
time/time_owner_20260930-164926-396.wav,time,4,230.07328808402127,1.32,0.0,0.287,0.526,0.0,2026-09-30 16:49:26,13,0.263,0.258,HIGH,45
lights_on/lights_on_owner_20260930-164935-611.wav,lights_on,4,203.79144559790623,1.82,0.0,0.212,0.397,0.0,2026-09-30 16:49:35,13,0.1985,0.225,HIGH,45
lights_off/lights_off_owner_20260930-164941-179.wav,lights_off,4,,1.92,0.0,0.237,0.445,-1.0,2026-09-30 16:49:41,13,0.445,0.225,HIGH,45
dim_lights_20/dim_lights_20_owner_20260930-164946-849.wav,dim_lights_20,4,236.8149500168056,2.74,0.0,0.245,0.45,0.0,2026-09-30 16:49:46,13,0.225,0.21525,HIGH,45
dim_lights_50/dim_lights_50_owner_20260930-164952-110.wav,dim_lights_50,4,242.35023708172005,2.64,0.0,0.262,0.411,0.0,2026-09-30 16:49:52,13,0.2055,0.225,HIGH,45
dim_lights_80/dim_lights_80_owner_20260930-165234-390.wav,dim_lights_80,4,252.3543393476088,2.02,0.0,0.268,0.394,0.0,2026-09-30 16:52:34,14,0.197,0.209,HIGH,46
set_timer_1/set_timer_1_owner_20260930-165242-799.wav,set_timer_1,4,92.63308785890118,2.18,0.0,0.249,0.343,-1.0,2026-09-30 16:52:42,14,0.343,0.276,HIGH,46
set_timer_5/set_timer_5_owner_20260930-165248-766.wav,set_timer_5,4,221.5961542651838,2.28,0.0,0.269,0.418,0.0,2026-09-30 16:52:48,14,0.209,0.2325,HIGH,46
set_timer_10/set_timer_10_owner_20260930-165257-674.wav,set_timer_10,4,,2.18,0.0,0.283,0.448,-1.0,2026-09-30 16:52:57,14,0.448,0.2325,HIGH,46
set_alarm_6am/set_alarm_6am_owner_20260930-165306-783.wav,set_alarm_6am,4,246.5864446069216,3.22,0.0,0.258,0.465,0.0,2026-09-30 16:53:06,14,0.2325,0.209,HIGH,46
set_alarm_7am/set_alarm_7am_owner_20260930-165315-690.wav,set_alarm_7am,4,250.17417040732084,2.04,0.0,0.178,0.3,0.0,2026-09-30 16:53:15,14,0.15,0.195,HIGH,46
set_alarm_9pm/set_alarm_9pm_owner_20260930-165322-066.wav,set_alarm_9pm,4,218.41826328374452,2.16,0.0,0.235,0.368,0.0,2026-09-30 16:53:22,14,0.184,0.195,HIGH,46
set_temperature_18/set_temperature_18_owner_20260930-165328-547.wav,set_temperature_18,4,236.8149500168056,2.72,0.0,0.244,0.39,0.0,2026-09-30 16:53:28,14,0.195,0.195,HIGH,46
set_temperature_22/set_temperature_22_owner_20260930-165336-042.wav,set_temperature_22,4,250.8966997353467,2.96,0.0,0.276,0.532,0.0,2026-09-30 16:53:36,14,0.266,0.2185,HIGH,46
set_temperature_26/set_temperature_26_owner_20260930-165342-823.wav,set_temperature_26,4,227.430670979746,3.02,0.0,0.279,0.437,0.0,2026-09-30 16:53:42,14,0.2185,0.266,HIGH,46
pause/pause_owner_20260930-165346-567.wav,pause,4,,1.32,0.0,0.319,0.458,-1.0,2026-09-30 16:53:46,14,0.458,0.43,?,47
stop/stop_owner_20260930-165351-122.wav,stop,4,,1.28,0.0,0.327,0.492,-1.0,2026-09-30 16:53:51,14,0.492,0.43,?,47
next/next_owner_20260930-165355-373.wav,next,4,,1.0,0.0,0.321,0.43,-1.0,2026-09-30 16:53:55,14,0.43,0.43,?,47
skip/skip_owner_20260930-165401-955.wav,skip,4,,1.42,0.0,0.332,0.371,-1.0,2026-09-30 16:54:01,14,0.371,0.371,?,47
volume_up/volume_up_owner_20260930-165407-116.wav,volume_up,4,226.12076670401177,1.86,0.0,0.29,0.567,0.0,2026-09-30 16:54:07,14,0.2835,0.29,HIGH,48
louder/louder_owner_20260930-165415-118.wav,louder,4,196.84956082712893,1.62,0.0,0.209,0.356,0.0,2026-09-30 16:54:15,14,0.178,0.2835,HIGH,48
volume_down/volume_down_owner_20260930-165423-214.wav,volume_down,4,218.41826328374452,1.74,0.0,0.242,0.58,0.0,2026-09-30 16:54:23,14,0.29,0.2805,HIGH,48
remind_trash/remind_trash_owner_20260930-165432-121.wav,remind_trash,4,234.09489832078265,2.08,0.0,0.289,0.461,0.0,2026-09-30 16:54:32,14,0.2305,0.2805,HIGH,48
remind_study/remind_study_owner_20260930-165440-323.wav,remind_study,4,230.7396885836003,2.14,0.0,0.242,0.561,0.0,2026-09-30 16:54:40,14,0.2805,0.29,HIGH,48
list_reminders/list_reminders_owner_20260930-165449-741.wav,list_reminders,4,241.65231975506623,1.94,0.0,0.249,0.604,0.0,2026-09-30 16:54:49,14,0.302,0.302,HIGH,48
call_jane/call_jane_owner_20260930-165454-394.wav,call_jane,4,,1.64,0.0,0.275,0.436,-1.0,2026-09-30 16:54:54,14,0.436,0.366,?,49
text_jane/text_jane_owner_20260930-165459-659.wav,text_jane,4,70.0,1.66,0.0,0.31,0.43,-1.0,2026-09-30 16:54:59,14,0.43,0.433,?,49
unknown_silent/unknown_silent_owner_20260930-165505-325.wav,unknown_silent,4,,,,,,,2026-09-30 16:55:05,14,,0.436,?,49
unknown_other/unknown_other_owner_20260930-165513-324.wav,unknown_other,4,106.10015965572786,1.62,0.0,0.132,0.104,1.0,2026-09-30 16:55:13,14,0.552,0.491,?,49
play_music/play_music_owner_20260930-165801-970.wav,play_music,4,109.84360613464104,1.78,0.0,0.258,0.213,1.0,2026-09-30 16:58:01,15,0.6065,0.344,HIGH,50
weather/weather_owner_20260930-165808-451.wav,weather,4,215.2877419054279,2.32,0.0,0.269,0.639,0.0,2026-09-30 16:58:08,15,0.3195,0.33175,HIGH,50
time/time_owner_20260930-165814-511.wav,time,4,210.97813540644063,2.6,0.0,0.251,0.688,0.0,2026-09-30 16:58:14,15,0.344,0.344,HIGH,50
lights_on/lights_on_owner_20260930-165820-279.wav,lights_on,4,221.5961542651838,2.48,0.0,0.25,0.627,0.0,2026-09-30 16:58:20,15,0.3135,0.344,HIGH,50
lights_off/lights_off_owner_20260930-165825-556.wav,lights_off,4,220.95616125481965,2.52,0.0,0.27,0.691,0.0,2026-09-30 16:58:25,15,0.3455,0.344,HIGH,50
dim_lights_20/dim_lights_20_owner_20260930-165832-337.wav,dim_lights_20,4,,1.52,0.0,0.327,0.567,-1.0,2026-09-30 16:58:32,15,0.567,0.3225,HIGH,50
dim_lights_50/dim_lights_50_owner_20260930-165838-819.wav,dim_lights_50,4,219.6982069661354,3.54,0.0,0.269,0.645,0.0,2026-09-30 16:58:38,15,0.3225,0.3455,HIGH,50
dim_lights_80/dim_lights_80_owner_20260930-165845-298.wav,dim_lights_80,4,200.8772678946362,2.78,0.0,0.255,0.628,0.0,2026-09-30 16:58:45,15,0.314,0.3515,?,51
set_timer_1/set_timer_1_owner_20260930-165852-485.wav,set_timer_1,4,180.51184318154108,3.64,0.0,0.258,0.703,0.0,2026-09-30 16:58:52,15,0.3515,0.3515,?,51
set_timer_5/set_timer_5_owner_20260930-165901-390.wav,set_timer_5,4,,3.42,0.0,0.266,0.45,-1.0,2026-09-30 16:59:01,15,0.45,0.45,?,51
set_timer_10/set_timer_10_owner_20260930-165910-502.wav,set_timer_10,4,93.98007519461844,3.54,0.0,0.276,0.493,-1.0,2026-09-30 16:59:10,15,0.493,0.45,?,51
set_alarm_6am/set_alarm_6am_owner_20260930-165917-588.wav,set_alarm_6am,4,97.57608539074748,3.0,0.0,0.245,0.181,1.0,2026-09-30 16:59:17,15,0.5905,0.45,?,51
set_alarm_7am/set_alarm_7am_owner_20260930-165924-472.wav,set_alarm_7am,4,89.21924391234836,3.26,0.0,0.22,0.42,-1.0,2026-09-30 16:59:24,15,0.42,0.451,?,51
set_alarm_9pm/set_alarm_9pm_owner_20260930-165931-358.wav,set_alarm_9pm,4,,3.1,0.0,0.251,0.427,-1.0,2026-09-30 16:59:31,15,0.427,0.451,?,51
set_temperature_18/set_temperature_18_owner_20260930-165938-737.wav,set_temperature_18,4,93.16970587780108,3.32,0.0,0.277,0.451,-1.0,2026-09-30 16:59:38,15,0.451,0.427,?,51
set_temperature_22/set_temperature_22_owner_20260930-165945-933.wav,set_temperature_22,4,103.0796940670368,3.68,0.0,0.28,0.202,1.0,2026-09-30 16:59:45,15,0.601,0.427,?,51
set_temperature_26/set_temperature_26_owner_20260930-165952-923.wav,set_temperature_26,4,186.8775795838048,3.58,0.0,0.272,0.605,0.0,2026-09-30 16:59:52,15,0.3025,0.363,?,51
pause/pause_owner_20260930-165958-690.wav,pause,4,180.5148545600217,1.44,0.0,0.32,0.726,0.0,2026-09-30 16:59:58,15,0.363,0.363,?,51
stop/stop_owner_20260930-170002-838.wav,stop,4,189.0489924635466,1.22,0.0,0.296,0.726,0.0,2026-09-30 17:00:02,15,0.363,0.3285,HIGH,52
next/next_owner_20260930-170006-990.wav,next,4,186.8775795838048,1.16,0.0,0.293,0.657,0.0,2026-09-30 17:00:06,15,0.3285,0.3285,HIGH,52
skip/skip_owner_20260930-170011-039.wav,skip,4,188.5045714263917,1.2,0.0,0.304,0.647,0.0,2026-09-30 17:00:11,15,0.3235,0.324,HIGH,52
volume_up/volume_up_owner_20260930-170015-494.wav,volume_up,4,186.8775795838048,1.78,0.0,0.253,0.648,0.0,2026-09-30 17:00:15,15,0.324,0.324,HIGH,52
louder/louder_owner_20260930-170024-409.wav,louder,4,193.46780319548864,1.82,0.0,0.268,0.619,0.0,2026-09-30 17:00:24,15,0.3095,0.324,HIGH,52
volume_down/volume_down_owner_20260930-170033-010.wav,volume_down,4,208.5548448371784,1.94,0.0,0.246,0.708,0.0,2026-09-30 17:00:33,15,0.354,0.324,HIGH,52
remind_trash/remind_trash_owner_20260930-170038-879.wav,remind_trash,4,209.7629907627354,1.92,0.0,0.267,0.655,0.0,2026-09-30 17:00:38,15,0.3275,0.3275,HIGH,52
remind_study/remind_study_owner_20260930-170044-449.wav,remind_study,4,218.41826328374452,2.92,0.0,0.256,0.635,0.0,2026-09-30 17:00:44,15,0.3175,0.354,?,53
list_reminders/list_reminders_owner_20260930-170050-421.wav,list_reminders,4,92.099560532362,1.96,0.0,0.28,0.463,-1.0,2026-09-30 17:00:50,15,0.463,0.402,?,53
call_jane/call_jane_owner_20260930-170055-282.wav,call_jane,4,,1.52,0.0,0.312,0.516,-1.0,2026-09-30 17:00:55,15,0.516,0.4325,?,53
text_jane/text_jane_owner_20260930-170059-629.wav,text_jane,4,,1.5,0.0,0.299,0.402,-1.0,2026-09-30 17:00:59,15,0.402,0.4325,?,53
unknown_silent/unknown_silent_owner_20260930-170104-493.wav,unknown_silent,4,,,,,,,2026-09-30 17:01:04,15,,0.402,?,53
unknown_other/unknown_other_owner_20260930-170116-031.wav,unknown_other,4,199.1368425476194,3.64,0.0,0.264,0.588,0.0,2026-09-30 17:01:16,15,0.294,0.348,HIGH,54
play/play_owner_20260930-170502-855.wav,play,4,329.15341375941045,2.26,0.0,0.223,0.078,0.0,2026-09-30 17:05:02,16,0.039,0.15025,HIGH,55
play/play_owner_20260930-170507-726.wav,play,4,206.1593881340736,1.12,0.0,0.255,0.523,0.0,2026-09-30 17:05:07,16,0.2615,0.1995,HIGH,55
play/play_owner_20260930-170511-472.wav,play,4,,,,,,,2026-09-30 17:05:11,16,,0.16275,HIGH,55
play/play_owner_20260930-170515-218.wav,play,4,260.4968951869364,1.22,0.0,0.236,0.399,0.0,2026-09-30 17:05:15,16,0.1995,0.18625,HIGH,55
play/play_owner_20260930-170518-862.wav,play,4,281.62202349899894,1.28,0.0,0.238,0.252,0.0,2026-09-30 17:05:18,16,0.126,0.16875,HIGH,55
play/play_owner_20260930-170529-897.wav,play,4,331.06018008760145,1.3,0.0,0.316,0.346,0.0,2026-09-30 17:05:29,16,0.173,0.1645,HIGH,55
play/play_owner_20260930-170538-503.wav,play,4,307.11099431449526,5.86,0.0,0.244,0.329,0.0,2026-09-30 17:05:38,16,0.1645,0.14525,HIGH,55
play/play_owner_20260930-170546-602.wav,play,4,329.15341375941045,1.18,0.0,0.255,0.116,0.0,2026-09-30 17:05:46,16,0.058,0.1645,HIGH,55
play/play_owner_20260930-170640-148.wav,play,4,183.66713462124284,1.16,0.0,0.303,0.497,0.0,2026-09-30 17:06:40,17,0.2485,0.2485,HIGH,56
play/play_owner_20260930-170655-334.wav,play,4,262.76263906792013,4.32,0.0,0.178,0.169,0.0,2026-09-30 17:06:55,17,0.0845,0.25825,HIGH,56
play/play_owner_20260930-170715-174.wav,play,4,197.9898987322333,1.06,0.0,0.291,0.573,0.0,2026-09-30 17:07:15,17,0.2865,0.2485,HIGH,56
play/play_owner_20260930-170726-413.wav,play,4,184.199121064724,1.24,0.0,0.28,0.536,0.0,2026-09-30 17:07:26,17,0.268,0.1355,HIGH,56
play/play_owner_20260930-170741-596.wav,play,4,312.47919993646246,1.46,0.0,0.148,0.271,0.0,2026-09-30 17:07:41,17,0.1355,0.20175,HIGH,56
play/play_owner_20260930-170751-414.wav,play,4,329.15341375941045,1.54,0.0,0.148,0.216,0.0,2026-09-30 17:07:51,17,0.108,0.1355,HIGH,56
play_music/play_music_owner_20260930-170944-438.wav,play_music,4,154.00026613008606,2.14,0.0,0.263,0.831,1.0,2026-09-30 17:09:44,18,0.9155,0.9155,LOW,57
weather/weather_owner_20260930-170950-207.wav,weather,4,119.0934025331198,1.1,0.0,0.262,0.952,1.0,2026-09-30 17:09:50,18,0.976,0.94225,LOW,57
time/time_owner_20260930-170959-419.wav,time,4,132.9078969330727,6.1,0.0,0.311,0.796,1.0,2026-09-30 17:09:59,18,0.898,0.969,LOW,57
lights_on/lights_on_owner_20260930-171004-581.wav,lights_on,4,147.89768912198917,1.44,0.0,0.157,0.938,1.0,2026-09-30 17:10:04,18,0.969,0.974,LOW,57
lights_off/lights_off_owner_20260930-171011-160.wav,lights_off,4,119.09538930198356,2.16,0.0,0.223,0.968,1.0,2026-09-30 17:10:11,18,0.984,0.974,LOW,57
dim_lights_20/dim_lights_20_owner_20260930-171020-069.wav,dim_lights_20,4,137.59488379633515,2.5,0.0,0.181,0.948,1.0,2026-09-30 17:10:20,18,0.974,0.979,LOW,57
dim_lights_50/dim_lights_50_owner_20260930-171025-535.wav,dim_lights_50,4,138.79281109193107,2.5,0.0,0.191,0.96,1.0,2026-09-30 17:10:25,18,0.98,0.98,LOW,57
dim_lights_80/dim_lights_80_owner_20260930-171032-622.wav,dim_lights_80,4,132.5251503542549,2.44,0.0,0.15,0.958,1.0,2026-09-30 17:10:32,18,0.979,0.98,LOW,57
set_timer_1/set_timer_1_owner_20260930-171038-090.wav,set_timer_1,4,117.72549813552004,2.84,0.0,0.198,0.981,1.0,2026-09-30 17:10:38,18,0.9904999999999999,0.98,LOW,57
set_timer_5/set_timer_5_owner_20260930-171043-847.wav,set_timer_5,4,136.80239558079444,2.26,0.0,0.171,0.982,1.0,2026-09-30 17:10:43,18,0.991,0.979,LOW,57
set_timer_10/set_timer_10_owner_20260930-171049-425.wav,set_timer_10,4,130.62461881515304,2.24,0.0,0.195,0.954,1.0,2026-09-30 17:10:49,18,0.977,0.977,LOW,57
set_alarm_6am/set_alarm_6am_owner_20260930-171105-419.wav,set_alarm_6am,4,136.80239558079444,2.38,0.0,0.162,0.926,1.0,2026-09-30 17:11:05,18,0.9630000000000001,0.977,LOW,57
set_alarm_7am/set_alarm_7am_owner_20260930-171111-493.wav,set_alarm_7am,4,115.70304454158963,2.94,0.0,0.161,0.945,1.0,2026-09-30 17:11:11,18,0.9724999999999999,0.977,LOW,57
set_alarm_9pm/set_alarm_9pm_owner_20260930-171117-974.wav,set_alarm_9pm,4,129.87227637178333,2.98,0.0,0.169,0.954,1.0,2026-09-30 17:11:17,18,0.977,0.977,LOW,57
set_temperature_18/set_temperature_18_owner_20260930-171125-261.wav,set_temperature_18,4,125.44834986767334,2.98,0.0,0.173,0.957,1.0,2026-09-30 17:11:25,18,0.9784999999999999,0.9784999999999999,LOW,57
set_temperature_22/set_temperature_22_owner_20260930-171131-335.wav,set_temperature_22,4,129.4982717369074,3.16,0.0,0.185,0.964,1.0,2026-09-30 17:11:31,18,0.982,0.9784999999999999,LOW,57
set_temperature_26/set_temperature_26_owner_20260930-171138-016.wav,set_temperature_26,4,129.1242671020315,3.38,0.0,0.183,0.959,1.0,2026-09-30 17:11:38,18,0.9795,0.9784999999999999,LOW,57
pause/pause_owner_20260930-171142-773.wav,pause,4,106.41102591504618,1.52,0.0,0.155,0.88,1.0,2026-09-30 17:11:42,18,0.94,0.94,LOW,57
stop/stop_owner_20260930-171147-215.wav,stop,4,113.71723253944144,1.12,0.0,0.217,0.87,1.0,2026-09-30 17:11:47,18,0.935,0.935,LOW,57
next/next_owner_20260930-171151-479.wav,next,4,104.8814953813677,1.32,0.0,0.212,0.826,1.0,2026-09-30 17:11:51,18,0.913,0.935,LOW,57
skip/skip_owner_20260930-171155-832.wav,skip,4,113.06038335200589,1.58,0.0,0.16,0.864,1.0,2026-09-30 17:11:55,18,0.9319999999999999,0.935,LOW,57
volume_up/volume_up_owner_20260930-171200-792.wav,volume_up,4,128.38056604865398,2.14,0.0,0.201,0.943,1.0,2026-09-30 17:12:00,18,0.9715,0.9319999999999999,LOW,57
louder/louder_owner_20260930-171205-655.wav,louder,4,116.37330545999028,1.92,0.0,0.173,0.912,1.0,2026-09-30 17:12:05,18,0.956,0.956,LOW,57
volume_down/volume_down_owner_20260930-171210-613.wav,volume_down,4,112.73855478990198,2.08,0.0,0.195,0.852,1.0,2026-09-30 17:12:10,18,0.9259999999999999,0.96,LOW,57
remind_trash/remind_trash_owner_20260930-171219-722.wav,remind_trash,4,120.82615987753312,2.38,0.0,0.124,0.92,1.0,2026-09-30 17:12:19,18,0.96,0.96,LOW,57
remind_study/remind_study_owner_20260930-171228-124.wav,remind_study,4,118.4074750084028,3.66,0.0,0.177,0.974,1.0,2026-09-30 17:12:28,18,0.987,0.96,LOW,57
list_reminders/list_reminders_owner_20260930-171234-197.wav,list_reminders,4,120.4772012142062,2.16,0.0,0.182,0.958,1.0,2026-09-30 17:12:34,18,0.979,0.96,LOW,57
call_jane/call_jane_owner_20260930-171240-575.wav,call_jane,4,108.26744555345864,1.28,0.0,0.237,0.9,1.0,2026-09-30 17:12:40,18,0.95,0.9644999999999999,LOW,57
text_jane/text_jane_owner_20260930-171246-144.wav,text_jane,4,108.89463248511686,2.16,0.0,0.257,0.881,1.0,2026-09-30 17:12:46,18,0.9405,0.953,LOW,57
unknown_silent/unknown_silent_owner_20260930-171251-813.wav,unknown_silent,4,,,,,,,2026-09-30 17:12:51,18,,0.9452499999999999,LOW,57
unknown_other/unknown_other_owner_20260930-171258-089.wav,unknown_other,4,111.11807363777396,2.06,0.0,0.209,0.912,1.0,2026-09-30 17:12:58,18,0.956,0.9377500000000001,LOW,57
play/play_owner_20260930-171320-639.wav,play,4,116.37330545999028,1.68,0.0,0.244,0.87,1.0,2026-09-30 17:13:20,18,0.935,0.897,LOW,57
play/play_owner_20260930-171328-128.wav,play,4,113.71533548987296,1.62,0.0,0.241,0.718,1.0,2026-09-30 17:13:28,18,0.859,0.859,LOW,57
play/play_owner_20260930-171359-006.wav,play,4,259.74455274356666,1.72,1.0,0.201,0.153,0.0,2026-09-30 17:13:59,18,0.0765,0.859,LOW,57
play/play_owner_20260930-171408-217.wav,play,4,110.79807713259189,1.58,0.0,0.128,0.481,1.0,2026-09-30 17:14:08,18,0.7404999999999999,0.859,LOW,57
party/party_owner_20260930-171430-687.wav,party,4,161.7493775621182,1.78,0.0,0.202,0.891,1.0,2026-09-30 17:14:30,18,0.9455,0.9195,LOW,57
party/party_owner_20260930-171439-902.wav,party,4,129.1242671020315,1.0,0.0,0.244,0.899,1.0,2026-09-30 17:14:39,18,0.9495,0.9195,LOW,57
party/party_owner_20260930-171445-667.wav,party,4,107.33298412687203,1.72,0.0,0.248,0.839,1.0,2026-09-30 17:14:45,18,0.9195,0.9195,LOW,57
party/party_owner_20260930-171457-817.wav,party,4,146.62117719488774,1.9,0.0,0.135,0.666,1.0,2026-09-30 17:14:57,18,0.833,0.87625,LOW,57
party/party_owner_20260930-171515-428.wav,party,4,123.29322230346078,1.88,0.0,0.183,0.539,1.0,2026-09-30 17:15:15,18,0.7695000000000001,0.833,LOW,57
party/party_owner_20260930-172229-660.wav,party,5,239.5666071911286,1.82,0.0,0.242,0.048,0.0,2026-09-30 17:22:29,19,0.024,0.0225,HIGH,58
party/party_owner_20260930-172237-964.wav,party,5,234.77294729591137,1.62,0.0,0.177,0.045,0.0,2026-09-30 17:22:37,19,0.0225,0.02325,HIGH,58
party/party_owner_20260930-172245-756.wav,party,5,257.5048331506855,2.04,0.0,0.184,0.018,0.0,2026-09-30 17:22:45,19,0.009,0.0225,HIGH,58
party/party_owner_20260930-172250-616.wav,party,5,234.09489832078265,2.02,0.0,0.091,0.109,0.0,2026-09-30 17:22:50,19,0.0545,0.0225,HIGH,58
party/party_owner_20260930-172311-775.wav,party,5,248.01904284310828,1.72,0.0,0.13,0.021,0.0,2026-09-30 17:23:11,19,0.0105,0.0365,HIGH,58
party/party_owner_20260930-172321-292.wav,party,5,,1.7,0.0,0.158,0.146,-1.0,2026-09-30 17:23:21,19,0.146,0.0545,HIGH,58
party/party_owner_20260930-172330-400.wav,party,5,230.7396885836003,1.66,0.0,0.141,0.073,0.0,2026-09-30 17:23:30,19,0.0365,0.0365,HIGH,58
party/party_owner_20260930-172341-334.wav,party,5,,1.6,0.0,0.186,0.111,-1.0,2026-09-30 17:23:41,19,0.111,0.0365,HIGH,58
party/party_owner_20260930-172423-748.wav,party,5,218.41826328374452,1.52,0.0,0.22,0.027,0.0,2026-09-30 17:24:23,19,0.0135,0.0365,HIGH,58
party/party_owner_20260930-172429-522.wav,party,5,249.451641079295,1.56,0.0,0.193,0.032,0.0,2026-09-30 17:24:29,19,0.016,0.081,HIGH,58
party/party_owner_20260930-172435-394.wav,party,5,228.08941721674995,0.98,0.0,0.293,0.281,0.0,2026-09-30 17:24:35,19,0.1405,0.081,HIGH,58
play/play_owner_20260930-172511-602.wav,play,5,,0.96,0.0,0.313,0.081,-1.0,2026-09-30 17:25:11,19,0.081,0.081,HIGH,58
play/play_owner_20260930-172516-263.wav,play,5,293.2423543897755,1.08,0.0,0.254,0.267,0.0,2026-09-30 17:25:16,19,0.1335,0.081,HIGH,58
play/play_owner_20260930-172520-208.wav,play,5,209.77698831578732,1.2,0.0,0.246,0.086,0.0,2026-09-30 17:25:20,19,0.043,0.043,HIGH,58
play/play_owner_20260930-172524-460.wav,play,5,329.15341375941045,0.98,0.0,0.275,0.064,0.0,2026-09-30 17:25:24,19,0.032,0.040999999999999995,HIGH,58
play/play_owner_20260930-172536-812.wav,play,5,329.15341375941045,1.24,0.0,0.204,0.078,0.0,2026-09-30 17:25:36,19,0.039,0.039,HIGH,58
play/play_owner_20260930-172543-700.wav,play,5,,,,,,,2026-09-30 17:25:43,19,,0.035500000000000004,HIGH,58
unknown_silent/unknown_silent_owner_20260930-172740-643.wav,unknown_silent,5,329.15341375941045,8.6,0.0,0.116,0.345,0.0,2026-09-30 17:27:40,20,0.1725,0.104,HIGH,59
unknown_silent/unknown_silent_owner_20260930-172749-853.wav,unknown_silent,5,,,,,,,2026-09-30 17:27:49,20,,0.104,HIGH,59
unknown_silent/unknown_silent_owner_20260930-172801-598.wav,unknown_silent,5,329.15341375941045,0.86,0.0,0.27,0.071,0.0,2026-09-30 17:28:01,20,0.0355,0.104,HIGH,59
unknown_silent/unknown_silent_owner_20260930-172808-380.wav,unknown_silent,5,,,,,,,2026-09-30 17:28:08,20,,0.04575,HIGH,59
unknown_silent/unknown_silent_owner_20260930-172822-651.wav,unknown_silent,5,,,,,,,2026-09-30 17:28:22,20,,0.04575,HIGH,59
unknown_silent/unknown_silent_owner_20260930-172830-446.wav,unknown_silent,5,331.06018008760145,1.04,0.0,0.22,0.112,0.0,2026-09-30 17:28:30,20,0.056,0.056,HIGH,59
unknown_other/unknown_other_owner_20260930-172929-917.wav,unknown_other,5,329.15341375941045,1.74,0.0,0.154,0.655,0.0,2026-09-30 17:29:29,21,0.3275,0.524,?,60
unknown_other/unknown_other_owner_20260930-172939-031.wav,unknown_other,5,,0.6,0.0,0.313,0.524,-1.0,2026-09-30 17:29:39,21,0.524,0.42575,?,60
unknown_other/unknown_other_owner_20260930-172947-129.wav,unknown_other,5,124.00745267433048,1.48,0.0,0.102,0.871,1.0,2026-09-30 17:29:47,21,0.9355,0.42575,?,60
unknown_other/unknown_other_owner_20260930-173011-021.wav,unknown_other,5,250.8966997353467,2.5,0.0,0.103,0.034,0.0,2026-09-30 17:30:11,21,0.017,0.3005,HIGH,61
unknown_other/unknown_other_owner_20260930-173015-980.wav,unknown_other,5,,,,,,,2026-09-30 17:30:15,21,,0.4425,?,62
unknown_other/unknown_other_owner_20260930-173024-165.wav,unknown_other,5,243.75415772291475,0.98,0.0,0.306,0.154,0.0,2026-09-30 17:30:24,21,0.077,0.39549999999999996,?,62
unknown_other/unknown_other_owner_20260930-173029-242.wav,unknown_other,5,,1.48,0.0,0.153,0.808,-1.0,2026-09-30 17:30:29,21,0.808,0.4285,?,62
play/play_owner_20260930-173053-749.wav,play,5,,1.42,0.0,0.178,0.714,-1.0,2026-09-30 17:30:53,21,0.714,0.143,HIGH,63
play/play_owner_20260930-173108-517.wav,play,5,329.15341375941045,3.36,0.0,0.106,0.286,0.0,2026-09-30 17:31:08,21,0.143,0.143,HIGH,63
play/play_owner_20260930-173122-802.wav,play,5,234.09489832078265,1.98,1.0,0.276,0.191,0.0,2026-09-30 17:31:22,21,0.0955,0.143,HIGH,63
party/party_owner_20260930-173146-748.wav,party,5,334.9069140864731,1.58,0.0,0.078,0.019,0.0,2026-09-30 17:31:46,21,0.0095,0.143,HIGH,63
party/party_owner_20260930-173151-912.wav,party,5,129.1242671020315,1.48,0.0,0.147,0.913,1.0,2026-09-30 17:31:51,21,0.9565,0.0955,HIGH,63
party/party_owner_20260930-173204-769.wav,party,5,121.17511854086,1.86,0.0,0.111,0.907,1.0,2026-09-30 17:32:04,21,0.9535,0.0515,HIGH,63
party/party_owner_20260930-173211-147.wav,party,5,242.35023708172005,1.46,0.0,0.147,0.103,0.0,2026-09-30 17:32:11,21,0.0515,0.9470000000000001,LOW,64
party/party_owner_20260930-173216-904.wav,party,5,226.12076670401177,1.52,0.0,0.168,0.033,0.0,2026-09-30 17:32:16,21,0.0165,0.49925,?,65
party/party_owner_20260930-173222-281.wav,party,5,119.0934025331198,1.5,0.0,0.128,0.894,1.0,2026-09-30 17:32:22,21,0.9470000000000001,0.0515,HIGH,66
