file,label,session,f0_hz,n_speech_sec,cluster,margin,p_low,p_low_voice,pitch_group,speaker_guess,disagree
play_music/play_music_owner_20260930-122543-079.wav,play_music,0,288.20462626017775,3.46,0.0,0.216,0.1322426795959472,0.138,0,high,False
weather/weather_owner_20260930-122549-366.wav,weather,0,71.84366450240935,1.52,0.0,0.175,0.0984079837799072,0.09,-1,high,False
time/time_owner_20260930-122555-350.wav,time,0,242.35023708172005,1.22,0.0,0.222,0.1151384487748146,0.188,0,high,False
lights_on/lights_on_owner_20260930-122626-084.wav,lights_on,0,227.430670979746,1.26,0.0,0.207,0.0734870061278343,0.092,0,high,False
lights_off/lights_off_owner_20260930-122631-151.wav,lights_off,0,,1.24,0.0,0.28,,0.046,-1,high,False
dim_lights_20/dim_lights_20_owner_20260930-122641-599.wav,dim_lights_20,0,237.50087754152256,2.84,0.0,0.157,0.0715568140149116,0.09,0,high,False
weather/weather_owner_20260930-122820-733.wav,weather,0,220.95616125481965,1.1,0.0,0.256,0.0610908828675746,0.065,0,high,False
time/time_owner_20260930-122825-297.wav,time,0,245.16621119364785,1.3,0.0,0.181,0.0992368161678314,0.121,0,high,False
lights_on/lights_on_owner_20260930-122829-553.wav,lights_on,0,242.3542800756636,0.96,0.0,0.289,0.0398410372436046,0.124,0,high,False
lights_off/lights_off_owner_20260930-122833-404.wav,lights_off,0,224.17097755080368,1.02,0.0,0.313,0.0581956952810287,0.157,0,high,False
dim_lights_20/dim_lights_20_owner_20260930-122839-188.wav,dim_lights_20,0,240.95440242841244,1.96,0.0,0.179,0.1100177392363548,0.167,0,high,False
dim_lights_50/dim_lights_50_owner_20260930-122844-966.wav,dim_lights_50,0,256.76113209730795,2.38,0.0,0.216,0.0643780753016471,0.086,0,high,False
set_timer_1/set_timer_1_owner_20260930-123012-075.wav,set_timer_1,0,209.7629907627354,2.44,0.0,0.12,0.0337622091174125,0.061,0,high,False
set_timer_5/set_timer_5_owner_20260930-123017-247.wav,set_timer_5,0,79.945763751754,2.94,0.0,0.167,0.0754125863313674,0.038,-1,high,False
set_timer_10/set_timer_10_owner_20260930-123022-307.wav,set_timer_10,0,214.6659682537441,2.38,0.0,0.165,0.0484910197556018,0.071,0,high,False
set_alarm_7am/set_alarm_7am_owner_20260930-123043-004.wav,set_alarm_7am,0,222.23614727554795,2.64,0.0,0.204,0.0225578490644693,0.032,0,high,False
set_alarm_9pm/set_alarm_9pm_owner_20260930-123048-785.wav,set_alarm_9pm,0,227.430670979746,2.22,0.0,0.175,0.033275306224823,0.065,0,high,False
set_temperature_18/set_temperature_18_owner_20260930-123056-085.wav,set_temperature_18,0,70.40550587474974,2.82,0.0,0.199,0.0308251157402992,0.022,-1,high,False
set_temperature_22/set_temperature_22_owner_20260930-123101-865.wav,set_temperature_22,0,215.9095155571117,2.98,0.0,0.218,0.0376977585256099,0.067,0,high,False
set_temperature_26/set_temperature_26_owner_20260930-123107-138.wav,set_temperature_26,0,256.76113209730795,3.14,0.0,0.167,0.0497287474572658,0.063,0,high,False
pause/pause_owner_20260930-123112-816.wav,pause,0,73.10190859286746,1.2,0.0,0.25,0.0580809935927391,0.102,-1,high,False
stop/stop_owner_20260930-123118-190.wav,stop,0,222.23614727554795,0.42,0.0,0.308,0.0607150979340076,0.202,0,unsure,False
next/next_owner_20260930-123134-320.wav,next,0,272.0289435230096,0.56,0.0,0.318,0.1158740222454071,0.29,0,unsure,False
skip/skip_owner_20260930-123142-032.wav,skip,0,72.88835067743645,1.36,0.0,0.238,0.0417626984417438,0.04,-1,high,False
volume_up/volume_up_owner_20260930-123149-035.wav,volume_up,0,122.93816395014235,1.0,0.0,0.237,0.1174112558364868,0.223,1,unsure,True
louder/louder_owner_20260930-123152-889.wav,louder,0,249.451641079295,1.56,0.0,0.147,0.029950076714158,0.034,0,high,False
volume_down/volume_down_owner_20260930-123156-632.wav,volume_down,0,227.430670979746,1.82,0.0,0.207,0.0167165026068687,0.024,0,high,False
remind_trash/remind_trash_owner_20260930-123201-818.wav,remind_trash,0,239.5666071911286,1.68,0.0,0.161,0.052389059215784,0.092,0,high,False
remind_study/remind_study_owner_20260930-123207-197.wav,remind_study,0,352.78377916756665,1.84,0.0,0.157,0.0435204356908798,0.045,-1,high,False
list_reminders/list_reminders_owner_20260930-123211-765.wav,list_reminders,0,272.0289435230096,1.3,0.0,0.202,0.0606729127466678,0.102,0,high,False
call_jane/call_jane_owner_20260930-123215-718.wav,call_jane,0,255.2822967963007,0.86,0.0,0.315,0.0733106881380081,0.159,0,high,False
text_jane/text_jane_owner_20260930-123220-791.wav,text_jane,0,70.0,1.48,0.0,0.236,0.0360142327845096,0.027,-1,high,False
unknown_silent/unknown_silent_owner_20260930-123226-882.wav,unknown_silent,0,71.63617243977424,1.6,0.0,0.219,0.4693813025951385,0.18,-1,high,False
unknown_other/unknown_other_owner_20260930-123234-186.wav,unknown_other,0,214.6659682537441,0.94,0.0,0.303,0.0953810960054397,0.198,0,high,False
play_music/play_music_owner_20260930-123314-277.wav,play_music,0,,2.44,0.0,0.197,,0.389,-1,unsure,False
weather/weather_owner_20260930-123323-401.wav,weather,0,,1.16,0.0,0.288,,0.294,-1,unsure,False
time/time_owner_20260930-123328-575.wav,time,0,240.95440242841244,1.22,0.0,0.192,0.5424062013626099,0.457,0,unsure,False
lights_on/lights_on_owner_20260930-123333-750.wav,lights_on,0,,0.68,0.0,0.281,,0.509,-1,unsure,False
lights_off/lights_off_owner_20260930-123337-609.wav,lights_off,0,289.87417867558565,1.12,0.0,0.293,0.1592808812856674,0.212,0,unsure,False
dim_lights_50/dim_lights_50_owner_20260930-123347-345.wav,dim_lights_50,0,,0.62,0.0,0.254,,0.503,-1,unsure,False
set_timer_1/set_timer_1_owner_20260930-123357-994.wav,set_timer_1,0,,0.46,0.0,0.269,,0.533,-1,unsure,False
set_timer_10/set_timer_10_owner_20260930-123407-733.wav,set_timer_10,0,,2.3,0.0,0.219,,0.161,-1,high,False
set_alarm_6am/set_alarm_6am_owner_20260930-123415-342.wav,set_alarm_6am,0,,1.0,0.0,0.237,,0.553,-1,unsure,False
set_alarm_7am/set_alarm_7am_owner_20260930-123420-108.wav,set_alarm_7am,0,256.76113209730795,1.52,0.0,0.195,0.4038813710212707,0.281,0,unsure,False
set_temperature_18/set_temperature_18_owner_20260930-123435-109.wav,set_temperature_18,0,268.9044246142812,2.52,0.0,0.1,0.0990515202283859,0.166,0,high,False
skip/skip_owner_20260930-123509-510.wav,skip,0,,0.48,0.0,0.29,,0.344,-1,unsure,False
volume_down/volume_down_owner_20260930-123528-075.wav,volume_down,0,128.38056604865398,0.88,0.0,0.229,0.4757772088050842,0.65,1,unsure,False
remind_trash/remind_trash_owner_20260930-123538-317.wav,remind_trash,0,259.04839325537256,1.78,0.0,0.128,0.1199359744787216,0.169,0,high,False
text_jane/text_jane_owner_20260930-123558-098.wav,text_jane,0,,0.6,0.0,0.274,,0.419,-1,unsure,False
unknown_silent/unknown_silent_owner_20260930-123602-866.wav,unknown_silent,0,327.2576295971488,0.72,0.0,0.245,0.0519998483359813,0.177,0,high,False
unknown_other/unknown_other_owner_20260930-123616-048.wav,unknown_other,0,245.16621119364785,1.6,0.0,0.183,0.0475059226155281,0.07,0,high,False
play_music/play_music_owner_20260930-123830-742.wav,play_music,0,325.3727643481951,1.74,0.0,0.1,0.075255274772644,0.098,0,high,False
weather/weather_owner_20260930-123835-296.wav,weather,0,217.16026665672285,1.24,0.0,0.175,0.1075606718659401,0.1,0,high,False
time/time_owner_20260930-123839-465.wav,time,0,244.4601844582813,1.32,0.0,0.203,0.0818136110901832,0.119,0,high,False
lights_on/lights_on_owner_20260930-123843-420.wav,lights_on,0,250.8966997353467,1.16,0.0,0.269,0.1423815786838531,0.19,0,high,False
lights_off/lights_off_owner_20260930-123848-290.wav,lights_off,0,224.8184069217454,1.4,0.0,0.153,0.1355729699134826,0.098,0,high,False
dim_lights_20/dim_lights_20_owner_20260930-123852-657.wav,dim_lights_20,0,226.12076670401177,2.4,0.0,0.197,0.0974264070391655,0.078,0,high,False
dim_lights_50/dim_lights_50_owner_20260930-123857-723.wav,dim_lights_50,0,235.45099627104003,2.58,0.0,0.196,0.1099051460623741,0.115,0,high,False
dim_lights_80/dim_lights_80_owner_20260930-123901-781.wav,dim_lights_80,0,245.16621119364785,2.38,0.0,0.169,0.096941240131855,0.119,0,high,False
set_timer_1/set_timer_1_owner_20260930-123906-241.wav,set_timer_1,0,226.12076670401177,1.96,0.0,0.132,0.1648672521114349,0.221,0,unsure,False
set_timer_5/set_timer_5_owner_20260930-123910-804.wav,set_timer_5,0,218.41826328374452,2.0,0.0,0.15,0.0686391144990921,0.111,0,high,False
set_timer_10/set_timer_10_owner_20260930-123915-368.wav,set_timer_10,0,204.97199743238755,2.44,0.0,0.129,0.0366437174379825,0.065,0,high,False
set_alarm_6am/set_alarm_6am_owner_20260930-123919-730.wav,set_alarm_6am,0,232.750493701981,1.98,0.0,0.12,0.1093878075480461,0.14,0,high,False
set_alarm_7am/set_alarm_7am_owner_20260930-123923-887.wav,set_alarm_7am,0,240.26852107397983,1.94,0.0,0.121,0.0688345283269882,0.091,0,high,False
set_alarm_9pm/set_alarm_9pm_owner_20260930-123928-236.wav,set_alarm_9pm,0,,1.94,0.0,0.124,,0.08,-1,high,False
set_temperature_18/set_temperature_18_owner_20260930-123932-405.wav,set_temperature_18,0,240.95440242841244,2.4,0.0,0.148,0.0975507199764251,0.107,0,high,False
set_temperature_22/set_temperature_22_owner_20260930-123937-276.wav,set_temperature_22,0,239.5666071911286,2.56,0.0,0.179,0.067569188773632,0.112,0,high,False
pause/pause_owner_20260930-123946-812.wav,pause,0,,1.12,0.0,0.272,,0.231,-1,unsure,False
stop/stop_owner_20260930-123951-373.wav,stop,0,,0.7,0.0,0.29,,0.364,-1,unsure,False
next/next_owner_20260930-123956-037.wav,next,0,,1.24,0.0,0.282,,0.057,-1,high,False
skip/skip_owner_20260930-124000-706.wav,skip,0,,1.28,0.0,0.297,,0.051,-1,high,False
volume_up/volume_up_owner_20260930-124004-150.wav,volume_up,0,230.07328808402127,1.76,0.0,0.219,0.0445179380476474,0.054,0,high,False
louder/louder_owner_20260930-124007-597.wav,louder,0,197.9898987322333,1.12,0.0,0.278,0.0999298468232154,0.144,0,high,False
volume_down/volume_down_owner_20260930-124011-349.wav,volume_down,0,219.6835474110902,1.66,0.0,0.182,0.0943985506892204,0.14,0,high,False
remind_trash/remind_trash_owner_20260930-124015-510.wav,remind_trash,0,237.50087754152256,1.42,0.0,0.163,0.1302359700202942,0.223,0,unsure,False
remind_study/remind_study_owner_20260930-124020-281.wav,remind_study,0,236.8149500168056,1.7,0.0,0.135,0.0503593571484088,0.077,0,high,False
list_reminders/list_reminders_owner_20260930-124024-030.wav,list_reminders,0,220.95616125481965,1.82,0.0,0.187,0.0889734253287315,0.094,0,high,False
call_jane/call_jane_owner_20260930-124028-289.wav,call_jane,0,213.42958325580668,0.86,0.0,0.292,0.1294404417276382,0.178,0,high,False
text_jane/text_jane_owner_20260930-124032-957.wav,text_jane,0,210.370563084588,1.02,0.0,0.286,0.2477270364761352,0.271,0,unsure,False
unknown_other/unknown_other_owner_20260930-124051-921.wav,unknown_other,0,78.11979998411563,1.74,0.0,0.161,0.3745101392269134,0.128,-1,high,False
play_music/play_music_owner_20260930-124135-230.wav,play_music,0,255.2822967963007,1.7,0.0,0.242,0.0374063029885292,0.054,0,high,False
weather/weather_owner_20260930-124152-672.wav,weather,0,211.5892273589482,1.2,0.0,0.248,0.1102396547794342,0.134,0,high,False
time/time_owner_20260930-124156-727.wav,time,0,212.20031931145576,1.76,0.0,0.209,0.0476638749241828,0.077,0,high,False
lights_on/lights_on_owner_20260930-124200-580.wav,lights_on,0,240.95440242841244,1.76,0.0,0.172,0.0856450647115707,0.096,0,high,False
lights_off/lights_off_owner_20260930-124204-434.wav,lights_off,0,253.8119789598709,1.32,0.0,0.249,0.1016044169664383,0.161,0,high,False
dim_lights_20/dim_lights_20_owner_20260930-124209-098.wav,dim_lights_20,0,252.35012953103248,2.32,0.0,0.177,0.0645767822861671,0.092,0,high,False
dim_lights_50/dim_lights_50_owner_20260930-124213-865.wav,dim_lights_50,0,244.4601844582813,1.92,0.0,0.193,0.1124326810240745,0.137,0,high,False
dim_lights_80/dim_lights_80_owner_20260930-124218-836.wav,dim_lights_80,0,239.5666071911286,1.76,0.0,0.191,0.065834455192089,0.089,0,high,False
set_timer_1/set_timer_1_owner_20260930-124223-707.wav,set_timer_1,0,223.523548179862,2.0,0.0,0.17,0.107204183936119,0.169,0,high,False
set_timer_5/set_timer_5_owner_20260930-124228-267.wav,set_timer_5,0,226.12076670401177,2.06,0.0,0.188,0.2184220254421234,0.196,0,high,False
set_timer_10/set_timer_10_owner_20260930-124232-836.wav,set_timer_10,0,209.7629907627354,1.98,0.0,0.186,0.2484363615512848,0.141,0,high,False
set_alarm_6am/set_alarm_6am_owner_20260930-124238-513.wav,set_alarm_6am,0,236.8149500168056,2.48,0.0,0.155,0.1617545336484909,0.128,0,high,False
set_alarm_7am/set_alarm_7am_owner_20260930-124242-768.wav,set_alarm_7am,0,238.1868050662396,2.12,0.0,0.153,0.0930691957473754,0.073,0,high,False
set_alarm_9pm/set_alarm_9pm_owner_20260930-124247-235.wav,set_alarm_9pm,0,226.12076670401177,1.86,0.0,0.161,0.0957876220345497,0.084,0,high,False
set_temperature_18/set_temperature_18_owner_20260930-124251-999.wav,set_temperature_18,0,84.70523827647207,2.5,0.0,0.202,0.0358286872506141,0.044,-1,high,False
set_temperature_22/set_temperature_22_owner_20260930-124256-972.wav,set_temperature_22,0,224.17845698977987,2.86,0.0,0.196,0.1056535765528678,0.075,0,high,False
set_temperature_26/set_temperature_26_owner_20260930-124301-638.wav,set_temperature_26,0,227.430670979746,2.94,0.0,0.213,0.1502125412225723,0.079,0,high,False
pause/pause_owner_20260930-124306-710.wav,pause,0,70.0,1.0,0.0,0.328,0.101067915558815,0.07,-1,high,False
stop/stop_owner_20260930-124311-171.wav,stop,0,226.12076670401177,1.3,0.0,0.259,0.1441061049699783,0.033,0,high,False
next/next_owner_20260930-124315-938.wav,next,0,231.4060890831793,1.34,0.0,0.27,0.1482107043266296,0.053,0,high,False
skip/skip_owner_20260930-124320-807.wav,skip,0,237.50087754152256,1.18,0.0,0.31,0.1562776714563369,0.024,0,high,False
volume_up/volume_up_owner_20260930-124324-965.wav,volume_up,0,258.248534204063,1.82,0.0,0.175,0.0370837599039077,0.021,0,high,False
louder/louder_owner_20260930-124329-427.wav,louder,0,206.1593881340736,1.96,0.0,0.225,0.4518728852272033,0.066,0,high,False
volume_down/volume_down_owner_20260930-124333-685.wav,volume_down,0,220.95616125481965,2.02,0.0,0.191,0.1114888116717338,0.054,0,high,False
remind_trash/remind_trash_owner_20260930-124338-352.wav,remind_trash,0,240.95440242841244,1.48,0.0,0.172,0.1842822283506393,0.175,0,high,False
remind_study/remind_study_owner_20260930-124342-918.wav,remind_study,0,224.8184069217454,1.7,0.0,0.16,0.0867109894752502,0.062,0,high,False
list_reminders/list_reminders_owner_20260930-124347-076.wav,list_reminders,0,220.95616125481965,1.9,0.0,0.174,0.0861924588680267,0.037,0,high,False
call_jane/call_jane_owner_20260930-124350-723.wav,call_jane,0,72.05115656504445,1.58,0.0,0.224,0.0449952632188797,0.035,-1,high,False
text_jane/text_jane_owner_20260930-124355-492.wav,text_jane,0,,1.04,0.0,0.317,,0.236,-1,unsure,False
unknown_other/unknown_other_owner_20260930-124406-140.wav,unknown_other,0,226.12076670401177,2.72,0.0,0.145,0.1166819408535957,0.087,0,high,False
play_music/play_music_owner_20260930-124414-253.wav,play_music,0,268.9044246142812,1.66,0.0,0.229,0.19517283141613,0.061,0,high,False
weather/weather_owner_20260930-124418-614.wav,weather,0,264.2848075508742,1.48,0.0,0.209,0.2486087381839752,0.133,0,high,False
time/time_owner_20260930-124425-610.wav,time,0,238.1868050662396,1.02,0.0,0.278,0.3231428563594818,0.112,0,high,False
lights_on/lights_on_owner_20260930-124429-871.wav,lights_on,0,239.5666071911286,1.08,0.0,0.267,0.3909721970558166,0.158,0,high,False
lights_off/lights_off_owner_20260930-124433-624.wav,lights_off,0,70.0,1.14,0.0,0.269,0.0618976354598999,0.061,-1,high,False
dim_lights_20/dim_lights_20_owner_20260930-124438-390.wav,dim_lights_20,0,239.5666071911286,2.34,0.0,0.234,0.3661218285560608,0.177,0,high,False
dim_lights_50/dim_lights_50_owner_20260930-124443-258.wav,dim_lights_50,0,235.45099627104003,1.8,0.0,0.227,0.2586036622524261,0.084,0,high,False
dim_lights_80/dim_lights_80_owner_20260930-124447-823.wav,dim_lights_80,0,235.45099627104003,1.74,0.0,0.192,0.2363017797470092,0.109,0,high,False
set_timer_1/set_timer_1_owner_20260930-124452-488.wav,set_timer_1,0,217.16026665672285,2.02,0.0,0.175,0.1767137944698333,0.071,0,high,False
set_timer_5/set_timer_5_owner_20260930-124456-950.wav,set_timer_5,0,218.41826328374452,1.88,0.0,0.165,0.2726679146289825,0.165,0,high,False
set_timer_10/set_timer_10_owner_20260930-124501-717.wav,set_timer_10,0,228.748163453754,1.92,0.0,0.167,0.2684957683086395,0.173,0,high,False
set_alarm_6am/set_alarm_6am_owner_20260930-124506-585.wav,set_alarm_6am,0,222.23614727554795,2.24,0.0,0.178,0.1462157219648361,0.079,0,high,False
set_alarm_7am/set_alarm_7am_owner_20260930-124511-251.wav,set_alarm_7am,0,218.41826328374452,1.8,0.0,0.158,0.2141954451799392,0.157,0,high,False
set_alarm_9pm/set_alarm_9pm_owner_20260930-124515-912.wav,set_alarm_9pm,0,230.7396885836003,1.65,0.0,0.17,0.1638225466012954,0.085,0,high,False
set_temperature_18/set_temperature_18_owner_20260930-124521-289.wav,set_temperature_18,0,220.95616125481965,2.98,0.0,0.212,0.1828565597534179,0.102,0,high,False
set_temperature_22/set_temperature_22_owner_20260930-124528-493.wav,set_temperature_22,0,209.7629907627354,2.88,0.0,0.193,0.2795431613922119,0.12,0,high,False
set_temperature_26/set_temperature_26_owner_20260930-124533-665.wav,set_temperature_26,0,214.0692010315817,2.96,0.0,0.205,0.2163462042808532,0.106,0,high,False
pause/pause_owner_20260930-124538-936.wav,pause,0,73.10190859286746,1.3,0.0,0.279,0.1135655343532562,0.076,-1,high,False
stop/stop_owner_20260930-124543-601.wav,stop,0,,0.88,0.0,0.339,,0.383,-1,unsure,False
next/next_owner_20260930-124548-366.wav,next,0,71.63617243977424,1.14,0.0,0.308,0.0977431684732437,0.205,-1,unsure,False
skip/skip_owner_20260930-124553-437.wav,skip,0,70.0,1.36,0.0,0.281,0.2425213307142257,0.112,-1,high,False
volume_up/volume_up_owner_20260930-124557-194.wav,volume_up,0,220.95616125481965,1.7,0.0,0.242,0.3010397553443908,0.086,0,high,False
louder/louder_owner_20260930-124600-944.wav,louder,0,71.84366450240935,1.64,0.0,0.215,0.0844176113605499,0.078,-1,high,False
volume_down/volume_down_owner_20260930-124604-797.wav,volume_down,0,207.35365732011897,1.88,0.0,0.199,0.2021474838256836,0.056,0,high,False
remind_trash/remind_trash_owner_20260930-124609-056.wav,remind_trash,0,223.523548179862,1.56,0.0,0.183,0.3015311956405639,0.142,0,high,False
remind_study/remind_study_owner_20260930-124613-621.wav,remind_study,0,212.8149512836312,1.78,0.0,0.153,0.185578852891922,0.165,0,high,False
list_reminders/list_reminders_owner_20260930-124617-679.wav,list_reminders,0,218.41826328374452,1.14,0.0,0.254,0.2623177766799927,0.182,0,high,False
call_jane/call_jane_owner_20260930-124621-227.wav,call_jane,0,207.35365732011897,0.86,0.0,0.316,0.5203285813331604,0.293,0,unsure,False
text_jane/text_jane_owner_20260930-124626-097.wav,text_jane,0,71.22357844718805,1.7,0.0,0.228,0.1810000389814376,0.127,-1,high,False
unknown_silent/unknown_silent_owner_20260930-124701-793.wav,unknown_silent,0,71.63617243977424,2.94,0.0,0.251,0.5465646982192993,0.108,-1,high,False
unknown_other/unknown_other_owner_20260930-124708-994.wav,unknown_other,0,218.41826328374452,1.12,0.0,0.297,0.387156069278717,0.311,0,unsure,False
play_music/play_music_owner_20260930-124724-610.wav,play_music,0,142.0369392683226,1.7,0.0,0.177,0.7526294589042664,0.798,1,unsure,False
weather/weather_owner_20260930-124728-565.wav,weather,0,80.8746887810591,1.16,0.0,0.297,0.7111015915870667,0.845,-1,low,False
time/time_owner_20260930-124732-320.wav,time,0,132.9078969330727,1.14,0.0,0.223,0.8311519622802734,0.903,1,low,False
lights_on/lights_on_owner_20260930-124736-273.wav,lights_on,0,107.33298412687203,1.86,0.0,0.156,0.7755892872810364,0.819,1,low,False
lights_off/lights_off_owner_20260930-124740-228.wav,lights_off,0,122.58310559682393,1.96,0.0,0.163,0.8617968559265137,0.882,1,low,False
dim_lights_20/dim_lights_20_owner_20260930-124744-792.wav,dim_lights_20,0,128.76530414754424,2.72,0.0,0.177,0.8442872762680054,0.9,1,low,False
dim_lights_50/dim_lights_50_owner_20260930-124749-155.wav,dim_lights_50,0,126.17506476551624,2.54,0.0,0.176,0.8152338266372681,0.87,1,low,False
dim_lights_80/dim_lights_80_owner_20260930-124753-823.wav,dim_lights_80,0,130.62461881515304,2.74,0.0,0.159,0.8191566467285156,0.906,1,low,False
set_timer_1/set_timer_1_owner_20260930-124758-687.wav,set_timer_1,0,127.64114839815036,2.78,0.0,0.142,0.7228767275810242,0.796,1,unsure,False
set_timer_5/set_timer_5_owner_20260930-124803-455.wav,set_timer_5,0,128.01085722340216,2.76,0.0,0.168,0.8125715255737305,0.87,1,low,False
set_timer_10/set_timer_10_owner_20260930-124807-914.wav,set_timer_10,0,129.1242671020315,2.62,0.0,0.149,0.7331956028938293,0.87,1,low,False
set_alarm_6am/set_alarm_6am_owner_20260930-124812-684.wav,set_alarm_6am,0,124.00745267433048,3.06,0.0,0.16,0.7571582794189453,0.841,1,low,False
set_alarm_7am/set_alarm_7am_owner_20260930-124817-448.wav,set_alarm_7am,0,126.17506476551624,2.76,0.0,0.157,0.7827990651130676,0.893,1,low,False
set_alarm_9pm/set_alarm_9pm_owner_20260930-124822-317.wav,set_alarm_9pm,0,116.37330545999028,2.96,0.0,0.144,0.8775849342346191,0.942,1,low,False
set_temperature_18/set_temperature_18_owner_20260930-124827-084.wav,set_temperature_18,0,127.64327776429472,2.72,0.0,0.155,0.7835753560066223,0.91,1,low,False
set_temperature_22/set_temperature_22_owner_20260930-124832-364.wav,set_temperature_22,0,130.62461881515304,3.02,0.0,0.19,0.8182337284088135,0.927,1,low,False
set_temperature_26/set_temperature_26_owner_20260930-124837-533.wav,set_temperature_26,0,129.87227637178333,3.12,0.0,0.217,0.818518340587616,0.921,1,low,False
pause/pause_owner_20260930-124841-284.wav,pause,0,128.38056604865398,1.36,0.0,0.148,0.8094722032546997,0.885,1,low,False
stop/stop_owner_20260930-124844-940.wav,stop,0,327.2576295971488,0.68,0.0,0.287,0.484891265630722,0.705,0,unsure,True
next/next_owner_20260930-124848-592.wav,next,0,71.22357844718805,1.9,0.0,0.111,0.7198326587677002,0.852,-1,low,False
skip/skip_owner_20260930-124853-261.wav,skip,0,75.24144759527019,1.36,0.0,0.163,0.7727310657501221,0.809,-1,low,False
volume_up/volume_up_owner_20260930-124857-420.wav,volume_up,0,138.39196284940547,1.82,0.0,0.162,0.8515904545783997,0.862,1,low,False
louder/louder_owner_20260930-124901-073.wav,louder,0,126.90598947993546,1.24,0.0,0.211,0.8189958930015564,0.909,1,low,False
volume_down/volume_down_owner_20260930-124904-927.wav,volume_down,0,128.38056604865398,1.86,0.0,0.193,0.8147218227386475,0.889,1,low,False
remind_trash/remind_trash_owner_20260930-124910-203.wav,remind_trash,0,130.62461881515304,2.12,0.0,0.195,0.746238112449646,0.851,1,low,False
remind_study/remind_study_owner_20260930-124915-582.wav,remind_study,0,129.4982717369074,2.58,0.0,0.158,0.8472107648849487,0.916,1,low,False
list_reminders/list_reminders_owner_20260930-124920-047.wav,list_reminders,0,144.93708933779286,1.42,0.0,0.205,0.7501994967460632,0.899,1,low,False
call_jane/call_jane_owner_20260930-124923-898.wav,call_jane,0,112.08548877540184,1.8,0.0,0.138,0.688340961933136,0.71,1,unsure,False
text_jane/text_jane_owner_20260930-124927-957.wav,text_jane,0,125.44834986767334,1.92,0.0,0.2,0.7617086172103882,0.76,1,unsure,False
unknown_silent/unknown_silent_owner_20260930-124932-627.wav,unknown_silent,0,125.44834986767334,0.44,0.0,0.265,0.6574298739433289,0.873,1,low,False
unknown_other/unknown_other_owner_20260930-124936-988.wav,unknown_other,0,131.00296917455654,2.04,0.0,0.159,0.7587282657623291,0.83,1,low,False
play_music/play_music_owner_20260930-124941-148.wav,play_music,0,135.23108604947836,1.68,0.0,0.193,0.7401031851768494,0.763,1,unsure,False
weather/weather_owner_20260930-124945-511.wav,weather,0,128.38056604865398,1.0,0.0,0.278,0.7028632164001465,0.822,1,low,False
time/time_owner_20260930-125346-449.wav,time,0,,1.24,0.0,0.263,,0.501,-1,unsure,False
lights_on/lights_on_owner_20260930-125355-475.wav,lights_on,0,72.05115656504445,1.36,0.0,0.267,0.7474722266197205,0.306,-1,unsure,False
lights_off/lights_off_owner_20260930-125421-032.wav,lights_off,0,71.22357844718805,1.52,0.0,0.172,0.6411890983581543,0.143,-1,high,False
set_timer_1/set_timer_1_owner_20260930-125546-946.wav,set_timer_1,0,70.40550587474974,2.86,0.0,0.204,0.8269143104553223,0.33,-1,unsure,False
set_timer_5/set_timer_5_owner_20260930-125552-424.wav,set_timer_5,0,70.40550587474974,2.8,0.0,0.199,0.6163194179534912,0.374,-1,unsure,False
set_timer_10/set_timer_10_owner_20260930-125600-333.wav,set_timer_10,0,71.22357844718805,2.8,0.0,0.166,0.4957519471645355,0.279,-1,unsure,False
set_alarm_6am/set_alarm_6am_owner_20260930-125605-396.wav,set_alarm_6am,0,70.40550587474974,2.22,0.0,0.247,0.5697361826896667,0.253,-1,unsure,False
set_alarm_7am/set_alarm_7am_owner_20260930-125613-214.wav,set_alarm_7am,0,70.40550587474974,1.74,0.0,0.14,0.4809812307357788,0.295,-1,unsure,False
set_alarm_9pm/set_alarm_9pm_owner_20260930-125618-085.wav,set_alarm_9pm,0,70.20275293737487,1.94,0.0,0.183,0.5670984983444214,0.304,-1,unsure,False
set_temperature_18/set_temperature_18_owner_20260930-125625-999.wav,set_temperature_18,0,70.40550587474974,1.94,0.0,0.183,0.6492154598236084,0.446,-1,unsure,False
set_temperature_22/set_temperature_22_owner_20260930-125631-373.wav,set_temperature_22,0,70.81336082113458,3.06,0.0,0.228,0.5895073413848877,0.322,-1,unsure,False
set_temperature_26/set_temperature_26_owner_20260930-125636-950.wav,set_temperature_26,0,70.40550587474974,3.22,0.0,0.203,0.6193222403526306,0.332,-1,unsure,False
pause/pause_owner_20260930-125642-428.wav,pause,0,70.0,2.28,0.0,0.123,0.4449267387390136,0.176,-1,high,False
stop/stop_owner_20260930-125647-396.wav,stop,0,70.40550587474974,1.66,0.0,0.184,0.5472946763038635,0.166,-1,high,False
next/next_owner_20260930-125652-166.wav,next,0,70.81336082113458,1.54,0.0,0.225,0.5263302326202393,0.198,-1,high,False
skip/skip_owner_20260930-125659-973.wav,skip,0,71.84606155804224,0.8,0.0,0.277,0.1211247071623802,0.386,-1,unsure,False
volume_up/volume_up_owner_20260930-125704-841.wav,volume_up,0,70.0,1.28,0.0,0.257,0.3977810740470886,0.38,-1,unsure,False
louder/louder_owner_20260930-125709-913.wav,louder,0,70.0,1.74,0.0,0.234,0.643366813659668,0.272,-1,unsure,False
volume_down/volume_down_owner_20260930-125714-882.wav,volume_down,0,70.81336082113458,0.98,0.0,0.286,0.2722142934799194,0.513,-1,unsure,False
remind_trash/remind_trash_owner_20260930-125719-753.wav,remind_trash,0,70.0,2.8,0.0,0.212,0.6985865235328674,0.382,-1,unsure,False
list_reminders/list_reminders_owner_20260930-125730-300.wav,list_reminders,0,70.81336082113458,1.58,0.0,0.202,0.5627603530883789,0.328,-1,unsure,False
call_jane/call_jane_owner_20260930-125735-372.wav,call_jane,0,70.0,1.74,0.0,0.181,0.5146783590316772,0.197,-1,high,False
text_jane/text_jane_owner_20260930-125740-345.wav,text_jane,0,75.45875281299986,1.72,0.0,0.14,0.3349114656448364,0.189,-1,high,False
unknown_other/unknown_other_owner_20260930-125750-380.wav,unknown_other,0,70.81336082113458,2.02,0.0,0.217,0.4115884602069855,0.119,-1,high,False
play_music/play_music_owner_20260930-125954-729.wav,play_music,0,125.81170731659478,1.1,0.0,0.32,0.1013422608375549,0.292,1,unsure,True
weather/weather_owner_20260930-125959-499.wav,weather,0,194.5885507779272,1.16,0.0,0.281,0.2340266555547714,0.412,0,unsure,False
time/time_owner_20260930-130004-264.wav,time,0,129.4982717369074,1.3,0.0,0.255,0.08433298766613,0.095,1,high,True
lights_on/lights_on_owner_20260930-130008-727.wav,lights_on,0,210.97813540644063,1.22,0.0,0.264,0.2213568389415741,0.512,0,unsure,True
lights_off/lights_off_owner_20260930-130012-882.wav,lights_off,0,190.14414213582492,1.22,0.0,0.277,0.2433765083551406,0.517,0,unsure,True
dim_lights_20/dim_lights_20_owner_20260930-130017-547.wav,dim_lights_20,0,215.9095155571117,2.06,0.0,0.269,0.3647725284099579,0.351,0,unsure,False
dim_lights_50/dim_lights_50_owner_20260930-130022-315.wav,dim_lights_50,0,216.53489110691729,2.0,0.0,0.238,0.2416572421789169,0.305,0,unsure,False
dim_lights_80/dim_lights_80_owner_20260930-130027-081.wav,dim_lights_80,0,214.6659682537441,1.74,0.0,0.236,0.2066560238599777,0.233,0,unsure,False
set_timer_1/set_timer_1_owner_20260930-130031-848.wav,set_timer_1,0,202.6176932416529,2.06,0.0,0.137,0.2590528726577759,0.193,0,high,False
set_timer_5/set_timer_5_owner_20260930-130036-718.wav,set_timer_5,0,207.35365732011897,2.14,0.0,0.228,0.2385960072278976,0.324,0,unsure,False
set_timer_10/set_timer_10_owner_20260930-130041-787.wav,set_timer_10,0,204.97199743238755,2.14,0.0,0.171,0.0915400460362434,0.223,0,unsure,False
set_alarm_6am/set_alarm_6am_owner_20260930-130047-670.wav,set_alarm_6am,0,209.7629907627354,2.4,0.0,0.152,0.1886409372091293,0.163,0,high,False
set_alarm_7am/set_alarm_7am_owner_20260930-130052-640.wav,set_alarm_7am,0,207.35365732011897,2.16,0.0,0.139,0.0523025952279567,0.048,0,high,False
set_alarm_9pm/set_alarm_9pm_owner_20260930-130058-525.wav,set_alarm_9pm,0,185.80124392739955,1.82,0.0,0.189,0.1557021737098693,0.249,0,unsure,False
set_temperature_18/set_temperature_18_owner_20260930-130103-798.wav,set_temperature_18,0,202.6176932416529,2.88,0.0,0.309,0.1646462082862854,0.251,0,unsure,False
set_temperature_22/set_temperature_22_owner_20260930-130109-374.wav,set_temperature_22,0,207.357116485626,3.1,0.0,0.263,0.1094610840082168,0.122,0,high,False
set_temperature_26/set_temperature_26_owner_20260930-130114-345.wav,set_temperature_26,0,219.05090534741737,3.02,0.0,0.24,0.225991204380989,0.237,0,unsure,False
pause/pause_owner_20260930-130119-618.wav,pause,0,168.4235050514963,1.38,0.0,0.265,,0.427,-1,unsure,False
stop/stop_owner_20260930-130124-387.wav,stop,0,,0.9,0.0,0.312,,0.526,-1,unsure,False
next/next_owner_20260930-130129-253.wav,next,0,,1.5,0.0,0.294,,0.46,-1,unsure,False
skip/skip_owner_20260930-130134-021.wav,skip,0,,1.34,0.0,0.287,,0.412,-1,unsure,False
volume_up/volume_up_owner_20260930-130137-977.wav,volume_up,0,196.84956082712893,0.92,0.0,0.326,0.1575157791376114,0.345,0,unsure,False
louder/louder_owner_20260930-130141-526.wav,louder,0,167.45345704323654,1.7,0.0,0.235,,0.354,-1,unsure,False
remind_trash/remind_trash_owner_20260930-130150-652.wav,remind_trash,0,189.0489924635466,1.6,0.0,0.152,0.1508429497480392,0.157,0,high,False
remind_study/remind_study_owner_20260930-130155-522.wav,remind_study,0,185.26617571780235,1.9,0.0,0.116,0.1352052539587021,0.128,0,high,False
list_reminders/list_reminders_owner_20260930-130200-292.wav,list_reminders,0,226.12076670401177,2.08,0.0,0.237,0.1435585916042328,0.399,0,unsure,False
call_jane/call_jane_owner_20260930-130204-348.wav,call_jane,0,200.29377187456708,1.78,0.0,0.291,0.3192732334136963,0.435,0,unsure,False
text_jane/text_jane_owner_20260930-130208-401.wav,text_jane,0,327.2576295971488,0.86,0.0,0.255,0.1091192215681076,0.399,0,unsure,False
unknown_silent/unknown_silent_owner_20260930-130213-470.wav,unknown_silent,0,119.78330359556432,3.04,0.0,0.264,0.0536393858492374,0.144,1,high,True
unknown_other/unknown_other_owner_20260930-130218-745.wav,unknown_other,0,190.14414213582492,1.8,0.0,0.189,0.2157537192106247,0.196,0,high,False
play_music/play_music_owner_20260930-130256-679.wav,play_music,0,246.5864446069216,1.76,0.0,0.157,0.0373583957552909,0.035,0,high,False
weather/weather_owner_20260930-130303-679.wav,weather,0,230.07328808402127,3.12,0.0,0.136,0.039177305996418,0.029,0,high,False
time/time_owner_20260930-130313-214.wav,time,0,247.30067497779123,1.24,0.0,0.163,0.0558207780122756,0.081,0,high,False
lights_on/lights_on_owner_20260930-130318-185.wav,lights_on,0,,0.9,0.0,0.249,,0.225,-1,unsure,False
lights_off/lights_off_owner_20260930-130329-643.wav,lights_off,0,231.4060890831793,4.8,0.0,0.174,0.045232106000185,0.035,0,high,False
dim_lights_20/dim_lights_20_owner_20260930-130337-046.wav,dim_lights_20,0,240.95440242841244,2.54,0.0,0.165,0.0528700016438961,0.038,0,high,False
dim_lights_50/dim_lights_50_owner_20260930-130344-146.wav,dim_lights_50,0,226.12076670401177,4.78,0.0,0.204,0.0877394005656242,0.069,0,high,False
set_timer_1/set_timer_1_owner_20260930-130358-648.wav,set_timer_1,0,238.1868050662396,4.02,0.0,0.111,0.0238289274275302,0.017,0,high,False
set_timer_5/set_timer_5_owner_20260930-130405-141.wav,set_timer_5,0,312.47919993646246,2.78,0.0,0.158,0.022358626127243,0.015,0,high,False
set_timer_10/set_timer_10_owner_20260930-130414-068.wav,set_timer_10,0,224.8334091276469,2.0,0.0,0.079,0.0298867840319871,0.048,0,high,False
set_alarm_6am/set_alarm_6am_owner_20260930-130425-627.wav,set_alarm_6am,0,238.1868050662396,2.5,0.0,0.099,0.0218802019953727,0.019,0,high,False
set_alarm_7am/set_alarm_7am_owner_20260930-130431-205.wav,set_alarm_7am,0,245.16621119364785,2.3,0.0,0.167,0.1233059763908386,0.102,0,high,False
set_alarm_9pm/set_alarm_9pm_owner_20260930-130436-175.wav,set_alarm_9pm,0,219.05090534741737,2.14,0.0,0.158,0.123026005923748,0.077,0,high,False
set_temperature_18/set_temperature_18_owner_20260930-130442-770.wav,set_temperature_18,0,219.6835474110902,2.98,0.0,0.198,0.0410738885402679,0.018,0,high,False
set_temperature_22/set_temperature_22_owner_20260930-130447-027.wav,set_temperature_22,0,213.42958325580668,2.7,0.0,0.264,0.0983140170574188,0.099,0,high,False
set_temperature_26/set_temperature_26_owner_20260930-130452-101.wav,set_temperature_26,0,204.97199743238755,2.88,0.0,0.237,0.0584566630423069,0.044,0,high,False
pause/pause_owner_20260930-130501-943.wav,pause,0,337.8226775421973,4.76,0.0,0.091,0.033718891441822,0.032,0,high,False
stop/stop_owner_20260930-130508-332.wav,stop,0,328.20552167827964,4.12,0.0,0.137,0.116197369992733,0.068,0,high,False
next/next_owner_20260930-130515-123.wav,next,0,225.4695868128786,5.18,0.0,0.149,0.1061204522848129,0.108,0,high,False
skip/skip_owner_20260930-130518-368.wav,skip,0,176.38894698528225,0.4,0.0,0.267,0.0556951761245727,0.145,0,high,False
louder/louder_owner_20260930-130531-352.wav,louder,0,333.9424531436175,5.18,0.0,0.149,0.0620373412966728,0.065,0,high,False
volume_down/volume_down_owner_20260930-130538-351.wav,volume_down,0,219.6835474110902,3.48,0.0,0.166,0.1443865299224853,0.129,0,high,False
remind_trash/remind_trash_owner_20260930-130545-244.wav,remind_trash,0,284.8943137887522,4.6,0.0,0.107,0.0918437018990516,0.072,0,high,False
remind_study/remind_study_owner_20260930-130558-428.wav,remind_study,0,226.12076670401177,1.7,0.0,0.097,0.0661858320236206,0.081,0,high,False
list_reminders/list_reminders_owner_20260930-130608-671.wav,list_reminders,0,228.748163453754,3.78,0.0,0.138,0.0606510229408741,0.056,0,high,False
call_jane/call_jane_owner_20260930-130615-872.wav,call_jane,0,195.71579078506272,5.7,0.0,0.15,0.0615980960428714,0.041,0,high,False
text_jane/text_jane_owner_20260930-130621-448.wav,text_jane,0,217.7892649702337,2.7,0.0,0.13,0.0319395288825035,0.018,0,high,False
unknown_silent/unknown_silent_owner_20260930-130628-338.wav,unknown_silent,0,213.42958325580668,2.8,0.0,0.137,0.1378991305828094,0.065,0,high,False
unknown_other/unknown_other_owner_20260930-130634-932.wav,unknown_other,0,230.07328808402127,1.32,0.0,0.223,0.0469468757510185,0.121,0,high,False
play_music/play_music_owner_20260930-133641-286.wav,play_music,1,243.75415772291475,1.96,0.0,0.196,0.3881088495254516,0.211,0,unsure,False
weather/weather_owner_20260930-133648-778.wav,weather,1,,1.16,0.0,0.32,,0.477,-1,unsure,False
time/time_owner_20260930-133653-940.wav,time,1,,1.78,0.0,0.146,,0.194,-1,high,False
lights_on/lights_on_owner_20260930-133658-698.wav,lights_on,1,327.2576295971488,1.74,0.0,0.061,0.2017407119274139,0.099,0,high,False
lights_off/lights_off_owner_20260930-133703-455.wav,lights_off,1,,2.0,0.0,0.14,,0.3,-1,unsure,False
dim_lights_20/dim_lights_20_owner_20260930-133708-109.wav,dim_lights_20,1,327.2576295971488,2.8,0.0,0.136,0.4570701122283935,0.182,0,high,False
dim_lights_50/dim_lights_50_owner_20260930-133713-171.wav,dim_lights_50,1,76.77774857862381,2.52,0.0,0.13,0.4221751391887665,0.306,-1,unsure,False
dim_lights_80/dim_lights_80_owner_20260930-133718-029.wav,dim_lights_80,1,,1.98,0.0,0.162,,0.282,-1,unsure,False
set_timer_1/set_timer_1_owner_20260930-133723-091.wav,set_timer_1,1,,2.14,0.0,0.181,,0.337,-1,unsure,False
set_timer_5/set_timer_5_owner_20260930-133728-153.wav,set_timer_5,1,117.04744916039132,2.3,0.0,0.181,0.5506030321121216,0.247,1,unsure,True
set_timer_10/set_timer_10_owner_20260930-133733-214.wav,set_timer_10,1,,2.18,0.0,0.212,,0.466,-1,unsure,False
set_alarm_6am/set_alarm_6am_owner_20260930-133738-378.wav,set_alarm_6am,1,74.59203511399389,2.18,0.0,0.171,0.5001475811004639,0.388,-1,unsure,False
set_alarm_7am/set_alarm_7am_owner_20260930-133743-527.wav,set_alarm_7am,1,,2.34,0.0,0.128,,0.429,-1,unsure,False
set_alarm_9pm/set_alarm_9pm_owner_20260930-133748-499.wav,set_alarm_9pm,1,,1.74,0.0,0.125,,0.401,-1,unsure,False
set_temperature_18/set_temperature_18_owner_20260930-133753-463.wav,set_temperature_18,1,,2.92,0.0,0.237,,0.47,-1,unsure,False
set_temperature_22/set_temperature_22_owner_20260930-133758-421.wav,set_temperature_22,1,,3.16,0.0,0.176,,0.38,-1,unsure,False
set_temperature_26/set_temperature_26_owner_20260930-133803-482.wav,set_temperature_26,1,,2.96,0.0,0.234,,0.158,-1,high,False
pause/pause_owner_20260930-133808-553.wav,pause,1,,1.34,0.0,0.238,,0.272,-1,unsure,False
stop/stop_owner_20260930-133813-212.wav,stop,1,,1.2,0.0,0.231,,0.314,-1,unsure,False
next/next_owner_20260930-133817-164.wav,next,1,327.2576295971488,1.28,0.0,0.156,0.2677410542964935,0.194,0,high,False
skip/skip_owner_20260930-133821-926.wav,skip,1,,1.4,0.0,0.25,,0.226,-1,unsure,False
volume_up/volume_up_owner_20260930-133826-587.wav,volume_up,1,,1.62,0.0,0.146,,0.279,-1,unsure,False
volume_down/volume_down_owner_20260930-133836-214.wav,volume_down,1,,1.94,0.0,0.154,,0.391,-1,unsure,False
remind_trash/remind_trash_owner_20260930-133840-973.wav,remind_trash,1,,2.56,0.0,0.18,,0.427,-1,unsure,False
remind_study/remind_study_owner_20260930-133845-941.wav,remind_study,1,,1.86,0.0,0.179,,0.395,-1,unsure,False
list_reminders/list_reminders_owner_20260930-133851-103.wav,list_reminders,1,,2.08,0.0,0.22,,0.34,-1,unsure,False
call_jane/call_jane_owner_20260930-133856-067.wav,call_jane,1,,1.48,0.0,0.21,,0.286,-1,unsure,False
text_jane/text_jane_owner_20260930-133900-729.wav,text_jane,1,,1.84,0.0,0.169,,0.257,-1,unsure,False
unknown_silent/unknown_silent_owner_20260930-133905-592.wav,unknown_silent,1,,0.58,0.0,0.281,,0.391,-1,unsure,False
unknown_other/unknown_other_owner_20260930-133924-227.wav,unknown_other,1,,2.88,0.0,0.232,,0.199,-1,high,False
play_music/play_music_owner_20260930-134607-242.wav,play_music,2,245.16621119364785,1.76,0.0,0.046,0.1390052139759063,0.151,0,high,False
weather/weather_owner_20260930-134612-708.wav,weather,2,327.2576295971488,1.88,0.0,-0.031,0.1122926771640777,0.076,0,high,False
time/time_owner_20260930-134617-565.wav,time,2,,1.94,0.0,0.163,,0.051,-1,high,False
lights_on/lights_on_owner_20260930-134622-325.wav,lights_on,2,327.2576295971488,1.74,0.0,0.004,0.1527560204267501,0.103,0,high,False
lights_off/lights_off_owner_20260930-134626-260.wav,lights_off,2,283.2581686438756,1.2,0.0,0.211,0.1006769090890884,0.19,0,high,False
dim_lights_20/dim_lights_20_owner_20260930-134631-029.wav,dim_lights_20,2,268.1300368545989,2.7,0.0,0.087,0.1353290975093841,0.085,0,high,False
dim_lights_50/dim_lights_50_owner_20260930-134640-748.wav,dim_lights_50,2,275.1897675926703,2.02,0.0,0.221,0.1346740126609802,0.092,0,high,False
dim_lights_80/dim_lights_80_owner_20260930-134645-104.wav,dim_lights_80,2,261.2492376303061,1.68,0.0,0.215,0.0647589340806007,0.05,0,high,False
set_timer_1/set_timer_1_owner_20260930-134650-266.wav,set_timer_1,2,327.2576295971488,2.1,0.0,0.232,0.0958549231290817,0.053,0,high,False
set_timer_5/set_timer_5_owner_20260930-134655-026.wav,set_timer_5,2,325.3727643481951,2.14,0.0,0.201,0.0775770917534828,0.045,0,high,False
set_timer_10/set_timer_10_owner_20260930-134659-481.wav,set_timer_10,2,278.3873186689133,1.92,0.0,0.167,0.0731790959835052,0.05,0,high,False
set_alarm_7am/set_alarm_7am_owner_20260930-134712-744.wav,set_alarm_7am,2,230.7396885836003,3.2,0.0,0.126,0.0834470838308334,0.057,0,high,False
set_temperature_18/set_temperature_18_owner_20260930-134723-170.wav,set_temperature_18,2,259.74455274356666,2.78,0.0,0.14,0.0929325968027114,0.039,0,high,False
set_temperature_22/set_temperature_22_owner_20260930-134728-742.wav,set_temperature_22,2,329.15341375941045,3.24,0.0,0.168,0.1856890469789505,0.078,0,high,False
set_temperature_26/set_temperature_26_owner_20260930-134733-905.wav,set_temperature_26,2,329.15341375941045,2.88,0.0,0.17,0.0621778666973114,0.031,0,high,False
pause/pause_owner_20260930-134739-874.wav,pause,2,275.1897675926703,3.24,0.0,0.097,0.2780442237854004,0.148,0,high,False
stop/stop_owner_20260930-134743-418.wav,stop,2,265.8157938661454,1.24,0.0,0.194,0.2042751014232635,0.177,0,high,False
next/next_owner_20260930-134748-681.wav,next,2,,3.1,0.0,0.136,,0.088,-1,high,False
volume_up/volume_up_owner_20260930-134757-590.wav,volume_up,2,266.61240558343843,1.74,0.0,0.148,0.0710939168930053,0.053,0,high,False
volume_down/volume_down_owner_20260930-134811-158.wav,volume_down,2,256.76113209730795,1.7,0.0,0.162,0.0464455895125865,0.047,0,high,False
remind_trash/remind_trash_owner_20260930-134816-118.wav,remind_trash,2,,1.68,0.0,0.124,,0.056,-1,high,False
remind_study/remind_study_owner_20260930-134821-078.wav,remind_study,2,,1.86,0.0,0.156,,0.02,-1,high,False
list_reminders/list_reminders_owner_20260930-134825-230.wav,list_reminders,2,258.248534204063,1.32,0.0,0.232,0.2178639471530914,0.122,0,high,False
call_jane/call_jane_owner_20260930-134830-393.wav,call_jane,2,270.4621720989567,1.64,0.0,0.029,0.0987305790185928,0.098,0,high,False
text_jane/text_jane_owner_20260930-134835-054.wav,text_jane,2,,1.58,0.0,0.176,,0.083,-1,high,False
unknown_other/unknown_other_owner_20260930-134845-278.wav,unknown_other,2,,1.6,0.0,0.128,,0.098,-1,high,False
play_music/play_music_owner_20260930-134906-435.wav,play_music,2,280.0,2.28,0.0,0.207,0.1077020093798637,0.062,0,high,False
weather/weather_owner_20260930-134911-495.wav,weather,2,218.41826328374452,1.04,0.0,0.26,0.1305533945560455,0.148,0,high,False
time/time_owner_20260930-134916-661.wav,time,2,253.8119789598709,1.28,0.0,0.21,0.1694130003452301,0.196,0,high,False
lights_on/lights_on_owner_20260930-134921-318.wav,lights_on,2,258.248534204063,2.34,0.0,0.189,0.0437755025923252,0.045,0,high,False
lights_off/lights_off_owner_20260930-134925-468.wav,lights_off,2,243.0521974023174,2.24,0.0,0.211,0.0466442219913005,0.036,0,high,False
dim_lights_20/dim_lights_20_owner_20260930-134931-951.wav,dim_lights_20,2,232.74661091998053,3.54,0.0,0.21,0.0415560007095336,0.049,0,high,False
dim_lights_50/dim_lights_50_owner_20260930-134938-126.wav,dim_lights_50,2,239.5666071911286,2.66,0.0,0.263,0.0653996914625167,0.085,0,high,False
dim_lights_80/dim_lights_80_owner_20260930-134943-492.wav,dim_lights_80,2,236.8149500168056,2.36,0.0,0.209,0.0797548368573188,0.147,0,high,False
set_timer_1/set_timer_1_owner_20260930-134948-653.wav,set_timer_1,2,251.63181001958296,1.24,0.0,0.249,0.1278100758790969,0.148,0,high,False
set_timer_10/set_timer_10_owner_20260930-135001-716.wav,set_timer_10,2,228.7519795318836,3.24,0.0,0.218,0.0392192229628562,0.052,0,high,False
set_alarm_6am/set_alarm_6am_owner_20260930-135007-486.wav,set_alarm_6am,2,239.5666071911286,3.76,0.0,0.164,0.0342779755592346,0.043,0,high,False
set_alarm_9pm/set_alarm_9pm_owner_20260930-135019-335.wav,set_alarm_9pm,2,247.30067497779123,3.84,0.0,0.138,0.0303700417280197,0.042,0,high,False
set_temperature_18/set_temperature_18_owner_20260930-135025-510.wav,set_temperature_18,2,250.8966997353467,3.88,0.0,0.142,0.080986812710762,0.139,0,high,False
set_temperature_22/set_temperature_22_owner_20260930-135031-582.wav,set_temperature_22,2,246.5864446069216,3.78,0.0,0.222,0.0630276650190353,0.051,0,high,False
set_temperature_26/set_temperature_26_owner_20260930-135037-859.wav,set_temperature_26,2,273.6047911615889,3.94,0.0,0.104,0.0672894045710563,0.127,0,high,False
pause/pause_owner_20260930-135042-822.wav,pause,2,219.6872122692821,1.1,0.0,0.267,0.0384396389126777,0.083,0,high,False
stop/stop_owner_20260930-135047-479.wav,stop,2,241.65231975506623,1.06,0.0,0.336,0.0836063027381897,0.106,0,high,False
next/next_owner_20260930-135052-334.wav,next,2,217.16026665672285,1.18,0.0,0.263,0.0398525483906269,0.072,0,high,False
skip/skip_owner_20260930-135057-599.wav,skip,2,216.53489110691729,1.2,0.0,0.301,0.135124996304512,0.087,0,high,False
volume_up/volume_up_owner_20260930-135101-143.wav,volume_up,2,222.23614727554795,1.74,0.0,0.189,0.0885042026638984,0.075,0,high,False
louder/louder_owner_20260930-135105-094.wav,louder,2,204.97199743238755,1.56,0.0,0.157,0.1018673181533813,0.08,0,high,False
volume_down/volume_down_owner_20260930-135109-854.wav,volume_down,2,212.20031931145576,2.42,0.0,0.177,0.0702018812298774,0.058,0,high,False
remind_trash/remind_trash_owner_20260930-135116-433.wav,remind_trash,2,298.36814045597566,3.26,0.0,0.094,0.0569719038903713,0.106,0,high,False
list_reminders/list_reminders_owner_20260930-135127-366.wav,list_reminders,2,291.55340270974574,2.0,0.0,0.215,0.093513123691082,0.076,0,high,False
call_jane/call_jane_owner_20260930-135131-314.wav,call_jane,2,253.8119789598709,1.68,0.0,0.156,0.1169730722904205,0.102,0,high,False
text_jane/text_jane_owner_20260930-135135-261.wav,text_jane,2,222.23614727554795,1.84,0.0,0.233,0.1081099137663841,0.051,0,high,False
unknown_other/unknown_other_owner_20260930-135150-246.wav,unknown_other,2,252.35012953103248,3.6,0.0,0.137,0.048929426819086,0.042,0,high,False
play_music/play_music_owner_20260930-135209-074.wav,play_music,2,209.7629907627354,2.36,0.0,0.188,0.1501109898090362,0.118,0,high,False
weather/weather_owner_20260930-135217-680.wav,weather,2,197.41972977968112,0.88,0.0,0.296,0.1682284772396087,0.266,0,unsure,False
time/time_owner_20260930-135224-160.wav,time,2,182.60928976717892,3.06,0.0,0.172,0.1586417853832245,0.098,0,high,False
lights_on/lights_on_owner_20260930-135231-955.wav,lights_on,2,214.6659682537441,2.94,0.0,0.14,0.1092144474387168,0.079,0,high,False
lights_off/lights_off_owner_20260930-135237-627.wav,lights_off,2,242.35023708172005,3.04,0.0,0.078,0.0941274166107177,0.087,0,high,False
dim_lights_20/dim_lights_20_owner_20260930-135242-086.wav,dim_lights_20,2,232.74661091998053,2.14,0.0,0.219,0.2379763126373291,0.107,0,high,False
dim_lights_50/dim_lights_50_owner_20260930-135248-763.wav,dim_lights_50,2,222.23614727554795,2.02,0.0,0.211,0.1208891719579696,0.067,0,high,False
dim_lights_80/dim_lights_80_owner_20260930-135255-241.wav,dim_lights_80,2,209.7629907627354,2.52,0.0,0.166,0.0686718299984932,0.047,0,high,False
set_timer_1/set_timer_1_owner_20260930-135301-217.wav,set_timer_1,2,253.8119789598709,4.0,0.0,0.14,0.0851399451494216,0.108,0,high,False
set_timer_5/set_timer_5_owner_20260930-135306-682.wav,set_timer_5,2,253.8119789598709,3.06,0.0,0.17,0.0544423684477806,0.081,0,high,False
set_timer_10/set_timer_10_owner_20260930-135311-237.wav,set_timer_10,2,228.7519795318836,2.6,0.0,0.17,0.5540988445281982,0.403,0,unsure,False
set_alarm_6am/set_alarm_6am_owner_20260930-135316-810.wav,set_alarm_6am,2,226.12076670401177,2.62,0.0,0.132,0.0517159029841423,0.055,0,high,False
set_alarm_7am/set_alarm_7am_owner_20260930-135324-903.wav,set_alarm_7am,2,212.8149512836312,1.64,0.0,0.163,0.1093491613864898,0.167,0,high,False
set_alarm_9pm/set_alarm_9pm_owner_20260930-135330-065.wav,set_alarm_9pm,2,204.97199743238755,2.62,0.0,0.189,0.1346183121204376,0.107,0,high,False
set_temperature_18/set_temperature_18_owner_20260930-135335-031.wav,set_temperature_18,2,228.748163453754,2.8,0.0,0.146,0.0429432801902294,0.047,0,high,False
set_temperature_22/set_temperature_22_owner_20260930-135339-484.wav,set_temperature_22,2,253.0810542454517,2.6,0.0,0.166,0.049997691065073,0.069,0,high,False
set_temperature_26/set_temperature_26_owner_20260930-135344-950.wav,set_temperature_26,2,227.430670979746,3.16,0.0,0.188,0.0639455243945121,0.064,0,high,False
pause/pause_owner_20260930-135350-924.wav,pause,2,215.9095155571117,1.32,0.0,0.261,0.0850199982523918,0.064,0,high,False
stop/stop_owner_20260930-135355-580.wav,stop,2,,1.24,0.0,0.261,,0.179,-1,high,False
next/next_owner_20260930-135400-137.wav,next,2,79.48531003496142,1.46,0.0,0.195,0.2559577822685241,0.131,-1,high,False
skip/skip_owner_20260930-135410-059.wav,skip,2,,1.38,0.0,0.282,,0.147,-1,high,False
louder/louder_owner_20260930-135419-882.wav,louder,2,,1.04,0.0,0.281,,0.606,-1,unsure,False
volume_down/volume_down_owner_20260930-135423-320.wav,volume_down,2,228.748163453754,1.8,0.0,0.198,0.1059420555830001,0.084,0,high,False
remind_trash/remind_trash_owner_20260930-135428-387.wav,remind_trash,2,,1.72,0.0,0.199,,0.112,-1,high,False
remind_study/remind_study_owner_20260930-135433-445.wav,remind_study,2,250.17417040732084,1.9,0.0,0.166,0.1348749250173568,0.126,0,high,False
list_reminders/list_reminders_owner_20260930-135441-443.wav,list_reminders,2,248.01904284310828,2.32,0.0,0.216,0.4788589477539062,0.13,0,high,False
call_jane/call_jane_owner_20260930-135446-506.wav,call_jane,2,227.430670979746,1.54,0.0,0.205,0.1416258960962295,0.08,0,high,False
text_jane/text_jane_owner_20260930-135451-059.wav,text_jane,2,,1.74,0.0,0.199,,0.058,-1,high,False
unknown_other/unknown_other_owner_20260930-135512-114.wav,unknown_other,2,239.5825935492628,2.16,0.0,0.216,0.150177463889122,0.095,0,high,False
play_music/play_music_owner_20260930-161850-266.wav,play_music,3,329.15341375941045,1.68,0.0,0.04,0.4186644256114959,0.371,0,unsure,False
weather/weather_owner_20260930-161855-224.wav,weather,3,,1.12,0.0,0.318,,0.189,-1,high,False
time/time_owner_20260930-161900-388.wav,time,3,,1.24,0.0,0.293,,0.289,-1,unsure,False
lights_on/lights_on_owner_20260930-161906-954.wav,lights_on,3,,1.32,0.0,0.297,,0.068,-1,high,False
lights_off/lights_off_owner_20260930-161914-663.wav,lights_off,3,,1.32,0.0,0.222,,0.576,-1,unsure,False
dim_lights_20/dim_lights_20_owner_20260930-161920-935.wav,dim_lights_20,3,,2.76,0.0,0.229,,0.135,-1,high,False
dim_lights_50/dim_lights_50_owner_20260930-161926-406.wav,dim_lights_50,3,,2.7,0.0,0.237,,0.079,-1,high,False
set_timer_1/set_timer_1_owner_20260930-161936-933.wav,set_timer_1,3,,2.74,0.0,0.204,,0.166,-1,high,False
set_timer_5/set_timer_5_owner_20260930-161942-701.wav,set_timer_5,3,246.5864446069216,2.16,0.0,0.222,0.1912634521722793,0.256,0,unsure,False
set_timer_10/set_timer_10_owner_20260930-161947-561.wav,set_timer_10,3,,1.98,0.0,0.239,,0.048,-1,high,False
set_alarm_6am/set_alarm_6am_owner_20260930-161952-527.wav,set_alarm_6am,3,,2.2,0.0,0.19,,0.362,-1,unsure,False
set_alarm_7am/set_alarm_7am_owner_20260930-161957-480.wav,set_alarm_7am,3,,2.0,0.0,0.142,,0.352,-1,unsure,False
set_alarm_9pm/set_alarm_9pm_owner_20260930-162002-540.wav,set_alarm_9pm,3,,2.62,0.0,0.161,,0.325,-1,unsure,False
set_temperature_18/set_temperature_18_owner_20260930-162007-506.wav,set_temperature_18,3,,2.28,0.0,0.228,,0.503,-1,unsure,False
set_temperature_22/set_temperature_22_owner_20260930-162013-071.wav,set_temperature_22,3,,2.96,0.0,0.218,,0.464,-1,unsure,False
set_temperature_26/set_temperature_26_owner_20260930-162018-434.wav,set_temperature_26,3,,2.96,0.0,0.206,,0.27,-1,unsure,False
pause/pause_owner_20260930-162023-698.wav,pause,3,,1.34,0.0,0.171,,0.182,-1,high,False
stop/stop_owner_20260930-162028-454.wav,stop,3,,1.12,0.0,0.256,,0.462,-1,unsure,False
next/next_owner_20260930-162033-113.wav,next,3,,1.22,0.0,0.265,,0.335,-1,unsure,False
skip/skip_owner_20260930-162037-870.wav,skip,3,,1.32,0.0,0.216,,0.203,-1,unsure,False
volume_up/volume_up_owner_20260930-162042-829.wav,volume_up,3,,1.86,0.0,0.179,,0.098,-1,high,False
louder/louder_owner_20260930-162047-791.wav,louder,3,,1.44,0.0,0.218,,0.304,-1,unsure,False
volume_down/volume_down_owner_20260930-162055-285.wav,volume_down,3,,1.84,0.0,0.146,,0.362,-1,unsure,False
remind_trash/remind_trash_owner_20260930-162105-105.wav,remind_trash,3,264.2848075508742,1.58,0.0,0.096,0.6318562030792236,0.516,0,unsure,True
remind_study/remind_study_owner_20260930-162110-153.wav,remind_study,3,72.46854466889643,1.98,0.0,0.2,0.7709968686103821,0.427,-1,unsure,False
list_reminders/list_reminders_owner_20260930-162115-730.wav,list_reminders,3,,2.14,0.0,0.196,,0.431,-1,unsure,False
text_jane/text_jane_owner_20260930-162127-779.wav,text_jane,3,,1.0,0.0,0.316,,0.537,-1,unsure,False
unknown_other/unknown_other_owner_20260930-162558-449.wav,unknown_other,3,,2.56,0.0,0.149,,0.184,-1,high,False
play_music/play_music_owner_20260930-162606-967.wav,play_music,3,,1.76,0.0,0.205,,0.491,-1,unsure,False
weather/weather_owner_20260930-162612-130.wav,weather,3,,2.18,0.0,0.155,,0.352,-1,unsure,False
time/time_owner_20260930-162617-593.wav,time,3,72.46975362124044,1.7,0.0,0.186,0.8617414236068726,0.481,-1,unsure,False
lights_on/lights_on_owner_20260930-162622-858.wav,lights_on,3,,2.46,0.0,0.17,,0.392,-1,unsure,False
lights_off/lights_off_owner_20260930-162628-009.wav,lights_off,3,,2.56,0.0,0.157,,0.392,-1,unsure,False
dim_lights_20/dim_lights_20_owner_20260930-162653-836.wav,dim_lights_20,3,,2.9,0.0,0.213,,0.401,-1,unsure,False
dim_lights_50/dim_lights_50_owner_20260930-162659-506.wav,dim_lights_50,3,,3.26,0.0,0.186,,0.433,-1,unsure,False
set_timer_1/set_timer_1_owner_20260930-162718-940.wav,set_timer_1,3,243.75415772291475,2.76,0.0,0.134,0.4176782369613647,0.27,0,unsure,False
set_timer_5/set_timer_5_owner_20260930-162724-003.wav,set_timer_5,3,,2.94,0.0,0.198,,0.325,-1,unsure,False
set_timer_10/set_timer_10_owner_20260930-162728-961.wav,set_timer_10,3,,2.74,0.0,0.174,,0.489,-1,unsure,False
set_alarm_6am/set_alarm_6am_owner_20260930-162734-025.wav,set_alarm_6am,3,,3.28,0.0,0.111,,0.268,-1,unsure,False
set_alarm_7am/set_alarm_7am_owner_20260930-162739-187.wav,set_alarm_7am,3,,3.2,0.0,0.177,,0.236,-1,unsure,False
set_alarm_9pm/set_alarm_9pm_owner_20260930-162744-248.wav,set_alarm_9pm,3,,3.3,0.0,0.16,,0.427,-1,unsure,False
set_temperature_18/set_temperature_18_owner_20260930-162749-611.wav,set_temperature_18,3,,2.78,0.0,0.195,,0.418,-1,unsure,False
set_temperature_22/set_temperature_22_owner_20260930-162806-012.wav,set_temperature_22,3,,3.02,0.0,0.206,,0.44,-1,unsure,False
set_temperature_26/set_temperature_26_owner_20260930-162811-076.wav,set_temperature_26,3,,3.04,0.0,0.206,,0.524,-1,unsure,False
pause/pause_owner_20260930-162816-038.wav,pause,3,,1.26,0.0,0.267,,0.333,-1,unsure,False
stop/stop_owner_20260930-162820-694.wav,stop,3,,1.42,0.0,0.193,,0.332,-1,unsure,False
next/next_owner_20260930-162825-654.wav,next,3,,1.54,0.0,0.224,,0.35,-1,unsure,False
skip/skip_owner_20260930-162830-410.wav,skip,3,,0.8,0.0,0.302,,0.462,-1,unsure,False
volume_up/volume_up_owner_20260930-162834-863.wav,volume_up,3,,1.78,0.0,0.183,,0.335,-1,unsure,False
louder/louder_owner_20260930-162839-626.wav,louder,3,,1.2,0.0,0.236,,0.351,-1,unsure,False
volume_down/volume_down_owner_20260930-162844-178.wav,volume_down,3,,1.78,0.0,0.156,,0.478,-1,unsure,False
remind_trash/remind_trash_owner_20260930-162848-935.wav,remind_trash,3,,2.1,0.0,0.211,,0.493,-1,unsure,False
remind_study/remind_study_owner_20260930-162854-100.wav,remind_study,3,,1.92,0.0,0.174,,0.528,-1,unsure,False
list_reminders/list_reminders_owner_20260930-162859-268.wav,list_reminders,3,75.89588092109929,1.6,0.0,0.135,0.7481675148010254,0.427,-1,unsure,False
call_jane/call_jane_owner_20260930-162904-224.wav,call_jane,3,,1.04,0.0,0.288,,0.564,-1,unsure,False
text_jane/text_jane_owner_20260930-162909-084.wav,text_jane,3,,1.04,0.0,0.299,,0.603,-1,unsure,False
unknown_silent/unknown_silent_owner_20260930-162913-942.wav,unknown_silent,3,,2.92,0.0,0.209,,0.256,-1,unsure,False
unknown_other/unknown_other_owner_20260930-162929-331.wav,unknown_other,3,,1.8,0.0,0.175,,0.276,-1,unsure,False
play_music/play_music_owner_20260930-163027-538.wav,play_music,3,300.09656951016206,1.88,0.0,0.196,0.126312717795372,0.113,0,high,False
weather/weather_owner_20260930-163033-206.wav,weather,3,,1.24,0.0,0.263,,0.107,-1,high,False
time/time_owner_20260930-163037-660.wav,time,3,,1.48,0.0,0.186,,0.277,-1,unsure,False
lights_on/lights_on_owner_20260930-163042-824.wav,lights_on,3,,1.24,0.0,0.294,,0.397,-1,unsure,False
lights_off/lights_off_owner_20260930-163047-886.wav,lights_off,3,,1.1,0.0,0.237,,0.246,-1,unsure,False
dim_lights_20/dim_lights_20_owner_20260930-163052-950.wav,dim_lights_20,3,280.0,2.86,0.0,0.195,0.4897022843360901,0.46,0,unsure,False
dim_lights_50/dim_lights_50_owner_20260930-163058-114.wav,dim_lights_50,3,,2.64,0.0,0.207,,0.31,-1,unsure,False
set_timer_1/set_timer_1_owner_20260930-163108-846.wav,set_timer_1,3,,2.08,0.0,0.195,,0.349,-1,unsure,False
set_timer_5/set_timer_5_owner_20260930-163113-902.wav,set_timer_5,3,,2.06,0.0,0.204,,0.161,-1,high,False
set_timer_10/set_timer_10_owner_20260930-163119-068.wav,set_timer_10,3,,2.12,0.0,0.222,,0.434,-1,unsure,False
set_alarm_6am/set_alarm_6am_owner_20260930-163124-529.wav,set_alarm_6am,3,,1.74,0.0,0.151,,0.155,-1,high,False
set_alarm_7am/set_alarm_7am_owner_20260930-163130-404.wav,set_alarm_7am,3,,1.64,0.0,0.098,,0.325,-1,unsure,False
set_alarm_9pm/set_alarm_9pm_owner_20260930-163135-871.wav,set_alarm_9pm,3,,1.82,0.0,0.1,,0.139,-1,high,False
set_temperature_18/set_temperature_18_owner_20260930-163140-935.wav,set_temperature_18,3,,2.76,0.0,0.167,,0.404,-1,unsure,False
set_temperature_22/set_temperature_22_owner_20260930-163152-575.wav,set_temperature_22,3,,3.12,0.0,0.207,,0.097,-1,high,False
set_temperature_26/set_temperature_26_owner_20260930-163158-749.wav,set_temperature_26,3,,3.02,0.0,0.175,,0.124,-1,high,False
louder/louder_owner_20260930-163228-414.wav,louder,3,80.8746887810591,1.98,0.0,0.117,0.5082702040672302,0.239,-1,unsure,False
remind_trash/remind_trash_owner_20260930-163243-295.wav,remind_trash,3,250.8966997353467,1.72,0.0,0.077,0.2025323063135147,0.199,0,high,False
remind_study/remind_study_owner_20260930-163250-177.wav,remind_study,3,,2.0,0.0,0.193,,0.11,-1,high,False
list_reminders/list_reminders_owner_20260930-163256-354.wav,list_reminders,3,331.06018008760145,2.14,0.0,0.08,0.0766042321920394,0.194,0,high,False
text_jane/text_jane_owner_20260930-163306-175.wav,text_jane,3,,2.96,0.0,0.212,,0.317,-1,unsure,False
unknown_silent/unknown_silent_owner_20260930-163311-336.wav,unknown_silent,3,,0.62,0.0,0.314,,0.464,-1,unsure,False
unknown_other/unknown_other_owner_20260930-163323-788.wav,unknown_other,3,,1.98,0.0,0.195,,0.049,-1,high,False
dim_lights_80/dim_lights_80_owner_20260930-164342-940.wav,dim_lights_80,4,,1.78,0.0,0.259,,0.324,-1,unsure,False
dim_lights_80/dim_lights_80_owner_20260930-164358-327.wav,dim_lights_80,4,329.15341375941045,2.38,0.0,0.159,0.1384045034646988,0.091,0,high,False
dim_lights_80/dim_lights_80_owner_20260930-164405-918.wav,dim_lights_80,4,274.3972793771296,2.56,0.0,0.156,0.0540070720016956,0.057,0,high,False
dim_lights_80/dim_lights_80_owner_20260930-164413-106.wav,dim_lights_80,4,245.8763279002847,3.96,0.0,0.156,0.3703039586544037,0.168,0,high,False
dim_lights_80/dim_lights_80_owner_20260930-164423-641.wav,dim_lights_80,4,329.15341375941045,3.38,0.0,0.163,0.8555450439453125,0.651,0,unsure,True
dim_lights_80/dim_lights_80_owner_20260930-164431-115.wav,dim_lights_80,4,,2.6,0.0,0.21,,0.684,-1,unsure,False
dim_lights_80/dim_lights_80_owner_20260930-164444-390.wav,dim_lights_80,4,329.15341375941045,2.4,0.0,0.16,0.8037751913070679,0.708,0,unsure,True
play_music/play_music_owner_20260930-164917-070.wav,play_music,4,270.4621720989567,1.6,0.0,0.265,0.2014858275651931,0.516,0,unsure,True
weather/weather_owner_20260930-164921-738.wav,weather,4,235.45099627104003,1.7,0.0,0.187,0.1840424388647079,0.349,0,unsure,False
time/time_owner_20260930-164926-396.wav,time,4,230.07328808402127,1.32,0.0,0.287,0.1893459558486938,0.526,0,unsure,True
lights_on/lights_on_owner_20260930-164935-611.wav,lights_on,4,203.79144559790623,1.82,0.0,0.212,0.2191308885812759,0.397,0,unsure,False
lights_off/lights_off_owner_20260930-164941-179.wav,lights_off,4,,1.92,0.0,0.237,,0.445,-1,unsure,False
dim_lights_20/dim_lights_20_owner_20260930-164946-849.wav,dim_lights_20,4,236.8149500168056,2.74,0.0,0.245,0.1736525744199752,0.45,0,unsure,False
dim_lights_50/dim_lights_50_owner_20260930-164952-110.wav,dim_lights_50,4,242.35023708172005,2.64,0.0,0.262,0.1448077112436294,0.411,0,unsure,False
dim_lights_80/dim_lights_80_owner_20260930-165234-390.wav,dim_lights_80,4,252.3543393476088,2.02,0.0,0.268,0.2082201242446899,0.394,0,unsure,False
set_timer_1/set_timer_1_owner_20260930-165242-799.wav,set_timer_1,4,92.63308785890118,2.18,0.0,0.249,0.326750636100769,0.343,-1,unsure,False
set_timer_5/set_timer_5_owner_20260930-165248-766.wav,set_timer_5,4,221.5961542651838,2.28,0.0,0.269,0.22258360683918,0.418,0,unsure,False
set_timer_10/set_timer_10_owner_20260930-165257-674.wav,set_timer_10,4,,2.18,0.0,0.283,,0.448,-1,unsure,False
set_alarm_6am/set_alarm_6am_owner_20260930-165306-783.wav,set_alarm_6am,4,246.5864446069216,3.22,0.0,0.258,0.2961397171020508,0.465,0,unsure,False
set_alarm_7am/set_alarm_7am_owner_20260930-165315-690.wav,set_alarm_7am,4,250.17417040732084,2.04,0.0,0.178,0.2551702857017517,0.3,0,unsure,False
set_alarm_9pm/set_alarm_9pm_owner_20260930-165322-066.wav,set_alarm_9pm,4,218.41826328374452,2.16,0.0,0.235,0.1802331358194351,0.368,0,unsure,False
set_temperature_18/set_temperature_18_owner_20260930-165328-547.wav,set_temperature_18,4,236.8149500168056,2.72,0.0,0.244,0.1671620458364486,0.39,0,unsure,False
set_temperature_22/set_temperature_22_owner_20260930-165336-042.wav,set_temperature_22,4,250.8966997353467,2.96,0.0,0.276,0.2473705410957336,0.532,0,unsure,True
set_temperature_26/set_temperature_26_owner_20260930-165342-823.wav,set_temperature_26,4,227.430670979746,3.02,0.0,0.279,0.3182359933853149,0.437,0,unsure,False
pause/pause_owner_20260930-165346-567.wav,pause,4,,1.32,0.0,0.319,,0.458,-1,unsure,False
stop/stop_owner_20260930-165351-122.wav,stop,4,,1.28,0.0,0.327,,0.492,-1,unsure,False
next/next_owner_20260930-165355-373.wav,next,4,,1.0,0.0,0.321,,0.43,-1,unsure,False
skip/skip_owner_20260930-165401-955.wav,skip,4,,1.42,0.0,0.332,,0.371,-1,unsure,False
volume_up/volume_up_owner_20260930-165407-116.wav,volume_up,4,226.12076670401177,1.86,0.0,0.29,0.3414291739463806,0.567,0,unsure,True
louder/louder_owner_20260930-165415-118.wav,louder,4,196.84956082712893,1.62,0.0,0.209,0.3405755758285522,0.356,0,unsure,False
volume_down/volume_down_owner_20260930-165423-214.wav,volume_down,4,218.41826328374452,1.74,0.0,0.242,0.4957347214221954,0.58,0,unsure,True
remind_trash/remind_trash_owner_20260930-165432-121.wav,remind_trash,4,234.09489832078265,2.08,0.0,0.289,0.4407761693000793,0.461,0,unsure,False
remind_study/remind_study_owner_20260930-165440-323.wav,remind_study,4,230.7396885836003,2.14,0.0,0.242,0.5252935886383057,0.561,0,unsure,True
list_reminders/list_reminders_owner_20260930-165449-741.wav,list_reminders,4,241.65231975506623,1.94,0.0,0.249,0.456868052482605,0.604,0,unsure,True
call_jane/call_jane_owner_20260930-165454-394.wav,call_jane,4,,1.64,0.0,0.275,,0.436,-1,unsure,False
text_jane/text_jane_owner_20260930-165459-659.wav,text_jane,4,70.0,1.66,0.0,0.31,0.1873977035284042,0.43,-1,unsure,False
unknown_other/unknown_other_owner_20260930-165513-324.wav,unknown_other,4,106.10015965572786,1.62,0.0,0.132,0.16876021027565,0.104,1,high,True
play_music/play_music_owner_20260930-165801-970.wav,play_music,4,109.84360613464104,1.78,0.0,0.258,0.2288507670164108,0.213,1,unsure,True
weather/weather_owner_20260930-165808-451.wav,weather,4,215.2877419054279,2.32,0.0,0.269,0.5096253156661987,0.639,0,unsure,True
time/time_owner_20260930-165814-511.wav,time,4,210.97813540644063,2.6,0.0,0.251,0.4951084852218628,0.688,0,unsure,True
lights_on/lights_on_owner_20260930-165820-279.wav,lights_on,4,221.5961542651838,2.48,0.0,0.25,0.5525072813034058,0.627,0,unsure,True
lights_off/lights_off_owner_20260930-165825-556.wav,lights_off,4,220.95616125481965,2.52,0.0,0.27,0.5268157720565796,0.691,0,unsure,True
dim_lights_20/dim_lights_20_owner_20260930-165832-337.wav,dim_lights_20,4,,1.52,0.0,0.327,,0.567,-1,unsure,False
dim_lights_50/dim_lights_50_owner_20260930-165838-819.wav,dim_lights_50,4,219.6982069661354,3.54,0.0,0.269,0.4691044390201568,0.645,0,unsure,True
dim_lights_80/dim_lights_80_owner_20260930-165845-298.wav,dim_lights_80,4,200.8772678946362,2.78,0.0,0.255,0.4545994997024536,0.628,0,unsure,True
set_timer_1/set_timer_1_owner_20260930-165852-485.wav,set_timer_1,4,180.51184318154108,3.64,0.0,0.258,0.6310778260231018,0.703,0,unsure,True
set_timer_5/set_timer_5_owner_20260930-165901-390.wav,set_timer_5,4,,3.42,0.0,0.266,,0.45,-1,unsure,False
set_timer_10/set_timer_10_owner_20260930-165910-502.wav,set_timer_10,4,93.98007519461844,3.54,0.0,0.276,0.2737627327442169,0.493,-1,unsure,False
set_alarm_6am/set_alarm_6am_owner_20260930-165917-588.wav,set_alarm_6am,4,97.57608539074748,3.0,0.0,0.245,0.1859081089496612,0.181,1,high,True
set_alarm_7am/set_alarm_7am_owner_20260930-165924-472.wav,set_alarm_7am,4,89.21924391234836,3.26,0.0,0.22,0.1623871624469757,0.42,-1,unsure,False
set_alarm_9pm/set_alarm_9pm_owner_20260930-165931-358.wav,set_alarm_9pm,4,,3.1,0.0,0.251,,0.427,-1,unsure,False
set_temperature_18/set_temperature_18_owner_20260930-165938-737.wav,set_temperature_18,4,93.16970587780108,3.32,0.0,0.277,0.249720349907875,0.451,-1,unsure,False
set_temperature_22/set_temperature_22_owner_20260930-165945-933.wav,set_temperature_22,4,103.0796940670368,3.68,0.0,0.28,0.1732690781354904,0.202,1,unsure,True
set_temperature_26/set_temperature_26_owner_20260930-165952-923.wav,set_temperature_26,4,186.8775795838048,3.58,0.0,0.272,0.3626761138439178,0.605,0,unsure,True
pause/pause_owner_20260930-165958-690.wav,pause,4,180.5148545600217,1.44,0.0,0.32,0.4854711294174194,0.726,0,unsure,True
stop/stop_owner_20260930-170002-838.wav,stop,4,189.0489924635466,1.22,0.0,0.296,0.3987862765789032,0.726,0,unsure,True
next/next_owner_20260930-170006-990.wav,next,4,186.8775795838048,1.16,0.0,0.293,0.3567306101322174,0.657,0,unsure,True
skip/skip_owner_20260930-170011-039.wav,skip,4,188.5045714263917,1.2,0.0,0.304,0.2933270633220672,0.647,0,unsure,True
volume_up/volume_up_owner_20260930-170015-494.wav,volume_up,4,186.8775795838048,1.78,0.0,0.253,0.4894418120384216,0.648,0,unsure,True
louder/louder_owner_20260930-170024-409.wav,louder,4,193.46780319548864,1.82,0.0,0.268,0.3624809682369232,0.619,0,unsure,True
volume_down/volume_down_owner_20260930-170033-010.wav,volume_down,4,208.5548448371784,1.94,0.0,0.246,0.5675020217895508,0.708,0,unsure,True
remind_trash/remind_trash_owner_20260930-170038-879.wav,remind_trash,4,209.7629907627354,1.92,0.0,0.267,0.5907957553863525,0.655,0,unsure,True
remind_study/remind_study_owner_20260930-170044-449.wav,remind_study,4,218.41826328374452,2.92,0.0,0.256,0.5730020403862,0.635,0,unsure,True
list_reminders/list_reminders_owner_20260930-170050-421.wav,list_reminders,4,92.099560532362,1.96,0.0,0.28,0.2864815890789032,0.463,-1,unsure,False
call_jane/call_jane_owner_20260930-170055-282.wav,call_jane,4,,1.52,0.0,0.312,,0.516,-1,unsure,False
text_jane/text_jane_owner_20260930-170059-629.wav,text_jane,4,,1.5,0.0,0.299,,0.402,-1,unsure,False
unknown_other/unknown_other_owner_20260930-170116-031.wav,unknown_other,4,199.1368425476194,3.64,0.0,0.264,0.4844012558460235,0.588,0,unsure,True
play/play_owner_20260930-170502-855.wav,play,4,329.15341375941045,2.26,0.0,0.223,0.0884387716650962,0.078,0,high,False
play/play_owner_20260930-170507-726.wav,play,4,206.1593881340736,1.12,0.0,0.255,0.3441989719867706,0.523,0,unsure,True
play/play_owner_20260930-170515-218.wav,play,4,260.4968951869364,1.22,0.0,0.236,0.2449020892381668,0.399,0,unsure,False
play/play_owner_20260930-170518-862.wav,play,4,281.62202349899894,1.28,0.0,0.238,0.1829196512699127,0.252,0,unsure,False
play/play_owner_20260930-170529-897.wav,play,4,331.06018008760145,1.3,0.0,0.316,0.3103945255279541,0.346,0,unsure,False
play/play_owner_20260930-170538-503.wav,play,4,307.11099431449526,5.86,0.0,0.244,0.6062334179878235,0.329,0,unsure,False
play/play_owner_20260930-170546-602.wav,play,4,329.15341375941045,1.18,0.0,0.255,0.1781367510557174,0.116,0,high,False
play/play_owner_20260930-170640-148.wav,play,4,183.66713462124284,1.16,0.0,0.303,0.3399340510368347,0.497,0,unsure,False
play/play_owner_20260930-170655-334.wav,play,4,262.76263906792013,4.32,0.0,0.178,0.5452728271484375,0.169,0,high,False
play/play_owner_20260930-170715-174.wav,play,4,197.9898987322333,1.06,0.0,0.291,0.52292799949646,0.573,0,unsure,True
play/play_owner_20260930-170726-413.wav,play,4,184.199121064724,1.24,0.0,0.28,0.4142352342605591,0.536,0,unsure,True
play/play_owner_20260930-170741-596.wav,play,4,312.47919993646246,1.46,0.0,0.148,0.3385819792747497,0.271,0,unsure,False
play/play_owner_20260930-170751-414.wav,play,4,329.15341375941045,1.54,0.0,0.148,0.3556385338306427,0.216,0,unsure,False
play_music/play_music_owner_20260930-170944-438.wav,play_music,4,154.00026613008606,2.14,0.0,0.263,0.6494914889335632,0.831,1,low,False
weather/weather_owner_20260930-170950-207.wav,weather,4,119.0934025331198,1.1,0.0,0.262,0.8340033292770386,0.952,1,low,False
time/time_owner_20260930-170959-419.wav,time,4,132.9078969330727,6.1,0.0,0.311,0.735220730304718,0.796,1,unsure,False
lights_on/lights_on_owner_20260930-171004-581.wav,lights_on,4,147.89768912198917,1.44,0.0,0.157,0.7101945281028748,0.938,1,low,False
lights_off/lights_off_owner_20260930-171011-160.wav,lights_off,4,119.09538930198356,2.16,0.0,0.223,0.8758603930473328,0.968,1,low,False
dim_lights_20/dim_lights_20_owner_20260930-171020-069.wav,dim_lights_20,4,137.59488379633515,2.5,0.0,0.181,0.8569008708000183,0.948,1,low,False
dim_lights_50/dim_lights_50_owner_20260930-171025-535.wav,dim_lights_50,4,138.79281109193107,2.5,0.0,0.191,0.8557842969894409,0.96,1,low,False
dim_lights_80/dim_lights_80_owner_20260930-171032-622.wav,dim_lights_80,4,132.5251503542549,2.44,0.0,0.15,0.827687680721283,0.958,1,low,False
set_timer_1/set_timer_1_owner_20260930-171038-090.wav,set_timer_1,4,117.72549813552004,2.84,0.0,0.198,0.9218434691429138,0.981,1,low,False
set_timer_5/set_timer_5_owner_20260930-171043-847.wav,set_timer_5,4,136.80239558079444,2.26,0.0,0.171,0.9215816855430604,0.982,1,low,False
set_timer_10/set_timer_10_owner_20260930-171049-425.wav,set_timer_10,4,130.62461881515304,2.24,0.0,0.195,0.8500485420227051,0.954,1,low,False
set_alarm_6am/set_alarm_6am_owner_20260930-171105-419.wav,set_alarm_6am,4,136.80239558079444,2.38,0.0,0.162,0.7964306473731995,0.926,1,low,False
set_alarm_7am/set_alarm_7am_owner_20260930-171111-493.wav,set_alarm_7am,4,115.70304454158963,2.94,0.0,0.161,0.8639093041419983,0.945,1,low,False
set_alarm_9pm/set_alarm_9pm_owner_20260930-171117-974.wav,set_alarm_9pm,4,129.87227637178333,2.98,0.0,0.169,0.8585534691810608,0.954,1,low,False
set_temperature_18/set_temperature_18_owner_20260930-171125-261.wav,set_temperature_18,4,125.44834986767334,2.98,0.0,0.173,0.891246497631073,0.957,1,low,False
set_temperature_22/set_temperature_22_owner_20260930-171131-335.wav,set_temperature_22,4,129.4982717369074,3.16,0.0,0.185,0.8519461154937744,0.964,1,low,False
set_temperature_26/set_temperature_26_owner_20260930-171138-016.wav,set_temperature_26,4,129.1242671020315,3.38,0.0,0.183,0.854288637638092,0.959,1,low,False
pause/pause_owner_20260930-171142-773.wav,pause,4,106.41102591504618,1.52,0.0,0.155,0.448045551776886,0.88,1,low,False
stop/stop_owner_20260930-171147-215.wav,stop,4,113.71723253944144,1.12,0.0,0.217,0.4813424944877624,0.87,1,low,False
next/next_owner_20260930-171151-479.wav,next,4,104.8814953813677,1.32,0.0,0.212,0.44943368434906,0.826,1,low,False
skip/skip_owner_20260930-171155-832.wav,skip,4,113.06038335200589,1.58,0.0,0.16,0.5181797742843628,0.864,1,low,False
volume_up/volume_up_owner_20260930-171200-792.wav,volume_up,4,128.38056604865398,2.14,0.0,0.201,0.664137065410614,0.943,1,low,False
louder/louder_owner_20260930-171205-655.wav,louder,4,116.37330545999028,1.92,0.0,0.173,0.5358539819717407,0.912,1,low,False
volume_down/volume_down_owner_20260930-171210-613.wav,volume_down,4,112.73855478990198,2.08,0.0,0.195,0.3072822690010071,0.852,1,low,False
remind_trash/remind_trash_owner_20260930-171219-722.wav,remind_trash,4,120.82615987753312,2.38,0.0,0.124,0.6375243067741394,0.92,1,low,False
remind_study/remind_study_owner_20260930-171228-124.wav,remind_study,4,118.4074750084028,3.66,0.0,0.177,0.8758187890052795,0.974,1,low,False
list_reminders/list_reminders_owner_20260930-171234-197.wav,list_reminders,4,120.4772012142062,2.16,0.0,0.182,0.7779014706611633,0.958,1,low,False
call_jane/call_jane_owner_20260930-171240-575.wav,call_jane,4,108.26744555345864,1.28,0.0,0.237,0.4588832557201385,0.9,1,low,False
text_jane/text_jane_owner_20260930-171246-144.wav,text_jane,4,108.89463248511686,2.16,0.0,0.257,0.5522097945213318,0.881,1,low,False
unknown_other/unknown_other_owner_20260930-171258-089.wav,unknown_other,4,111.11807363777396,2.06,0.0,0.209,0.5797728300094604,0.912,1,low,False
play/play_owner_20260930-171320-639.wav,play,4,116.37330545999028,1.68,0.0,0.244,0.6783171892166138,0.87,1,low,False
play/play_owner_20260930-171328-128.wav,play,4,113.71533548987296,1.62,0.0,0.241,0.5506796836853027,0.718,1,unsure,False
play/play_owner_20260930-171359-006.wav,play,4,259.74455274356666,1.72,1.0,0.201,0.1062050014734268,0.153,0,high,False
play/play_owner_20260930-171408-217.wav,play,4,110.79807713259189,1.58,0.0,0.128,0.5408037304878235,0.481,1,unsure,True
party/party_owner_20260930-171430-687.wav,party,4,161.7493775621182,1.78,0.0,0.202,0.7879965901374817,0.891,1,low,False
party/party_owner_20260930-171439-902.wav,party,4,129.1242671020315,1.0,0.0,0.244,0.6618943214416504,0.899,1,low,False
party/party_owner_20260930-171445-667.wav,party,4,107.33298412687203,1.72,0.0,0.248,0.5868481993675232,0.839,1,low,False
party/party_owner_20260930-171457-817.wav,party,4,146.62117719488774,1.9,0.0,0.135,0.5911756157875061,0.666,1,unsure,False
party/party_owner_20260930-171515-428.wav,party,4,123.29322230346078,1.88,0.0,0.183,0.6045657396316528,0.539,1,unsure,False
party/party_owner_20260930-172229-660.wav,party,5,239.5666071911286,1.82,0.0,0.242,0.1278510391712188,0.048,0,high,False
party/party_owner_20260930-172237-964.wav,party,5,234.77294729591137,1.62,0.0,0.177,0.1272251456975937,0.045,0,high,False
party/party_owner_20260930-172245-756.wav,party,5,257.5048331506855,2.04,0.0,0.184,0.0240715369582176,0.018,0,high,False
party/party_owner_20260930-172250-616.wav,party,5,234.09489832078265,2.02,0.0,0.091,0.2326424419879913,0.109,0,high,False
party/party_owner_20260930-172311-775.wav,party,5,248.01904284310828,1.72,0.0,0.13,0.0444494225084781,0.021,0,high,False
party/party_owner_20260930-172321-292.wav,party,5,,1.7,0.0,0.158,,0.146,-1,high,False
party/party_owner_20260930-172330-400.wav,party,5,230.7396885836003,1.66,0.0,0.141,0.1668973714113235,0.073,0,high,False
party/party_owner_20260930-172341-334.wav,party,5,,1.6,0.0,0.186,,0.111,-1,high,False
party/party_owner_20260930-172423-748.wav,party,5,218.41826328374452,1.52,0.0,0.22,0.0744213908910751,0.027,0,high,False
party/party_owner_20260930-172429-522.wav,party,5,249.451641079295,1.56,0.0,0.193,0.0923217162489891,0.032,0,high,False
party/party_owner_20260930-172435-394.wav,party,5,228.08941721674995,0.98,0.0,0.293,0.2591249942779541,0.281,0,unsure,False
play/play_owner_20260930-172511-602.wav,play,5,,0.96,0.0,0.313,,0.081,-1,high,False
play/play_owner_20260930-172516-263.wav,play,5,293.2423543897755,1.08,0.0,0.254,0.2517275512218475,0.267,0,unsure,False
play/play_owner_20260930-172520-208.wav,play,5,209.77698831578732,1.2,0.0,0.246,0.1436499655246734,0.086,0,high,False
play/play_owner_20260930-172524-460.wav,play,5,329.15341375941045,0.98,0.0,0.275,0.0497731454670429,0.064,0,high,False
play/play_owner_20260930-172536-812.wav,play,5,329.15341375941045,1.24,0.0,0.204,0.1094696000218391,0.078,0,high,False
unknown_silent/unknown_silent_owner_20260930-172740-643.wav,unknown_silent,5,329.15341375941045,8.6,0.0,0.116,0.4157271087169647,0.345,0,unsure,False
unknown_silent/unknown_silent_owner_20260930-172801-598.wav,unknown_silent,5,329.15341375941045,0.86,0.0,0.27,0.0446009188890457,0.071,0,high,False
unknown_silent/unknown_silent_owner_20260930-172830-446.wav,unknown_silent,5,331.06018008760145,1.04,0.0,0.22,0.0530428141355514,0.112,0,high,False
unknown_other/unknown_other_owner_20260930-172929-917.wav,unknown_other,5,329.15341375941045,1.74,0.0,0.154,0.5855517387390137,0.655,0,unsure,True
unknown_other/unknown_other_owner_20260930-172939-031.wav,unknown_other,5,,0.6,0.0,0.313,,0.524,-1,unsure,False
unknown_other/unknown_other_owner_20260930-172947-129.wav,unknown_other,5,124.00745267433048,1.48,0.0,0.102,0.6128339767456055,0.871,1,low,False
unknown_other/unknown_other_owner_20260930-173011-021.wav,unknown_other,5,250.8966997353467,2.5,0.0,0.103,0.0460872575640678,0.034,0,high,False
unknown_other/unknown_other_owner_20260930-173024-165.wav,unknown_other,5,243.75415772291475,0.98,0.0,0.306,0.1054366379976272,0.154,0,high,False
unknown_other/unknown_other_owner_20260930-173029-242.wav,unknown_other,5,,1.48,0.0,0.153,,0.808,-1,low,False
play/play_owner_20260930-173053-749.wav,play,5,,1.42,0.0,0.178,,0.714,-1,unsure,False
play/play_owner_20260930-173108-517.wav,play,5,329.15341375941045,3.36,0.0,0.106,0.4130763709545135,0.286,0,unsure,False
play/play_owner_20260930-173122-802.wav,play,5,234.09489832078265,1.98,1.0,0.276,0.2876836061477661,0.191,0,high,False
party/party_owner_20260930-173146-748.wav,party,5,334.9069140864731,1.58,0.0,0.078,0.0276998803019523,0.019,0,high,False
party/party_owner_20260930-173151-912.wav,party,5,129.1242671020315,1.48,0.0,0.147,0.8457799553871155,0.913,1,low,False
party/party_owner_20260930-173204-769.wav,party,5,121.17511854086,1.86,0.0,0.111,0.8433172106742859,0.907,1,low,False
party/party_owner_20260930-173211-147.wav,party,5,242.35023708172005,1.46,0.0,0.147,0.1599874347448349,0.103,0,high,False
party/party_owner_20260930-173216-904.wav,party,5,226.12076670401177,1.52,0.0,0.168,0.0706676691770553,0.033,0,high,False
party/party_owner_20260930-173222-281.wav,party,5,119.0934025331198,1.5,0.0,0.128,0.8745693564414978,0.894,1,low,False
