file_id,n_vad_chunks,n_complete,n_needs_review,recording_flag
Manual-BG-Macmic1,1,0,0,
Manual-BG-Macmic2,30,0,5,
Manual-BG-Phonemic1,6,0,2,
Manual-BG-RPI10,0,0,0,
Manual-BG-RPI11,0,0,0,
Manual-BG-RPI12,0,0,0,
Manual-BG-RPI13,0,0,0,
Manual-BG-RPI14,1,0,0,
Manual-BG-RPI15,1,0,0,
Manual-BG-RPI16,30,0,1,
Manual-BG-RPI17,13,0,0,
Manual-BG-RPI18,20,0,0,
Manual-BG-RPI19,0,0,0,
Manual-BG-RPI20,5,0,2,
Manual-BG-RPI21,52,0,0,
Manual-BG-RPI22,0,0,0,
Manual-BG-RPI23,0,0,0,
Manual-BG-RPI24,5,0,2,
Manual-BG-RPI25,1,0,0,
Manual-BG-RPI26,0,0,0,
Manual-BG-RPI27,0,0,0,
Manual-BG-RPI28,0,0,0,
Manual-BG-RPI29,0,0,0,
Manual-BG-RPI3,0,0,0,
Manual-BG-RPI30,0,0,0,
Manual-BG-RPI31,0,0,0,
Manual-BG-RPI32,2,0,0,
Manual-BG-RPI33,0,0,0,
Manual-BG-RPI34,32,0,0,
Manual-BG-RPI36,14,0,0,
Manual-BG-RPI4,0,0,0,
Manual-BG-RPI5,6,0,0,
Manual-BG-RPI6,6,0,0,
Manual-BG-RPI7,1,0,0,
Manual-BG-RPI8,1,0,0,
Manual-BG-RPI9,1,0,0,
Manual-Fil-Macmic1,11,11,0,
Manual-Fil-Macmic2,14,12,2,
Manual-Fil-Phonemic1,1,1,0,
Manual-Fil-Phonemic2,1,1,0,
Manual-Fil-Phonemic3,9,10,2,
Manual-Fil-RPI1,1,1,0,
Manual-Fil-RPI10,1,0,1,positive_recording_without_complete_detection
Manual-Fil-RPI11,1,0,1,positive_recording_without_complete_detection
Manual-Fil-RPI12,1,1,0,
Manual-Fil-RPI14,1,1,0,
Manual-Fil-RPI15,1,0,1,positive_recording_without_complete_detection
Manual-Fil-RPI16,1,0,1,positive_recording_without_complete_detection
Manual-Fil-RPI17,1,0,1,positive_recording_without_complete_detection
Manual-Fil-RPI18,1,0,1,positive_recording_without_complete_detection
Manual-Fil-RPI19,1,0,1,positive_recording_without_complete_detection
Manual-Fil-RPI2,1,1,0,
Manual-Fil-RPI20,1,0,1,positive_recording_without_complete_detection
Manual-Fil-RPI21,1,0,1,positive_recording_without_complete_detection
Manual-Fil-RPI22,1,1,0,
Manual-Fil-RPI23,2,0,4,positive_recording_without_complete_detection
Manual-Fil-RPI24,1,1,0,
Manual-Fil-RPI25,1,1,0,
Manual-Fil-RPI26,1,1,0,
Manual-Fil-RPI27,1,1,0,
Manual-Fil-RPI28,1,1,0,
Manual-Fil-RPI29,1,0,1,positive_recording_without_complete_detection
Manual-Fil-RPI3,1,1,0,
Manual-Fil-RPI30,1,0,1,positive_recording_without_complete_detection
Manual-Fil-RPI31,1,0,1,positive_recording_without_complete_detection
Manual-Fil-RPI32,1,0,1,positive_recording_without_complete_detection
Manual-Fil-RPI33,1,0,1,positive_recording_without_complete_detection
Manual-Fil-RPI34,1,0,1,positive_recording_without_complete_detection
Manual-Fil-RPI35,1,0,1,positive_recording_without_complete_detection
Manual-Fil-RPI36,1,1,0,
Manual-Fil-RPI37,1,1,0,
Manual-Fil-RPI38,1,1,0,
Manual-Fil-RPI39,1,1,1,
Manual-Fil-RPI4,1,1,0,
Manual-Fil-RPI41,1,0,1,positive_recording_without_complete_detection
Manual-Fil-RPI42,1,0,1,positive_recording_without_complete_detection
Manual-Fil-RPI43,1,0,1,positive_recording_without_complete_detection
Manual-Fil-RPI44,1,1,0,
Manual-Fil-RPI45,1,0,1,positive_recording_without_complete_detection
Manual-Fil-RPI46,1,1,0,
Manual-Fil-RPI47,1,0,1,positive_recording_without_complete_detection
Manual-Fil-RPI48,1,0,1,positive_recording_without_complete_detection
Manual-Fil-RPI49,1,0,1,positive_recording_without_complete_detection
Manual-Fil-RPI5,1,1,0,
Manual-Fil-RPI50,1,0,2,positive_recording_without_complete_detection
Manual-Fil-RPI51,1,0,1,positive_recording_without_complete_detection
Manual-Fil-RPI52,1,0,1,positive_recording_without_complete_detection
Manual-Fil-RPI53,1,0,1,positive_recording_without_complete_detection
Manual-Fil-RPI54,1,0,1,positive_recording_without_complete_detection
Manual-Fil-RPI55,1,0,1,positive_recording_without_complete_detection
Manual-Fil-RPI56,1,0,1,positive_recording_without_complete_detection
Manual-Fil-RPI57,1,0,1,positive_recording_without_complete_detection
Manual-Fil-RPI58,1,0,1,positive_recording_without_complete_detection
Manual-Fil-RPI59,1,0,1,positive_recording_without_complete_detection
Manual-Fil-RPI6,1,1,0,
Manual-Fil-RPI60,1,0,1,positive_recording_without_complete_detection
Manual-Fil-RPI61,1,0,1,positive_recording_without_complete_detection
Manual-Fil-RPI62,1,1,0,
Manual-Fil-RPI63,1,1,0,
Manual-Fil-RPI64,1,1,0,
Manual-Fil-RPI65,6,7,9,
Manual-Fil-RPI66,8,5,4,
Manual-Fil-RPI67,13,8,8,
Manual-Fil-RPI68,8,7,1,
Manual-Fil-RPI7,1,1,1,
Manual-Fil-RPI70,8,7,2,
Manual-Fil-RPI71,7,5,3,
Manual-Fil-RPI73,1,0,1,positive_recording_without_complete_detection
Manual-Fil-RPI74,1,2,0,
Manual-Fil-RPI75,3,3,0,
Manual-Fil-RPI76,6,6,0,
Manual-Fil-RPI77,2,1,1,
Manual-Fil-RPI78,3,2,2,
Manual-Fil-RPI79,2,0,2,positive_recording_without_complete_detection
Manual-Fil-RPI8,1,1,0,
Manual-Fil-RPI80,10,9,1,
Manual-Fil-RPI81,1,2,1,
Manual-Fil-RPI82,1,3,2,
Manual-Fil-RPI9,1,1,0,
