split,label,window_type,label_source,windows
streaming_eval_holdout,negative,negative_partial_wakeword,synthetic_ground_truth_fragment,236
streaming_eval_holdout,negative,negative_stream_background,synthetic_ground_truth_absence,4118
streaming_eval_holdout,positive,positive_wakeword,synthetic_ground_truth,288
test,negative,negative_confusable,synthetic_generation_label,1281
test,negative,negative_general_speech,synthetic_generation_label,1071
test,negative,negative_media,synthetic_generation_label,266
test,negative,negative_non_speech_from_positive_recording,asr_no_detection_unreviewed,6
test,negative,negative_partial_wakeword,human_fragment,24
test,negative,negative_partial_wakeword,synthetic_generation_label,199
test,negative,negative_real_background,asr_no_detection_unreviewed,495
test,negative,negative_silence_noise,synthetic_generation_label,586
test,positive,positive_wakeword,asr_candidate_reviewed,4
test,positive,positive_wakeword,human,31
test,positive,positive_wakeword,synthetic_ground_truth,199
train,negative,negative_confusable,human_recording_label,1
train,negative,negative_confusable,synthetic_generation_label,9333
train,negative,negative_general_speech,synthetic_generation_label,10030
train,negative,negative_media,human_recording_label,152
train,negative,negative_media,synthetic_generation_label,2101
train,negative,negative_non_speech_from_positive_recording,asr_no_detection_unreviewed,37
train,negative,negative_partial_wakeword,human_fragment,140
train,negative,negative_partial_wakeword,synthetic_generation_label,1062
train,negative,negative_partial_wakeword,synthetic_ground_truth_fragment,27
train,negative,negative_real_background,asr_no_detection_unreviewed,3885
train,negative,negative_silence_noise,human_recording_label,3
train,negative,negative_silence_noise,synthetic_generation_label,5105
train,positive,positive_wakeword,asr_candidate_reviewed,89
train,positive,positive_wakeword,human,215
train,positive,positive_wakeword,synthetic_ground_truth,1505
validation,negative,negative_confusable,human_recording_label,1
validation,negative,negative_confusable,synthetic_generation_label,1277
validation,negative,negative_general_speech,synthetic_generation_label,1075
validation,negative,negative_media,synthetic_generation_label,266
validation,negative,negative_non_speech_from_positive_recording,asr_no_detection_unreviewed,7
validation,negative,negative_partial_wakeword,human_fragment,28
validation,negative,negative_partial_wakeword,synthetic_generation_label,199
validation,negative,negative_real_background,asr_no_detection_unreviewed,439
validation,negative,negative_silence_noise,human_recording_label,6
validation,negative,negative_silence_noise,synthetic_generation_label,587
validation,positive,positive_wakeword,asr_candidate_reviewed,5
validation,positive,positive_wakeword,human,33
validation,positive,positive_wakeword,synthetic_ground_truth,194
