dataset,origin,contributor,description,real_or_synthetic,license,citation,doi,clips,train,validation,test,command_clips,unknown_clips,command_classes,speakers,used_in_training,notes
owner_recordings,owner (me),owner + speaker2,own Pi/laptop recordings of the commands,real,own data,own data,none (own data; Zenodo deposit would give one),608,335.0,115.0,158.0,403.0,205.0,21.0,2.0,yes (train split),
web_tas,classmates' list,Classmate E (listed); downloaded by owner,"Timers and Such v1.0, real part",real,CC0 1.0,"Lugosch et al. 2021, arXiv:2104.01604",10.5281/zenodo.4623772,1561,1192.0,202.0,167.0,37.0,1524.0,5.0,94.0,yes (train split),
web_fsc,classmates' list,Classmate B (listed); downloaded by owner,Fluent Speech Commands,real,"Fluent Speech Commands Public License (non-commercial/academic, no sharing)","Lugosch et al. 2019, arXiv:1904.03670",10.48550/arXiv.1904.03670,6403,4921.0,673.0,809.0,4779.0,1624.0,7.0,96.0,yes (train split),
web_slurp,classmates' list,Classmate A (listed); downloaded by owner,SLURP real recordings,real,CC BY-NC 4.0,"Bastianelli et al. 2020, arXiv:2011.13205",10.48550/arXiv.2011.13205,2483,1730.0,280.0,473.0,986.0,1497.0,13.0,2061.0,yes (train split),
reuse_fleurs,owner (me),owner,FLEURS Filipino/English speech as unknown,real,CC-BY 4.0 (FLEURS),"Conneau et al. 2022, arXiv:2205.12446",10.48550/arXiv.2205.12446,594,483.0,57.0,54.0,0.0,594.0,0.0,594.0,yes (train split),
reuse_musan,owner (me),owner,MUSAN noise / music / speech as unknown,real,CC-BY 4.0 / US public domain (MUSAN),"Snyder et al. 2015, arXiv:1510.08484",10.48550/arXiv.1510.08484,1523,1138.0,191.0,194.0,0.0,1523.0,0.0,1323.0,yes (train split),
reuse_mswc,owner (me),owner,MSWC single words (Common Voice audio) as unknown,real,CC-BY 4.0 (MSWC),"Mazumder et al. 2021, NeurIPS Datasets & Benchmarks",none found,666,562.0,56.0,48.0,0.0,666.0,0.0,664.0,yes (train split),
reuse_owner,owner (me),owner,"own room recordings (TV, talk, silence) used as unknown",real,own data,own data,none (own data),861,661.0,88.0,112.0,0.0,861.0,0.0,1.0,yes (train split),
synthetic_ph,owner (me),owner,Philippine-accent neural TTS (edge-tts),synthetic,edge-tts output (Microsoft neural voices),Microsoft neural voices via edge-tts,none,1195,927.0,64.0,204.0,790.0,405.0,21.0,36.0,yes (train split),
synthetic_clone,owner (me),owner,Chatterbox voice clones of FLEURS speakers,synthetic,Chatterbox (MIT) clones of FLEURS CC-BY 4.0 speakers,Chatterbox (MIT); FLEURS arXiv:2205.12446,10.48550/arXiv.2205.12446,5021,3925.0,496.0,600.0,3315.0,1706.0,21.0,150.0,yes (train split),
synthetic_piper,owner (me),owner,Piper TTS voices saying the commands,synthetic,Piper voices (per-voice model licences),"Piper (rhasspy), per-voice licences",none,4878,3717.0,712.0,449.0,3161.0,1717.0,21.0,150.0,yes (train split),
converted_owner,owner (me),owner,own recordings voice-converted to other voices (Chatterbox VC),synthetic,Chatterbox VC (MIT) of own recordings,"own data; Chatterbox (Resemble AI, MIT)",none,1578,1578.0,0.0,0.0,1089.0,489.0,13.0,20.0,yes (train split),
fragments_owner_recordings,owner (me),owner,cut-off commands (unknown) from own recordings,real,derived from source clip,own data,none,279,140.0,62.0,77.0,7.0,272.0,1.0,279.0,yes (train split),
fragments_synthetic_clone,owner (me),owner,cut-off commands from Chatterbox clips,synthetic,derived from source clip,derived,none,323,252.0,36.0,35.0,13.0,310.0,1.0,323.0,yes (train split),
fragments_synthetic_ph,owner (me),owner,cut-off commands from edge-tts clips,synthetic,derived from source clip,derived,none,328,222.0,21.0,85.0,13.0,315.0,1.0,328.0,yes (train split),
fragments_synthetic_piper,owner (me),owner,cut-off commands from Piper clips,synthetic,derived from source clip,derived,none,325,267.0,51.0,7.0,13.0,312.0,1.0,325.0,yes (train split),
fragments_web_tas,classmates' list,owner (from Timers and Such),cut-off Timers and Such commands,real,derived from source clip,"Lugosch et al. 2021, arXiv:2104.01604",10.5281/zenodo.4623772,61,47.0,7.0,7.0,0.0,61.0,0.0,61.0,yes (train split),
fragments_web_slurp,classmates' list,owner (from SLURP),cut-off SLURP commands,real,derived from source clip,"Bastianelli et al. 2020, SLURP, arXiv:2011.13205",10.48550/arXiv.2011.13205,321,233.0,25.0,63.0,0.0,321.0,0.0,321.0,yes (train split),
variants_ph,owner (me),owner,"other wordings, Philippine-accent TTS",synthetic,edge-tts output (Microsoft neural voices),edge-tts,none,4669,4357.0,312.0,0.0,3104.0,1565.0,21.0,30.0,yes (train split),
variants_piper,owner (me),owner,"other wordings of each command, Piper voices",synthetic,Piper voices (per-voice model licences),Piper (rhasspy),none,9262,7579.0,1683.0,0.0,6171.0,3091.0,21.0,60.0,yes (train split),
variants_clone,owner (me),owner,"other wordings, Chatterbox clones",synthetic,Chatterbox (MIT) clones of FLEURS CC-BY 4.0 speakers,Chatterbox (MIT),none,2903,2431.0,472.0,0.0,1766.0,1137.0,21.0,30.0,yes (train split),
other_speakers,classmates' list,"classmates (4 speakers, owner-provided)",classmates' own recordings of the schema,real,recorded by classmates for this project (owner-provided),classmates' recordings,none,158,158.0,0.0,0.0,139.0,19.0,27.0,4.0,yes (train split),
classmate_optionb,classmates' list,Classmate A,"voice-cloned Option-B set (100 speakers, clean + noisy)",synthetic,"no licence stated (classmate Classmate A, github markandrian30/AI231; voices cloned from LibriSpeech CC BY 4.0 refs)",github markandrian30/AI231 (commit 5b23a95),none,17851,14256.0,1806.0,1789.0,17851.0,0.0,31.0,100.0,yes (train split),1 clips dropped/not used (see data/commands_classmates/dropped.csv)
web_gsc,classmates' list,Classmate B,"Google Speech Commands v0.02 ('stop' + other words, noise)",real,"CC BY 4.0 (Warden 2018, arXiv:1804.03209)","Warden 2018, arXiv:1804.03209",10.48550/arXiv.1804.03209,89610,84849.0,2350.0,2411.0,3872.0,85738.0,1.0,2593.0,yes (train split),16225 clips dropped/not used (see data/commands_classmates/dropped.csv)
web_snips,classmates' list,Classmate E,Snips SLU smart-lights / smart-speaker,real,Snips SLU research datasets terms (HF mirror card: MIT); Saade et al. 2018 arXiv:1810.12735,"Saade et al. 2018, arXiv:1810.12735",10.48550/arXiv.1810.12735,192,192.0,0.0,0.0,124.0,68.0,6.0,22.0,yes (train split),5694 clips dropped/not used (see data/commands_classmates/dropped.csv)
web_multisensor,classmates' list,Classmate F (VCM),"Multi-Sensor Voice Command Dataset, 'next song' x 4 sensors",real,"CC BY 4.0 (Multi-Sensor Voice Command Dataset, doi:10.48804/IEKKVZ)","Rusci, Van hamme, Tuytelaars, KU Leuven RDR",10.48804/IEKKVZ,1192,956.0,116.0,120.0,1192.0,0.0,1.0,20.0,yes (train split),
classmate_vcm_real,classmates' list,Classmate F (VCM),classmate's own SET_TEMPERATURE recordings,real,"no licence stated (classmate Classmate F's own recordings, VCM)",classmate recordings,none,95,57.0,19.0,19.0,20.0,75.0,2.0,5.0,yes (train split),5 clips dropped/not used (see data/commands_classmates/dropped.csv)
classmate_vcm_piper,classmates' list,Classmate F (VCM),classmate's Piper SET_TEMPERATURE clips,synthetic,"Piper TTS output (classmate Classmate F, VCM); voice licences per Piper voice",Piper (rhasspy),none,287,287.0,0.0,0.0,42.0,245.0,2.0,30.0,yes (train split),13 clips dropped/not used (see data/commands_classmates/dropped.csv)
classmate_syntts,classmates' list,Classmate C,SynTTS-Commands English (CosyVoice2),synthetic,"MIT (SynTTS-Commands, arXiv:2511.07821)","SynTTS-Commands (github lugan113), arXiv:2511.07821",10.48550/arXiv.2511.07821,52962,52962.0,0.0,0.0,40481.0,12481.0,4.0,8100.0,yes (train split),3 clips dropped/not used (see data/commands_classmates/dropped.csv)
kaggle_synthetic_speech_commands,classmates' list,Classmate B,Kaggle synthetic speech commands (jbuchner),,see Kaggle page,kaggle.com/datasets/jbuchner/synthetic-speech-commands-dataset,none found,0,,,,,,,,no,not downloaded: needs kaggle.json (owner: train without it)
common_voice_kaggle,classmates' list,Classmate D,Common Voice (Kaggle mirror),,CC0,"Ardila et al. 2020, arXiv:1912.06670",10.48550/arXiv.1912.06670,0,,,,,,,,no,not downloaded: needs kaggle.json; MSWC words (Common Voice audio) already used as unknown
mlend_spoken_numerals,classmates' list,Classmate D,MLEnd spoken numerals,,see Kaggle page,kaggle.com/datasets/jesusrequena/mlend-spoken-numerals,none found,0,,,,,,,,no,not downloaded: needs kaggle.json
fsc_kaggle_mirror,classmates' list,Classmate B,Fluent Speech Commands (Kaggle mirror),,FSC Public License,Lugosch et al. 2019,10.48550/arXiv.1904.03670,0,,,,,,,,no,same corpus as web_fsc (already used)
vcm_fsc_slurp_tas,classmates' list,Classmate F (VCM),VCM copies of FSC / SLURP / Timers and Such clips,,source licences (FSC forbids sharing audio),see web_fsc / web_slurp / web_tas,,0,,,,,,,,no,"duplicates of corpora we already have, labelled by our own rules"
vcm_gsc_silence,classmates' list,Classmate F (VCM),VCM SILENCE cut from GSC background noise,,CC BY 4.0,Warden 2018,10.48550/arXiv.1804.03209,0,,,,,,,,no,duplicates web_gsc _background_noise_
classmate_optionb_flagged,classmates' list,Classmate A,Option-B clips that failed Classmate A's Whisper QA,,none stated,github markandrian30/AI231,none,0,,,,,,,,no,failed the contributor's own quality check
qualcomm_keyword_speech,owner (me),owner,Qualcomm Keyword Speech Dataset (wakeword evaluation),,"internal research only, no incorporation",Qualcomm Technologies 2019,none found,0,,,,,,,,no,licence forbids incorporating; wakeword evaluation only
hey_snips,owner (me),owner,Sonos 'Hey Snips' keyword spotting v1,,academic research only,"Coucke et al. 2019, ICASSP",10.1109/ICASSP.2019.8683474 (verify),0,,,,,,,,no,"wakeword data, not commands"
mit_ir,owner (me),owner,MIT acoustical reverberation survey (270 IRs),,CC BY 4.0,"Traer & McDermott 2016, PNAS",10.1073/pnas.1612524113 (verify),0,,,,,,,,no,"used as room-echo augmentation, not as clips"
