path,label,class,dataset,speaker,split,real,license,old_class,text,rule
data/commands_real_web/unknown/slurp__audio-1488972271.wav,unknown,drop,web_slurp,slurp-audio-1488972271,train,True,CC BY-NC 4.0,unknown,do i have any new inbox message,"unknown sentence, ambiguous intent ('do i have any new inbox message')"
data/commands_real_web/unknown/slurp__audio-1502896754.wav,unknown,drop,web_slurp,slurp-audio-1502896754,train,True,CC BY-NC 4.0,unknown,call a taxi,"unknown sentence, ambiguous intent ('call a taxi')"
data/commands_real_web/unknown/slurp__audio-1490104507-headset.wav,unknown,drop,web_slurp,slurp-audio-1490104507,test,True,CC BY-NC 4.0,unknown,call for takeout,"unknown sentence, ambiguous intent ('call for takeout')"
data/commands_real_web/unknown/slurp__audio-1501406713.wav,unknown,drop,web_slurp,slurp-audio-1501406713,test,True,CC BY-NC 4.0,unknown,call yellow cab,"unknown sentence, ambiguous intent ('call yellow cab')"
data/commands_real_web/unknown/slurp__audio-1501687364-headset.wav,unknown,drop,web_slurp,slurp-audio-1501687364,validation,True,CC BY-NC 4.0,unknown,i need to get to location call a cab,"unknown sentence, ambiguous intent ('i need to get to location call a cab')"
data/commands_real_web/unknown/slurp__audio-1490799343.wav,unknown,drop,web_slurp,slurp-audio-1490799343,train,True,CC BY-NC 4.0,unknown,can you message back jean via email,"unknown sentence, ambiguous intent ('can you message back jean via email')"
data/commands_real_web/unknown/slurp__audio-1497029102.wav,unknown,drop,web_slurp,slurp-audio-1497029102,train,True,CC BY-NC 4.0,unknown,drop a message to jan write i will be late,"unknown sentence, ambiguous intent ('drop a message to jan write i will be late')"
data/commands_real_web/unknown/slurp__audio-1497872724-headset.wav,unknown,drop,web_slurp,slurp-audio-1497872724,train,True,CC BY-NC 4.0,unknown,post this message in facebook,"unknown sentence, ambiguous intent ('post this message in facebook')"
data/commands_real_web/unknown/slurp__audio-1501768323.wav,unknown,drop,web_slurp,slurp-audio-1501768323,train,True,CC BY-NC 4.0,unknown,write a message to payoneer and tell them that my card isn't working,"unknown sentence, ambiguous intent ('write a message to payoneer and tell them that my card isn't working')"
data/commands_real_web/unknown/slurp__audio-1495377178.wav,unknown,drop,web_slurp,slurp-audio-1495377178,validation,True,CC BY-NC 4.0,unknown,email message to address,"unknown sentence, ambiguous intent ('email message to address')"
data/commands_real_web/unknown/slurp__audio-1501690077-headset.wav,unknown,drop,web_slurp,slurp-audio-1501690077,validation,True,CC BY-NC 4.0,unknown,call raju phone number,"unknown sentence, ambiguous intent ('call raju phone number')"
data/commands_real_web/unknown/slurp__audio-1501686573-headset.wav,unknown,drop,web_slurp,slurp-audio-1501686573,train,True,CC BY-NC 4.0,unknown,post a message to facebook,"unknown sentence, ambiguous intent ('post a message to facebook')"
data/commands_real_web/unknown/slurp__audio-1497882368-headset.wav,unknown,drop,web_slurp,slurp-audio-1497882368,train,True,CC BY-NC 4.0,unknown,can you call an uber for me,"unknown sentence, ambiguous intent ('can you call an uber for me')"
data/commands_real_web/unknown/slurp__audio-1495377330.wav,unknown,drop,web_slurp,slurp-audio-1495377330,train,True,CC BY-NC 4.0,unknown,message @bobburgers they screwed up my order and i had to wait an extra hour,"unknown sentence, ambiguous intent ('message @bobburgers they screwed up my order and i had to wait an extra hour')"
data/commands_real_web/unknown/slurp__audio-1499689603.wav,unknown,drop,web_slurp,slurp-audio-1499689603,test,True,CC BY-NC 4.0,unknown,open twitter send message,"unknown sentence, ambiguous intent ('open twitter send message')"
data/commands_real_web/unknown/slurp__audio-1490105599.wav,unknown,drop,web_slurp,slurp-audio-1490105599,train,True,CC BY-NC 4.0,unknown,write this message to the coworker group,"unknown sentence, ambiguous intent ('write this message to the coworker group')"
data/commands_real_web/unknown/slurp__audio-1490367476.wav,unknown,drop,web_slurp,slurp-audio-1490367476,train,True,CC BY-NC 4.0,unknown,call a car for me,"unknown sentence, ambiguous intent ('call a car for me')"
data/commands_real_web/unknown/slurp__audio-1490263300.wav,unknown,drop,web_slurp,slurp-audio-1490263300,train,True,CC BY-NC 4.0,unknown,call domino's pizza,"unknown sentence, ambiguous intent ('call domino's pizza')"
data/commands_synthetic/unknown_other/unknown_other__enmPHmRosaNeural_m15pct_p20Hz_1.wav,unknown_other,drop,synthetic_ph,enmPHmRosaNeural_m15pct_p20Hz,train,False,edge-tts output (Microsoft neural voices),unknown,Stop talking,"unknown sentence, ambiguous intent ('Stop talking')"
data/commands_synthetic/unknown_other/unknown_other__filmPHmAngeloNeural_m15pct_p20Hz_0.wav,unknown_other,drop,synthetic_ph,filmPHmAngeloNeural_m15pct_p20Hz,train,False,edge-tts output (Microsoft neural voices),unknown,Stop talking,"unknown sentence, ambiguous intent ('Stop talking')"
data/commands_synthetic/unknown_other/unknown_other__filmPHmBlessicaNeural_p0pct_p0Hz_1.wav,unknown_other,drop,synthetic_ph,filmPHmBlessicaNeural_p0pct_p0Hz,train,False,edge-tts output (Microsoft neural voices),unknown,Stop talking,"unknown sentence, ambiguous intent ('Stop talking')"
data/commands_synthetic/unknown_other/unknown_other__fleursfil01_f_1.wav,unknown_other,drop,synthetic_clone,fleursfil01_f,train,False,Chatterbox (MIT) clones of FLEURS CC-BY 4.0 speakers,unknown,Stop talking,"unknown sentence, ambiguous intent ('Stop talking')"
data/commands_synthetic/unknown_other/unknown_other__fleursfil09_m_2.wav,unknown_other,drop,synthetic_clone,fleursfil09_m,train,False,Chatterbox (MIT) clones of FLEURS CC-BY 4.0 speakers,unknown,Stop talking,"unknown sentence, ambiguous intent ('Stop talking')"
data/commands_synthetic/unknown_other/unknown_other__fleursfil19_m_2.wav,unknown_other,drop,synthetic_clone,fleursfil19_m,validation,False,Chatterbox (MIT) clones of FLEURS CC-BY 4.0 speakers,unknown,Stop talking,"unknown sentence, ambiguous intent ('Stop talking')"
data/commands_synthetic/unknown_other/unknown_other__fleursfil27_m_0.wav,unknown_other,drop,synthetic_clone,fleursfil27_m,train,False,Chatterbox (MIT) clones of FLEURS CC-BY 4.0 speakers,unknown,Stop talking,"unknown sentence, ambiguous intent ('Stop talking')"
data/commands_synthetic/unknown_other/unknown_other__fleursfil30_m_0.wav,unknown_other,drop,synthetic_clone,fleursfil30_m,validation,False,Chatterbox (MIT) clones of FLEURS CC-BY 4.0 speakers,unknown,Stop talking,"unknown sentence, ambiguous intent ('Stop talking')"
data/commands_synthetic/unknown_other/unknown_other__fleursfil41_m_1.wav,unknown_other,drop,synthetic_clone,fleursfil41_m,train,False,Chatterbox (MIT) clones of FLEURS CC-BY 4.0 speakers,unknown,Stop talking,"unknown sentence, ambiguous intent ('Stop talking')"
data/commands_synthetic/unknown_other/unknown_other__fleursfil44_f_1.wav,unknown_other,drop,synthetic_clone,fleursfil44_f,train,False,Chatterbox (MIT) clones of FLEURS CC-BY 4.0 speakers,unknown,Stop talking,"unknown sentence, ambiguous intent ('Stop talking')"
data/commands_synthetic/unknown_other/unknown_other__fleursfil47_f_2.wav,unknown_other,drop,synthetic_clone,fleursfil47_f,train,False,Chatterbox (MIT) clones of FLEURS CC-BY 4.0 speakers,unknown,Stop talking,"unknown sentence, ambiguous intent ('Stop talking')"
data/commands_synthetic/unknown_other/unknown_other__fleursfil55_f_0.wav,unknown_other,drop,synthetic_clone,fleursfil55_f,validation,False,Chatterbox (MIT) clones of FLEURS CC-BY 4.0 speakers,unknown,Stop talking,"unknown sentence, ambiguous intent ('Stop talking')"
data/commands_synthetic/unknown_other/unknown_other__fleursfil61_f_1.wav,unknown_other,drop,synthetic_clone,fleursfil61_f,test,False,Chatterbox (MIT) clones of FLEURS CC-BY 4.0 speakers,unknown,Stop talking,"unknown sentence, ambiguous intent ('Stop talking')"
data/commands_synthetic/unknown_other/unknown_other__fleursfil64_f_1.wav,unknown_other,drop,synthetic_clone,fleursfil64_f,train,False,Chatterbox (MIT) clones of FLEURS CC-BY 4.0 speakers,unknown,Stop talking,"unknown sentence, ambiguous intent ('Stop talking')"
data/commands_synthetic/unknown_other/unknown_other__fleursfil67_f_2.wav,unknown_other,drop,synthetic_clone,fleursfil67_f,train,False,Chatterbox (MIT) clones of FLEURS CC-BY 4.0 speakers,unknown,Stop talking,"unknown sentence, ambiguous intent ('Stop talking')"
data/commands_synthetic/unknown_other/unknown_other__fleursfil75_f_0.wav,unknown_other,drop,synthetic_clone,fleursfil75_f,train,False,Chatterbox (MIT) clones of FLEURS CC-BY 4.0 speakers,unknown,Stop talking,"unknown sentence, ambiguous intent ('Stop talking')"
data/commands_synthetic/unknown_other/unknown_other__fleursfil101_f_1.wav,unknown_other,drop,synthetic_clone,fleursfil101_f,validation,False,Chatterbox (MIT) clones of FLEURS CC-BY 4.0 speakers,unknown,Stop talking,"unknown sentence, ambiguous intent ('Stop talking')"
data/commands_synthetic/unknown_other/unknown_other__fleursfil102_f_1.wav,unknown_other,drop,synthetic_clone,fleursfil102_f,train,False,Chatterbox (MIT) clones of FLEURS CC-BY 4.0 speakers,unknown,Stop talking,"unknown sentence, ambiguous intent ('Stop talking')"
data/commands_synthetic/unknown_other/unknown_other__fleursfil106_m_1.wav,unknown_other,drop,synthetic_clone,fleursfil106_m,train,False,Chatterbox (MIT) clones of FLEURS CC-BY 4.0 speakers,unknown,Stop talking,"unknown sentence, ambiguous intent ('Stop talking')"
data/commands_synthetic/unknown_other/unknown_other__fleursfil124_m_0.wav,unknown_other,drop,synthetic_clone,fleursfil124_m,test,False,Chatterbox (MIT) clones of FLEURS CC-BY 4.0 speakers,unknown,Stop talking,"unknown sentence, ambiguous intent ('Stop talking')"
data/commands_synthetic/unknown_other/unknown_other__fleursfil138_f_0.wav,unknown_other,drop,synthetic_clone,fleursfil138_f,train,False,Chatterbox (MIT) clones of FLEURS CC-BY 4.0 speakers,unknown,Stop talking,"unknown sentence, ambiguous intent ('Stop talking')"
data/commands_synthetic/unknown_other/unknown_other__fleursfil142_m_0.wav,unknown_other,drop,synthetic_clone,fleursfil142_m,train,False,Chatterbox (MIT) clones of FLEURS CC-BY 4.0 speakers,unknown,Stop talking,"unknown sentence, ambiguous intent ('Stop talking')"
data/commands_synthetic/unknown_other/unknown_other__en_US-libritts_r-medium_spk47_0.wav,unknown_other,drop,synthetic_piper,en_US-libritts_r-medium_spk47,train,False,Piper voices (per-voice model licences),unknown,Stop talking,"unknown sentence, ambiguous intent ('Stop talking')"
data/commands_synthetic/unknown_other/unknown_other__en_US-libritts_r-medium_spk55_1.wav,unknown_other,drop,synthetic_piper,en_US-libritts_r-medium_spk55,test,False,Piper voices (per-voice model licences),unknown,Stop talking,"unknown sentence, ambiguous intent ('Stop talking')"
data/commands_synthetic/unknown_other/unknown_other__en_US-libritts_r-medium_spk59_2.wav,unknown_other,drop,synthetic_piper,en_US-libritts_r-medium_spk59,train,False,Piper voices (per-voice model licences),unknown,Stop talking,"unknown sentence, ambiguous intent ('Stop talking')"
data/commands_synthetic/unknown_other/unknown_other__en_US-libritts_r-medium_spk62_1.wav,unknown_other,drop,synthetic_piper,en_US-libritts_r-medium_spk62,train,False,Piper voices (per-voice model licences),unknown,Stop talking,"unknown sentence, ambiguous intent ('Stop talking')"
data/commands_synthetic/unknown_other/unknown_other__en_US-libritts_r-medium_spk172_1.wav,unknown_other,drop,synthetic_piper,en_US-libritts_r-medium_spk172,train,False,Piper voices (per-voice model licences),unknown,Stop talking,"unknown sentence, ambiguous intent ('Stop talking')"
data/commands_synthetic/unknown_other/unknown_other__en_US-libritts_r-medium_spk196_1.wav,unknown_other,drop,synthetic_piper,en_US-libritts_r-medium_spk196,train,False,Piper voices (per-voice model licences),unknown,Stop talking,"unknown sentence, ambiguous intent ('Stop talking')"
data/commands_synthetic/unknown_other/unknown_other__en_US-libritts_r-medium_spk401_2.wav,unknown_other,drop,synthetic_piper,en_US-libritts_r-medium_spk401,train,False,Piper voices (per-voice model licences),unknown,Stop talking,"unknown sentence, ambiguous intent ('Stop talking')"
data/commands_synthetic/unknown_other/unknown_other__en_US-libritts_r-medium_spk441_2.wav,unknown_other,drop,synthetic_piper,en_US-libritts_r-medium_spk441,train,False,Piper voices (per-voice model licences),unknown,Stop talking,"unknown sentence, ambiguous intent ('Stop talking')"
data/commands_synthetic/unknown_other/unknown_other__en_US-libritts_r-medium_spk514_1.wav,unknown_other,drop,synthetic_piper,en_US-libritts_r-medium_spk514,train,False,Piper voices (per-voice model licences),unknown,Stop talking,"unknown sentence, ambiguous intent ('Stop talking')"
data/commands_synthetic/unknown_other/unknown_other__en_US-libritts_r-medium_spk719_1.wav,unknown_other,drop,synthetic_piper,en_US-libritts_r-medium_spk719,train,False,Piper voices (per-voice model licences),unknown,Stop talking,"unknown sentence, ambiguous intent ('Stop talking')"
data/commands_synthetic/unknown_other/unknown_other__en_US-libritts_r-medium_spk752_2.wav,unknown_other,drop,synthetic_piper,en_US-libritts_r-medium_spk752,validation,False,Piper voices (per-voice model licences),unknown,Stop talking,"unknown sentence, ambiguous intent ('Stop talking')"
data/commands_synthetic/unknown_other/unknown_other__en_US-libritts_r-medium_spk845_2.wav,unknown_other,drop,synthetic_piper,en_US-libritts_r-medium_spk845,test,False,Piper voices (per-voice model licences),unknown,Stop talking,"unknown sentence, ambiguous intent ('Stop talking')"
data/commands_synthetic/unknown_other/unknown_other__en_GB-vctk-medium_spk32_0.wav,unknown_other,drop,synthetic_piper,en_GB-vctk-medium_spk32,train,False,Piper voices (per-voice model licences),unknown,Stop talking,"unknown sentence, ambiguous intent ('Stop talking')"
data/commands_synthetic/unknown_other/unknown_other__en_GB-vctk-medium_spk54_2.wav,unknown_other,drop,synthetic_piper,en_GB-vctk-medium_spk54,train,False,Piper voices (per-voice model licences),unknown,Stop talking,"unknown sentence, ambiguous intent ('Stop talking')"
data/commands_synthetic/unknown_other/unknown_other__en_GB-vctk-medium_spk89_2.wav,unknown_other,drop,synthetic_piper,en_GB-vctk-medium_spk89,train,False,Piper voices (per-voice model licences),unknown,Stop talking,"unknown sentence, ambiguous intent ('Stop talking')"
data/commands_variants_train/unknown_other/unknown_other__enmPHmJamesNeural_m15pct_m20Hz__nm6.wav,unknown_other,drop,variants_ph,enmPHmJamesNeural_m15pct_m20Hz,train,False,edge-tts output (Microsoft neural voices),unknown,Stop talking please,"unknown sentence, ambiguous intent ('Stop talking please')"
data/commands_variants_train/unknown_other/unknown_other__enmPHmJamesNeural_m15pct_m20Hz__nm24.wav,unknown_other,drop,variants_ph,enmPHmJamesNeural_m15pct_m20Hz,train,False,edge-tts output (Microsoft neural voices),unknown,Lights out at ten,"unknown sentence, ambiguous intent ('Lights out at ten')"
data/commands_variants_train/unknown_other/unknown_other__enmPHmJamesNeural_m15pct_p0Hz__nm6.wav,unknown_other,drop,variants_ph,enmPHmJamesNeural_m15pct_p0Hz,train,False,edge-tts output (Microsoft neural voices),unknown,Stop talking please,"unknown sentence, ambiguous intent ('Stop talking please')"
data/commands_variants_train/unknown_other/unknown_other__enmPHmJamesNeural_m15pct_p0Hz__nm24.wav,unknown_other,drop,variants_ph,enmPHmJamesNeural_m15pct_p0Hz,train,False,edge-tts output (Microsoft neural voices),unknown,Lights out at ten,"unknown sentence, ambiguous intent ('Lights out at ten')"
data/commands_variants_train/unknown_other/unknown_other__enmPHmJamesNeural_p0pct_m20Hz__nm6.wav,unknown_other,drop,variants_ph,enmPHmJamesNeural_p0pct_m20Hz,validation,False,edge-tts output (Microsoft neural voices),unknown,Stop talking please,"unknown sentence, ambiguous intent ('Stop talking please')"
data/commands_variants_train/unknown_other/unknown_other__enmPHmJamesNeural_p0pct_m20Hz__nm24.wav,unknown_other,drop,variants_ph,enmPHmJamesNeural_p0pct_m20Hz,validation,False,edge-tts output (Microsoft neural voices),unknown,Lights out at ten,"unknown sentence, ambiguous intent ('Lights out at ten')"
data/commands_variants_train/unknown_other/unknown_other__enmPHmJamesNeural_p0pct_p0Hz__nm6.wav,unknown_other,drop,variants_ph,enmPHmJamesNeural_p0pct_p0Hz,train,False,edge-tts output (Microsoft neural voices),unknown,Stop talking please,"unknown sentence, ambiguous intent ('Stop talking please')"
data/commands_variants_train/unknown_other/unknown_other__enmPHmJamesNeural_p0pct_p0Hz__nm24.wav,unknown_other,drop,variants_ph,enmPHmJamesNeural_p0pct_p0Hz,train,False,edge-tts output (Microsoft neural voices),unknown,Lights out at ten,"unknown sentence, ambiguous intent ('Lights out at ten')"
data/commands_variants_train/unknown_other/unknown_other__enmPHmJamesNeural_p0pct_p20Hz__nm6.wav,unknown_other,drop,variants_ph,enmPHmJamesNeural_p0pct_p20Hz,train,False,edge-tts output (Microsoft neural voices),unknown,Stop talking please,"unknown sentence, ambiguous intent ('Stop talking please')"
data/commands_variants_train/unknown_other/unknown_other__enmPHmJamesNeural_p0pct_p20Hz__nm24.wav,unknown_other,drop,variants_ph,enmPHmJamesNeural_p0pct_p20Hz,train,False,edge-tts output (Microsoft neural voices),unknown,Lights out at ten,"unknown sentence, ambiguous intent ('Lights out at ten')"
data/commands_variants_train/unknown_other/unknown_other__enmPHmJamesNeural_p15pct_m20Hz__nm6.wav,unknown_other,drop,variants_ph,enmPHmJamesNeural_p15pct_m20Hz,validation,False,edge-tts output (Microsoft neural voices),unknown,Stop talking please,"unknown sentence, ambiguous intent ('Stop talking please')"
data/commands_variants_train/unknown_other/unknown_other__enmPHmJamesNeural_p15pct_m20Hz__nm24.wav,unknown_other,drop,variants_ph,enmPHmJamesNeural_p15pct_m20Hz,validation,False,edge-tts output (Microsoft neural voices),unknown,Lights out at ten,"unknown sentence, ambiguous intent ('Lights out at ten')"
data/commands_variants_train/unknown_other/unknown_other__enmPHmJamesNeural_p15pct_p0Hz__nm6.wav,unknown_other,drop,variants_ph,enmPHmJamesNeural_p15pct_p0Hz,train,False,edge-tts output (Microsoft neural voices),unknown,Stop talking please,"unknown sentence, ambiguous intent ('Stop talking please')"
data/commands_variants_train/unknown_other/unknown_other__enmPHmJamesNeural_p15pct_p0Hz__nm24.wav,unknown_other,drop,variants_ph,enmPHmJamesNeural_p15pct_p0Hz,train,False,edge-tts output (Microsoft neural voices),unknown,Lights out at ten,"unknown sentence, ambiguous intent ('Lights out at ten')"
data/commands_variants_train/unknown_other/unknown_other__enmPHmJamesNeural_p15pct_p20Hz__nm6.wav,unknown_other,drop,variants_ph,enmPHmJamesNeural_p15pct_p20Hz,train,False,edge-tts output (Microsoft neural voices),unknown,Stop talking please,"unknown sentence, ambiguous intent ('Stop talking please')"
data/commands_variants_train/unknown_other/unknown_other__enmPHmJamesNeural_p15pct_p20Hz__nm24.wav,unknown_other,drop,variants_ph,enmPHmJamesNeural_p15pct_p20Hz,train,False,edge-tts output (Microsoft neural voices),unknown,Lights out at ten,"unknown sentence, ambiguous intent ('Lights out at ten')"
data/commands_variants_train/unknown_other/unknown_other__enmPHmRosaNeural_m15pct_m20Hz__nm6.wav,unknown_other,drop,variants_ph,enmPHmRosaNeural_m15pct_m20Hz,train,False,edge-tts output (Microsoft neural voices),unknown,Stop talking please,"unknown sentence, ambiguous intent ('Stop talking please')"
data/commands_variants_train/unknown_other/unknown_other__enmPHmRosaNeural_m15pct_m20Hz__nm24.wav,unknown_other,drop,variants_ph,enmPHmRosaNeural_m15pct_m20Hz,train,False,edge-tts output (Microsoft neural voices),unknown,Lights out at ten,"unknown sentence, ambiguous intent ('Lights out at ten')"
data/commands_variants_train/unknown_other/unknown_other__enmPHmRosaNeural_m15pct_p0Hz__nm6.wav,unknown_other,drop,variants_ph,enmPHmRosaNeural_m15pct_p0Hz,train,False,edge-tts output (Microsoft neural voices),unknown,Stop talking please,"unknown sentence, ambiguous intent ('Stop talking please')"
data/commands_variants_train/unknown_other/unknown_other__enmPHmRosaNeural_m15pct_p0Hz__nm24.wav,unknown_other,drop,variants_ph,enmPHmRosaNeural_m15pct_p0Hz,train,False,edge-tts output (Microsoft neural voices),unknown,Lights out at ten,"unknown sentence, ambiguous intent ('Lights out at ten')"
data/commands_variants_train/unknown_other/unknown_other__enmPHmRosaNeural_m15pct_p20Hz__nm6.wav,unknown_other,drop,variants_ph,enmPHmRosaNeural_m15pct_p20Hz,train,False,edge-tts output (Microsoft neural voices),unknown,Stop talking please,"unknown sentence, ambiguous intent ('Stop talking please')"
data/commands_variants_train/unknown_other/unknown_other__enmPHmRosaNeural_m15pct_p20Hz__nm24.wav,unknown_other,drop,variants_ph,enmPHmRosaNeural_m15pct_p20Hz,train,False,edge-tts output (Microsoft neural voices),unknown,Lights out at ten,"unknown sentence, ambiguous intent ('Lights out at ten')"
data/commands_variants_train/unknown_other/unknown_other__enmPHmRosaNeural_p0pct_m20Hz__nm6.wav,unknown_other,drop,variants_ph,enmPHmRosaNeural_p0pct_m20Hz,train,False,edge-tts output (Microsoft neural voices),unknown,Stop talking please,"unknown sentence, ambiguous intent ('Stop talking please')"
data/commands_variants_train/unknown_other/unknown_other__enmPHmRosaNeural_p0pct_m20Hz__nm24.wav,unknown_other,drop,variants_ph,enmPHmRosaNeural_p0pct_m20Hz,train,False,edge-tts output (Microsoft neural voices),unknown,Lights out at ten,"unknown sentence, ambiguous intent ('Lights out at ten')"
data/commands_variants_train/unknown_other/unknown_other__enmPHmRosaNeural_p0pct_p20Hz__nm6.wav,unknown_other,drop,variants_ph,enmPHmRosaNeural_p0pct_p20Hz,train,False,edge-tts output (Microsoft neural voices),unknown,Stop talking please,"unknown sentence, ambiguous intent ('Stop talking please')"
data/commands_variants_train/unknown_other/unknown_other__enmPHmRosaNeural_p0pct_p20Hz__nm24.wav,unknown_other,drop,variants_ph,enmPHmRosaNeural_p0pct_p20Hz,train,False,edge-tts output (Microsoft neural voices),unknown,Lights out at ten,"unknown sentence, ambiguous intent ('Lights out at ten')"
data/commands_variants_train/unknown_other/unknown_other__enmPHmRosaNeural_p15pct_m20Hz__nm6.wav,unknown_other,drop,variants_ph,enmPHmRosaNeural_p15pct_m20Hz,train,False,edge-tts output (Microsoft neural voices),unknown,Stop talking please,"unknown sentence, ambiguous intent ('Stop talking please')"
data/commands_variants_train/unknown_other/unknown_other__enmPHmRosaNeural_p15pct_m20Hz__nm24.wav,unknown_other,drop,variants_ph,enmPHmRosaNeural_p15pct_m20Hz,train,False,edge-tts output (Microsoft neural voices),unknown,Lights out at ten,"unknown sentence, ambiguous intent ('Lights out at ten')"
data/commands_variants_train/unknown_other/unknown_other__enmPHmRosaNeural_p15pct_p0Hz__nm6.wav,unknown_other,drop,variants_ph,enmPHmRosaNeural_p15pct_p0Hz,train,False,edge-tts output (Microsoft neural voices),unknown,Stop talking please,"unknown sentence, ambiguous intent ('Stop talking please')"
data/commands_variants_train/unknown_other/unknown_other__enmPHmRosaNeural_p15pct_p0Hz__nm24.wav,unknown_other,drop,variants_ph,enmPHmRosaNeural_p15pct_p0Hz,train,False,edge-tts output (Microsoft neural voices),unknown,Lights out at ten,"unknown sentence, ambiguous intent ('Lights out at ten')"
data/commands_variants_train/unknown_other/unknown_other__enmPHmRosaNeural_p15pct_p20Hz__nm6.wav,unknown_other,drop,variants_ph,enmPHmRosaNeural_p15pct_p20Hz,train,False,edge-tts output (Microsoft neural voices),unknown,Stop talking please,"unknown sentence, ambiguous intent ('Stop talking please')"
data/commands_variants_train/unknown_other/unknown_other__enmPHmRosaNeural_p15pct_p20Hz__nm24.wav,unknown_other,drop,variants_ph,enmPHmRosaNeural_p15pct_p20Hz,train,False,edge-tts output (Microsoft neural voices),unknown,Lights out at ten,"unknown sentence, ambiguous intent ('Lights out at ten')"
data/commands_variants_train/unknown_other/unknown_other__filmPHmAngeloNeural_m15pct_m20Hz__nm6.wav,unknown_other,drop,variants_ph,filmPHmAngeloNeural_m15pct_m20Hz,train,False,edge-tts output (Microsoft neural voices),unknown,Stop talking please,"unknown sentence, ambiguous intent ('Stop talking please')"
data/commands_variants_train/unknown_other/unknown_other__filmPHmAngeloNeural_m15pct_m20Hz__nm24.wav,unknown_other,drop,variants_ph,filmPHmAngeloNeural_m15pct_m20Hz,train,False,edge-tts output (Microsoft neural voices),unknown,Lights out at ten,"unknown sentence, ambiguous intent ('Lights out at ten')"
data/commands_variants_train/unknown_other/unknown_other__filmPHmAngeloNeural_m15pct_p20Hz__nm6.wav,unknown_other,drop,variants_ph,filmPHmAngeloNeural_m15pct_p20Hz,train,False,edge-tts output (Microsoft neural voices),unknown,Stop talking please,"unknown sentence, ambiguous intent ('Stop talking please')"
data/commands_variants_train/unknown_other/unknown_other__filmPHmAngeloNeural_m15pct_p20Hz__nm24.wav,unknown_other,drop,variants_ph,filmPHmAngeloNeural_m15pct_p20Hz,train,False,edge-tts output (Microsoft neural voices),unknown,Lights out at ten,"unknown sentence, ambiguous intent ('Lights out at ten')"
data/commands_variants_train/unknown_other/unknown_other__filmPHmAngeloNeural_p0pct_p0Hz__nm6.wav,unknown_other,drop,variants_ph,filmPHmAngeloNeural_p0pct_p0Hz,train,False,edge-tts output (Microsoft neural voices),unknown,Stop talking please,"unknown sentence, ambiguous intent ('Stop talking please')"
data/commands_variants_train/unknown_other/unknown_other__filmPHmAngeloNeural_p0pct_p0Hz__nm24.wav,unknown_other,drop,variants_ph,filmPHmAngeloNeural_p0pct_p0Hz,train,False,edge-tts output (Microsoft neural voices),unknown,Lights out at ten,"unknown sentence, ambiguous intent ('Lights out at ten')"
data/commands_variants_train/unknown_other/unknown_other__filmPHmAngeloNeural_p0pct_p20Hz__nm6.wav,unknown_other,drop,variants_ph,filmPHmAngeloNeural_p0pct_p20Hz,train,False,edge-tts output (Microsoft neural voices),unknown,Stop talking please,"unknown sentence, ambiguous intent ('Stop talking please')"
data/commands_variants_train/unknown_other/unknown_other__filmPHmAngeloNeural_p0pct_p20Hz__nm24.wav,unknown_other,drop,variants_ph,filmPHmAngeloNeural_p0pct_p20Hz,train,False,edge-tts output (Microsoft neural voices),unknown,Lights out at ten,"unknown sentence, ambiguous intent ('Lights out at ten')"
data/commands_variants_train/unknown_other/unknown_other__filmPHmAngeloNeural_p15pct_m20Hz__nm6.wav,unknown_other,drop,variants_ph,filmPHmAngeloNeural_p15pct_m20Hz,train,False,edge-tts output (Microsoft neural voices),unknown,Stop talking please,"unknown sentence, ambiguous intent ('Stop talking please')"
data/commands_variants_train/unknown_other/unknown_other__filmPHmAngeloNeural_p15pct_m20Hz__nm24.wav,unknown_other,drop,variants_ph,filmPHmAngeloNeural_p15pct_m20Hz,train,False,edge-tts output (Microsoft neural voices),unknown,Lights out at ten,"unknown sentence, ambiguous intent ('Lights out at ten')"
data/commands_variants_train/unknown_other/unknown_other__filmPHmAngeloNeural_p15pct_p0Hz__nm6.wav,unknown_other,drop,variants_ph,filmPHmAngeloNeural_p15pct_p0Hz,train,False,edge-tts output (Microsoft neural voices),unknown,Stop talking please,"unknown sentence, ambiguous intent ('Stop talking please')"
data/commands_variants_train/unknown_other/unknown_other__filmPHmAngeloNeural_p15pct_p0Hz__nm24.wav,unknown_other,drop,variants_ph,filmPHmAngeloNeural_p15pct_p0Hz,train,False,edge-tts output (Microsoft neural voices),unknown,Lights out at ten,"unknown sentence, ambiguous intent ('Lights out at ten')"
data/commands_variants_train/unknown_other/unknown_other__filmPHmAngeloNeural_p15pct_p20Hz__nm6.wav,unknown_other,drop,variants_ph,filmPHmAngeloNeural_p15pct_p20Hz,train,False,edge-tts output (Microsoft neural voices),unknown,Stop talking please,"unknown sentence, ambiguous intent ('Stop talking please')"
data/commands_variants_train/unknown_other/unknown_other__filmPHmAngeloNeural_p15pct_p20Hz__nm24.wav,unknown_other,drop,variants_ph,filmPHmAngeloNeural_p15pct_p20Hz,train,False,edge-tts output (Microsoft neural voices),unknown,Lights out at ten,"unknown sentence, ambiguous intent ('Lights out at ten')"
data/commands_variants_train/unknown_other/unknown_other__filmPHmBlessicaNeural_m15pct_m20Hz__nm6.wav,unknown_other,drop,variants_ph,filmPHmBlessicaNeural_m15pct_m20Hz,train,False,edge-tts output (Microsoft neural voices),unknown,Stop talking please,"unknown sentence, ambiguous intent ('Stop talking please')"
data/commands_variants_train/unknown_other/unknown_other__filmPHmBlessicaNeural_m15pct_m20Hz__nm24.wav,unknown_other,drop,variants_ph,filmPHmBlessicaNeural_m15pct_m20Hz,train,False,edge-tts output (Microsoft neural voices),unknown,Lights out at ten,"unknown sentence, ambiguous intent ('Lights out at ten')"
data/commands_variants_train/unknown_other/unknown_other__filmPHmBlessicaNeural_m15pct_p0Hz__nm6.wav,unknown_other,drop,variants_ph,filmPHmBlessicaNeural_m15pct_p0Hz,train,False,edge-tts output (Microsoft neural voices),unknown,Stop talking please,"unknown sentence, ambiguous intent ('Stop talking please')"
data/commands_variants_train/unknown_other/unknown_other__filmPHmBlessicaNeural_m15pct_p0Hz__nm24.wav,unknown_other,drop,variants_ph,filmPHmBlessicaNeural_m15pct_p0Hz,train,False,edge-tts output (Microsoft neural voices),unknown,Lights out at ten,"unknown sentence, ambiguous intent ('Lights out at ten')"
data/commands_variants_train/unknown_other/unknown_other__filmPHmBlessicaNeural_p0pct_m20Hz__nm6.wav,unknown_other,drop,variants_ph,filmPHmBlessicaNeural_p0pct_m20Hz,train,False,edge-tts output (Microsoft neural voices),unknown,Stop talking please,"unknown sentence, ambiguous intent ('Stop talking please')"
data/commands_variants_train/unknown_other/unknown_other__filmPHmBlessicaNeural_p0pct_m20Hz__nm24.wav,unknown_other,drop,variants_ph,filmPHmBlessicaNeural_p0pct_m20Hz,train,False,edge-tts output (Microsoft neural voices),unknown,Lights out at ten,"unknown sentence, ambiguous intent ('Lights out at ten')"
data/commands_variants_train/unknown_other/unknown_other__filmPHmBlessicaNeural_p0pct_p0Hz__nm6.wav,unknown_other,drop,variants_ph,filmPHmBlessicaNeural_p0pct_p0Hz,train,False,edge-tts output (Microsoft neural voices),unknown,Stop talking please,"unknown sentence, ambiguous intent ('Stop talking please')"
data/commands_variants_train/unknown_other/unknown_other__filmPHmBlessicaNeural_p0pct_p0Hz__nm24.wav,unknown_other,drop,variants_ph,filmPHmBlessicaNeural_p0pct_p0Hz,train,False,edge-tts output (Microsoft neural voices),unknown,Lights out at ten,"unknown sentence, ambiguous intent ('Lights out at ten')"
data/commands_variants_train/unknown_other/unknown_other__filmPHmBlessicaNeural_p0pct_p20Hz__nm6.wav,unknown_other,drop,variants_ph,filmPHmBlessicaNeural_p0pct_p20Hz,train,False,edge-tts output (Microsoft neural voices),unknown,Stop talking please,"unknown sentence, ambiguous intent ('Stop talking please')"
data/commands_variants_train/unknown_other/unknown_other__filmPHmBlessicaNeural_p0pct_p20Hz__nm24.wav,unknown_other,drop,variants_ph,filmPHmBlessicaNeural_p0pct_p20Hz,train,False,edge-tts output (Microsoft neural voices),unknown,Lights out at ten,"unknown sentence, ambiguous intent ('Lights out at ten')"
data/commands_variants_train/unknown_other/unknown_other__filmPHmBlessicaNeural_p15pct_p0Hz__nm6.wav,unknown_other,drop,variants_ph,filmPHmBlessicaNeural_p15pct_p0Hz,train,False,edge-tts output (Microsoft neural voices),unknown,Stop talking please,"unknown sentence, ambiguous intent ('Stop talking please')"
data/commands_variants_train/unknown_other/unknown_other__filmPHmBlessicaNeural_p15pct_p0Hz__nm24.wav,unknown_other,drop,variants_ph,filmPHmBlessicaNeural_p15pct_p0Hz,train,False,edge-tts output (Microsoft neural voices),unknown,Lights out at ten,"unknown sentence, ambiguous intent ('Lights out at ten')"
data/commands_variants_train/unknown_other/unknown_other__filmPHmBlessicaNeural_p15pct_p20Hz__nm6.wav,unknown_other,drop,variants_ph,filmPHmBlessicaNeural_p15pct_p20Hz,train,False,edge-tts output (Microsoft neural voices),unknown,Stop talking please,"unknown sentence, ambiguous intent ('Stop talking please')"
data/commands_variants_train/unknown_other/unknown_other__filmPHmBlessicaNeural_p15pct_p20Hz__nm24.wav,unknown_other,drop,variants_ph,filmPHmBlessicaNeural_p15pct_p20Hz,train,False,edge-tts output (Microsoft neural voices),unknown,Lights out at ten,"unknown sentence, ambiguous intent ('Lights out at ten')"
data/commands_variants_train/unknown_other/unknown_other__en_US-libritts_r-medium_spk309__nm6.wav,unknown_other,drop,variants_piper,en_US-libritts_r-medium_spk309,train,False,Piper voices (per-voice model licences),unknown,Stop talking please,"unknown sentence, ambiguous intent ('Stop talking please')"
data/commands_variants_train/unknown_other/unknown_other__en_US-libritts_r-medium_spk309__nm24.wav,unknown_other,drop,variants_piper,en_US-libritts_r-medium_spk309,train,False,Piper voices (per-voice model licences),unknown,Lights out at ten,"unknown sentence, ambiguous intent ('Lights out at ten')"
data/commands_variants_train/unknown_other/unknown_other__en_GB-vctk-medium_spk38__nm6.wav,unknown_other,drop,variants_piper,en_GB-vctk-medium_spk38,train,False,Piper voices (per-voice model licences),unknown,Stop talking please,"unknown sentence, ambiguous intent ('Stop talking please')"
data/commands_variants_train/unknown_other/unknown_other__en_GB-vctk-medium_spk38__nm24.wav,unknown_other,drop,variants_piper,en_GB-vctk-medium_spk38,train,False,Piper voices (per-voice model licences),unknown,Lights out at ten,"unknown sentence, ambiguous intent ('Lights out at ten')"
data/commands_variants_train/unknown_other/unknown_other__en_US-arctic-medium_spk1__nm6.wav,unknown_other,drop,variants_piper,en_US-arctic-medium_spk1,train,False,Piper voices (per-voice model licences),unknown,Stop talking please,"unknown sentence, ambiguous intent ('Stop talking please')"
data/commands_variants_train/unknown_other/unknown_other__en_US-arctic-medium_spk1__nm24.wav,unknown_other,drop,variants_piper,en_US-arctic-medium_spk1,train,False,Piper voices (per-voice model licences),unknown,Lights out at ten,"unknown sentence, ambiguous intent ('Lights out at ten')"
data/commands_variants_train/unknown_other/unknown_other__en_US-libritts_r-medium_spk406__nm6.wav,unknown_other,drop,variants_piper,en_US-libritts_r-medium_spk406,train,False,Piper voices (per-voice model licences),unknown,Stop talking please,"unknown sentence, ambiguous intent ('Stop talking please')"
data/commands_variants_train/unknown_other/unknown_other__en_US-libritts_r-medium_spk406__nm24.wav,unknown_other,drop,variants_piper,en_US-libritts_r-medium_spk406,train,False,Piper voices (per-voice model licences),unknown,Lights out at ten,"unknown sentence, ambiguous intent ('Lights out at ten')"
data/commands_variants_train/unknown_other/unknown_other__en_US-libritts_r-medium_spk541__nm6.wav,unknown_other,drop,variants_piper,en_US-libritts_r-medium_spk541,train,False,Piper voices (per-voice model licences),unknown,Stop talking please,"unknown sentence, ambiguous intent ('Stop talking please')"
data/commands_variants_train/unknown_other/unknown_other__en_US-libritts_r-medium_spk541__nm24.wav,unknown_other,drop,variants_piper,en_US-libritts_r-medium_spk541,train,False,Piper voices (per-voice model licences),unknown,Lights out at ten,"unknown sentence, ambiguous intent ('Lights out at ten')"
data/commands_variants_train/unknown_other/unknown_other__en_US-libritts_r-medium_spk585__nm6.wav,unknown_other,drop,variants_piper,en_US-libritts_r-medium_spk585,train,False,Piper voices (per-voice model licences),unknown,Stop talking please,"unknown sentence, ambiguous intent ('Stop talking please')"
data/commands_variants_train/unknown_other/unknown_other__en_US-libritts_r-medium_spk585__nm24.wav,unknown_other,drop,variants_piper,en_US-libritts_r-medium_spk585,train,False,Piper voices (per-voice model licences),unknown,Lights out at ten,"unknown sentence, ambiguous intent ('Lights out at ten')"
data/commands_variants_train/unknown_other/unknown_other__en_GB-vctk-medium_spk32__nm6.wav,unknown_other,drop,variants_piper,en_GB-vctk-medium_spk32,train,False,Piper voices (per-voice model licences),unknown,Stop talking please,"unknown sentence, ambiguous intent ('Stop talking please')"
data/commands_variants_train/unknown_other/unknown_other__en_GB-vctk-medium_spk32__nm24.wav,unknown_other,drop,variants_piper,en_GB-vctk-medium_spk32,train,False,Piper voices (per-voice model licences),unknown,Lights out at ten,"unknown sentence, ambiguous intent ('Lights out at ten')"
data/commands_variants_train/unknown_other/unknown_other__en_US-libritts_r-medium_spk164__nm6.wav,unknown_other,drop,variants_piper,en_US-libritts_r-medium_spk164,train,False,Piper voices (per-voice model licences),unknown,Stop talking please,"unknown sentence, ambiguous intent ('Stop talking please')"
data/commands_variants_train/unknown_other/unknown_other__en_US-libritts_r-medium_spk164__nm24.wav,unknown_other,drop,variants_piper,en_US-libritts_r-medium_spk164,train,False,Piper voices (per-voice model licences),unknown,Lights out at ten,"unknown sentence, ambiguous intent ('Lights out at ten')"
data/commands_variants_train/unknown_other/unknown_other__en_US-libritts_r-medium_spk633__nm6.wav,unknown_other,drop,variants_piper,en_US-libritts_r-medium_spk633,train,False,Piper voices (per-voice model licences),unknown,Stop talking please,"unknown sentence, ambiguous intent ('Stop talking please')"
data/commands_variants_train/unknown_other/unknown_other__en_US-libritts_r-medium_spk633__nm24.wav,unknown_other,drop,variants_piper,en_US-libritts_r-medium_spk633,train,False,Piper voices (per-voice model licences),unknown,Lights out at ten,"unknown sentence, ambiguous intent ('Lights out at ten')"
data/commands_variants_train/unknown_other/unknown_other__en_US-l2arctic-medium_spk6__nm6.wav,unknown_other,drop,variants_piper,en_US-l2arctic-medium_spk6,validation,False,Piper voices (per-voice model licences),unknown,Stop talking please,"unknown sentence, ambiguous intent ('Stop talking please')"
data/commands_variants_train/unknown_other/unknown_other__en_US-l2arctic-medium_spk6__nm24.wav,unknown_other,drop,variants_piper,en_US-l2arctic-medium_spk6,validation,False,Piper voices (per-voice model licences),unknown,Lights out at ten,"unknown sentence, ambiguous intent ('Lights out at ten')"
data/commands_variants_train/unknown_other/unknown_other__en_US-libritts_r-medium_spk19__nm6.wav,unknown_other,drop,variants_piper,en_US-libritts_r-medium_spk19,train,False,Piper voices (per-voice model licences),unknown,Stop talking please,"unknown sentence, ambiguous intent ('Stop talking please')"
data/commands_variants_train/unknown_other/unknown_other__en_US-libritts_r-medium_spk19__nm24.wav,unknown_other,drop,variants_piper,en_US-libritts_r-medium_spk19,train,False,Piper voices (per-voice model licences),unknown,Lights out at ten,"unknown sentence, ambiguous intent ('Lights out at ten')"
data/commands_variants_train/unknown_other/unknown_other__en_US-libritts_r-medium_spk547__nm6.wav,unknown_other,drop,variants_piper,en_US-libritts_r-medium_spk547,validation,False,Piper voices (per-voice model licences),unknown,Stop talking please,"unknown sentence, ambiguous intent ('Stop talking please')"
data/commands_variants_train/unknown_other/unknown_other__en_US-libritts_r-medium_spk547__nm24.wav,unknown_other,drop,variants_piper,en_US-libritts_r-medium_spk547,validation,False,Piper voices (per-voice model licences),unknown,Lights out at ten,"unknown sentence, ambiguous intent ('Lights out at ten')"
data/commands_variants_train/unknown_other/unknown_other__en_US-libritts_r-medium_spk191__nm6.wav,unknown_other,drop,variants_piper,en_US-libritts_r-medium_spk191,train,False,Piper voices (per-voice model licences),unknown,Stop talking please,"unknown sentence, ambiguous intent ('Stop talking please')"
data/commands_variants_train/unknown_other/unknown_other__en_US-libritts_r-medium_spk191__nm24.wav,unknown_other,drop,variants_piper,en_US-libritts_r-medium_spk191,train,False,Piper voices (per-voice model licences),unknown,Lights out at ten,"unknown sentence, ambiguous intent ('Lights out at ten')"
data/commands_variants_train/unknown_other/unknown_other__en_US-libritts_r-medium_spk584__nm6.wav,unknown_other,drop,variants_piper,en_US-libritts_r-medium_spk584,train,False,Piper voices (per-voice model licences),unknown,Stop talking please,"unknown sentence, ambiguous intent ('Stop talking please')"
data/commands_variants_train/unknown_other/unknown_other__en_US-libritts_r-medium_spk584__nm24.wav,unknown_other,drop,variants_piper,en_US-libritts_r-medium_spk584,train,False,Piper voices (per-voice model licences),unknown,Lights out at ten,"unknown sentence, ambiguous intent ('Lights out at ten')"
data/commands_variants_train/unknown_other/unknown_other__en_US-libritts_r-medium_spk283__nm6.wav,unknown_other,drop,variants_piper,en_US-libritts_r-medium_spk283,train,False,Piper voices (per-voice model licences),unknown,Stop talking please,"unknown sentence, ambiguous intent ('Stop talking please')"
data/commands_variants_train/unknown_other/unknown_other__en_US-libritts_r-medium_spk283__nm24.wav,unknown_other,drop,variants_piper,en_US-libritts_r-medium_spk283,train,False,Piper voices (per-voice model licences),unknown,Lights out at ten,"unknown sentence, ambiguous intent ('Lights out at ten')"
data/commands_variants_train/unknown_other/unknown_other__en_US-libritts_r-medium_spk165__nm6.wav,unknown_other,drop,variants_piper,en_US-libritts_r-medium_spk165,validation,False,Piper voices (per-voice model licences),unknown,Stop talking please,"unknown sentence, ambiguous intent ('Stop talking please')"
data/commands_variants_train/unknown_other/unknown_other__en_US-libritts_r-medium_spk165__nm24.wav,unknown_other,drop,variants_piper,en_US-libritts_r-medium_spk165,validation,False,Piper voices (per-voice model licences),unknown,Lights out at ten,"unknown sentence, ambiguous intent ('Lights out at ten')"
data/commands_variants_train/unknown_other/unknown_other__en_US-libritts_r-medium_spk407__nm6.wav,unknown_other,drop,variants_piper,en_US-libritts_r-medium_spk407,train,False,Piper voices (per-voice model licences),unknown,Stop talking please,"unknown sentence, ambiguous intent ('Stop talking please')"
data/commands_variants_train/unknown_other/unknown_other__en_US-libritts_r-medium_spk407__nm24.wav,unknown_other,drop,variants_piper,en_US-libritts_r-medium_spk407,train,False,Piper voices (per-voice model licences),unknown,Lights out at ten,"unknown sentence, ambiguous intent ('Lights out at ten')"
data/commands_variants_train/unknown_other/unknown_other__en_US-libritts_r-medium_spk88__nm6.wav,unknown_other,drop,variants_piper,en_US-libritts_r-medium_spk88,train,False,Piper voices (per-voice model licences),unknown,Stop talking please,"unknown sentence, ambiguous intent ('Stop talking please')"
data/commands_variants_train/unknown_other/unknown_other__en_US-libritts_r-medium_spk88__nm24.wav,unknown_other,drop,variants_piper,en_US-libritts_r-medium_spk88,train,False,Piper voices (per-voice model licences),unknown,Lights out at ten,"unknown sentence, ambiguous intent ('Lights out at ten')"
data/commands_variants_train/unknown_other/unknown_other__en_US-libritts_r-medium_spk1__nm6.wav,unknown_other,drop,variants_piper,en_US-libritts_r-medium_spk1,validation,False,Piper voices (per-voice model licences),unknown,Stop talking please,"unknown sentence, ambiguous intent ('Stop talking please')"
data/commands_variants_train/unknown_other/unknown_other__en_US-libritts_r-medium_spk508__nm6.wav,unknown_other,drop,variants_piper,en_US-libritts_r-medium_spk508,train,False,Piper voices (per-voice model licences),unknown,Stop talking please,"unknown sentence, ambiguous intent ('Stop talking please')"
data/commands_variants_train/unknown_other/unknown_other__en_US-libritts_r-medium_spk508__nm24.wav,unknown_other,drop,variants_piper,en_US-libritts_r-medium_spk508,train,False,Piper voices (per-voice model licences),unknown,Lights out at ten,"unknown sentence, ambiguous intent ('Lights out at ten')"
data/commands_variants_train/unknown_other/unknown_other__en_US-libritts_r-medium_spk66__nm6.wav,unknown_other,drop,variants_piper,en_US-libritts_r-medium_spk66,train,False,Piper voices (per-voice model licences),unknown,Stop talking please,"unknown sentence, ambiguous intent ('Stop talking please')"
data/commands_variants_train/unknown_other/unknown_other__en_US-libritts_r-medium_spk66__nm24.wav,unknown_other,drop,variants_piper,en_US-libritts_r-medium_spk66,train,False,Piper voices (per-voice model licences),unknown,Lights out at ten,"unknown sentence, ambiguous intent ('Lights out at ten')"
data/commands_variants_train/unknown_other/unknown_other__en_US-libritts_r-medium_spk707__nm6.wav,unknown_other,drop,variants_piper,en_US-libritts_r-medium_spk707,train,False,Piper voices (per-voice model licences),unknown,Stop talking please,"unknown sentence, ambiguous intent ('Stop talking please')"
data/commands_variants_train/unknown_other/unknown_other__en_US-libritts_r-medium_spk707__nm24.wav,unknown_other,drop,variants_piper,en_US-libritts_r-medium_spk707,train,False,Piper voices (per-voice model licences),unknown,Lights out at ten,"unknown sentence, ambiguous intent ('Lights out at ten')"
data/commands_variants_train/unknown_other/unknown_other__en_US-libritts_r-medium_spk663__nm6.wav,unknown_other,drop,variants_piper,en_US-libritts_r-medium_spk663,train,False,Piper voices (per-voice model licences),unknown,Stop talking please,"unknown sentence, ambiguous intent ('Stop talking please')"
data/commands_variants_train/unknown_other/unknown_other__en_US-libritts_r-medium_spk663__nm24.wav,unknown_other,drop,variants_piper,en_US-libritts_r-medium_spk663,train,False,Piper voices (per-voice model licences),unknown,Lights out at ten,"unknown sentence, ambiguous intent ('Lights out at ten')"
data/commands_variants_train/unknown_other/unknown_other__en_GB-vctk-medium_spk97__nm6.wav,unknown_other,drop,variants_piper,en_GB-vctk-medium_spk97,train,False,Piper voices (per-voice model licences),unknown,Stop talking please,"unknown sentence, ambiguous intent ('Stop talking please')"
data/commands_variants_train/unknown_other/unknown_other__en_GB-vctk-medium_spk97__nm24.wav,unknown_other,drop,variants_piper,en_GB-vctk-medium_spk97,train,False,Piper voices (per-voice model licences),unknown,Lights out at ten,"unknown sentence, ambiguous intent ('Lights out at ten')"
data/commands_variants_train/unknown_other/unknown_other__en_US-libritts_r-medium_spk432__nm6.wav,unknown_other,drop,variants_piper,en_US-libritts_r-medium_spk432,train,False,Piper voices (per-voice model licences),unknown,Stop talking please,"unknown sentence, ambiguous intent ('Stop talking please')"
data/commands_variants_train/unknown_other/unknown_other__en_US-libritts_r-medium_spk432__nm24.wav,unknown_other,drop,variants_piper,en_US-libritts_r-medium_spk432,train,False,Piper voices (per-voice model licences),unknown,Lights out at ten,"unknown sentence, ambiguous intent ('Lights out at ten')"
data/commands_variants_train/unknown_other/unknown_other__en_US-libritts_r-medium_spk644__nm6.wav,unknown_other,drop,variants_piper,en_US-libritts_r-medium_spk644,train,False,Piper voices (per-voice model licences),unknown,Stop talking please,"unknown sentence, ambiguous intent ('Stop talking please')"
data/commands_variants_train/unknown_other/unknown_other__en_US-libritts_r-medium_spk644__nm24.wav,unknown_other,drop,variants_piper,en_US-libritts_r-medium_spk644,train,False,Piper voices (per-voice model licences),unknown,Lights out at ten,"unknown sentence, ambiguous intent ('Lights out at ten')"
data/commands_variants_train/unknown_other/unknown_other__en_US-libritts_r-medium_spk752__nm6.wav,unknown_other,drop,variants_piper,en_US-libritts_r-medium_spk752,validation,False,Piper voices (per-voice model licences),unknown,Stop talking please,"unknown sentence, ambiguous intent ('Stop talking please')"
data/commands_variants_train/unknown_other/unknown_other__en_US-libritts_r-medium_spk752__nm24.wav,unknown_other,drop,variants_piper,en_US-libritts_r-medium_spk752,validation,False,Piper voices (per-voice model licences),unknown,Lights out at ten,"unknown sentence, ambiguous intent ('Lights out at ten')"
data/commands_variants_train/unknown_other/unknown_other__en_US-libritts_r-medium_spk73__nm6.wav,unknown_other,drop,variants_piper,en_US-libritts_r-medium_spk73,train,False,Piper voices (per-voice model licences),unknown,Stop talking please,"unknown sentence, ambiguous intent ('Stop talking please')"
data/commands_variants_train/unknown_other/unknown_other__en_US-libritts_r-medium_spk73__nm24.wav,unknown_other,drop,variants_piper,en_US-libritts_r-medium_spk73,train,False,Piper voices (per-voice model licences),unknown,Lights out at ten,"unknown sentence, ambiguous intent ('Lights out at ten')"
data/commands_variants_train/unknown_other/unknown_other__en_US-libritts_r-medium_spk196__nm6.wav,unknown_other,drop,variants_piper,en_US-libritts_r-medium_spk196,train,False,Piper voices (per-voice model licences),unknown,Stop talking please,"unknown sentence, ambiguous intent ('Stop talking please')"
data/commands_variants_train/unknown_other/unknown_other__en_US-libritts_r-medium_spk196__nm24.wav,unknown_other,drop,variants_piper,en_US-libritts_r-medium_spk196,train,False,Piper voices (per-voice model licences),unknown,Lights out at ten,"unknown sentence, ambiguous intent ('Lights out at ten')"
data/commands_variants_train/unknown_other/unknown_other__en_US-libritts_r-medium_spk144__nm6.wav,unknown_other,drop,variants_piper,en_US-libritts_r-medium_spk144,validation,False,Piper voices (per-voice model licences),unknown,Stop talking please,"unknown sentence, ambiguous intent ('Stop talking please')"
data/commands_variants_train/unknown_other/unknown_other__en_US-libritts_r-medium_spk144__nm24.wav,unknown_other,drop,variants_piper,en_US-libritts_r-medium_spk144,validation,False,Piper voices (per-voice model licences),unknown,Lights out at ten,"unknown sentence, ambiguous intent ('Lights out at ten')"
data/commands_variants_train/unknown_other/unknown_other__en_US-libritts_r-medium_spk804__nm6.wav,unknown_other,drop,variants_piper,en_US-libritts_r-medium_spk804,validation,False,Piper voices (per-voice model licences),unknown,Stop talking please,"unknown sentence, ambiguous intent ('Stop talking please')"
data/commands_variants_train/unknown_other/unknown_other__en_US-libritts_r-medium_spk804__nm24.wav,unknown_other,drop,variants_piper,en_US-libritts_r-medium_spk804,validation,False,Piper voices (per-voice model licences),unknown,Lights out at ten,"unknown sentence, ambiguous intent ('Lights out at ten')"
data/commands_variants_train/unknown_other/unknown_other__en_GB-vctk-medium_spk17__nm24.wav,unknown_other,drop,variants_piper,en_GB-vctk-medium_spk17,train,False,Piper voices (per-voice model licences),unknown,Lights out at ten,"unknown sentence, ambiguous intent ('Lights out at ten')"
data/commands_variants_train/unknown_other/unknown_other__en_US-libritts_r-medium_spk162__nm6.wav,unknown_other,drop,variants_piper,en_US-libritts_r-medium_spk162,validation,False,Piper voices (per-voice model licences),unknown,Stop talking please,"unknown sentence, ambiguous intent ('Stop talking please')"
data/commands_variants_train/unknown_other/unknown_other__en_US-libritts_r-medium_spk162__nm24.wav,unknown_other,drop,variants_piper,en_US-libritts_r-medium_spk162,validation,False,Piper voices (per-voice model licences),unknown,Lights out at ten,"unknown sentence, ambiguous intent ('Lights out at ten')"
data/commands_variants_train/unknown_other/unknown_other__en_US-sam-medium_spk0__nm6.wav,unknown_other,drop,variants_piper,en_US-sam-medium_spk0,train,False,Piper voices (per-voice model licences),unknown,Stop talking please,"unknown sentence, ambiguous intent ('Stop talking please')"
data/commands_variants_train/unknown_other/unknown_other__en_US-sam-medium_spk0__nm24.wav,unknown_other,drop,variants_piper,en_US-sam-medium_spk0,train,False,Piper voices (per-voice model licences),unknown,Lights out at ten,"unknown sentence, ambiguous intent ('Lights out at ten')"
data/commands_variants_train/unknown_other/unknown_other__en_US-libritts_r-medium_spk524__nm6.wav,unknown_other,drop,variants_piper,en_US-libritts_r-medium_spk524,validation,False,Piper voices (per-voice model licences),unknown,Stop talking please,"unknown sentence, ambiguous intent ('Stop talking please')"
data/commands_variants_train/unknown_other/unknown_other__en_US-libritts_r-medium_spk524__nm24.wav,unknown_other,drop,variants_piper,en_US-libritts_r-medium_spk524,validation,False,Piper voices (per-voice model licences),unknown,Lights out at ten,"unknown sentence, ambiguous intent ('Lights out at ten')"
data/commands_variants_train/unknown_other/unknown_other__en_US-libritts_r-medium_spk443__nm6.wav,unknown_other,drop,variants_piper,en_US-libritts_r-medium_spk443,train,False,Piper voices (per-voice model licences),unknown,Stop talking please,"unknown sentence, ambiguous intent ('Stop talking please')"
data/commands_variants_train/unknown_other/unknown_other__en_US-libritts_r-medium_spk443__nm24.wav,unknown_other,drop,variants_piper,en_US-libritts_r-medium_spk443,train,False,Piper voices (per-voice model licences),unknown,Lights out at ten,"unknown sentence, ambiguous intent ('Lights out at ten')"
data/commands_variants_train/unknown_other/unknown_other__en_US-libritts_r-medium_spk617__nm6.wav,unknown_other,drop,variants_piper,en_US-libritts_r-medium_spk617,train,False,Piper voices (per-voice model licences),unknown,Stop talking please,"unknown sentence, ambiguous intent ('Stop talking please')"
data/commands_variants_train/unknown_other/unknown_other__en_US-libritts_r-medium_spk617__nm24.wav,unknown_other,drop,variants_piper,en_US-libritts_r-medium_spk617,train,False,Piper voices (per-voice model licences),unknown,Lights out at ten,"unknown sentence, ambiguous intent ('Lights out at ten')"
data/commands_variants_train/unknown_other/unknown_other__en_US-libritts_r-medium_spk475__nm6.wav,unknown_other,drop,variants_piper,en_US-libritts_r-medium_spk475,train,False,Piper voices (per-voice model licences),unknown,Stop talking please,"unknown sentence, ambiguous intent ('Stop talking please')"
data/commands_variants_train/unknown_other/unknown_other__en_US-libritts_r-medium_spk475__nm24.wav,unknown_other,drop,variants_piper,en_US-libritts_r-medium_spk475,train,False,Piper voices (per-voice model licences),unknown,Lights out at ten,"unknown sentence, ambiguous intent ('Lights out at ten')"
data/commands_variants_train/unknown_other/unknown_other__en_US-libritts_r-medium_spk839__nm6.wav,unknown_other,drop,variants_piper,en_US-libritts_r-medium_spk839,train,False,Piper voices (per-voice model licences),unknown,Stop talking please,"unknown sentence, ambiguous intent ('Stop talking please')"
data/commands_variants_train/unknown_other/unknown_other__en_US-libritts_r-medium_spk839__nm24.wav,unknown_other,drop,variants_piper,en_US-libritts_r-medium_spk839,train,False,Piper voices (per-voice model licences),unknown,Lights out at ten,"unknown sentence, ambiguous intent ('Lights out at ten')"
data/commands_variants_train/unknown_other/unknown_other__en_US-libritts_r-medium_spk259__nm6.wav,unknown_other,drop,variants_piper,en_US-libritts_r-medium_spk259,train,False,Piper voices (per-voice model licences),unknown,Stop talking please,"unknown sentence, ambiguous intent ('Stop talking please')"
data/commands_variants_train/unknown_other/unknown_other__en_US-libritts_r-medium_spk259__nm24.wav,unknown_other,drop,variants_piper,en_US-libritts_r-medium_spk259,train,False,Piper voices (per-voice model licences),unknown,Lights out at ten,"unknown sentence, ambiguous intent ('Lights out at ten')"
data/commands_variants_train/unknown_other/unknown_other__en_US-libritts_r-medium_spk563__nm6.wav,unknown_other,drop,variants_piper,en_US-libritts_r-medium_spk563,train,False,Piper voices (per-voice model licences),unknown,Stop talking please,"unknown sentence, ambiguous intent ('Stop talking please')"
data/commands_variants_train/unknown_other/unknown_other__en_US-libritts_r-medium_spk563__nm24.wav,unknown_other,drop,variants_piper,en_US-libritts_r-medium_spk563,train,False,Piper voices (per-voice model licences),unknown,Lights out at ten,"unknown sentence, ambiguous intent ('Lights out at ten')"
data/commands_variants_train/unknown_other/unknown_other__en_US-libritts_r-medium_spk825__nm6.wav,unknown_other,drop,variants_piper,en_US-libritts_r-medium_spk825,train,False,Piper voices (per-voice model licences),unknown,Stop talking please,"unknown sentence, ambiguous intent ('Stop talking please')"
data/commands_variants_train/unknown_other/unknown_other__en_US-libritts_r-medium_spk825__nm24.wav,unknown_other,drop,variants_piper,en_US-libritts_r-medium_spk825,train,False,Piper voices (per-voice model licences),unknown,Lights out at ten,"unknown sentence, ambiguous intent ('Lights out at ten')"
data/commands_variants_train/unknown_other/unknown_other__en_GB-vctk-medium_spk78__nm6.wav,unknown_other,drop,variants_piper,en_GB-vctk-medium_spk78,train,False,Piper voices (per-voice model licences),unknown,Stop talking please,"unknown sentence, ambiguous intent ('Stop talking please')"
data/commands_variants_train/unknown_other/unknown_other__en_US-libritts_r-medium_spk749__nm6.wav,unknown_other,drop,variants_piper,en_US-libritts_r-medium_spk749,train,False,Piper voices (per-voice model licences),unknown,Stop talking please,"unknown sentence, ambiguous intent ('Stop talking please')"
data/commands_variants_train/unknown_other/unknown_other__en_US-libritts_r-medium_spk749__nm24.wav,unknown_other,drop,variants_piper,en_US-libritts_r-medium_spk749,train,False,Piper voices (per-voice model licences),unknown,Lights out at ten,"unknown sentence, ambiguous intent ('Lights out at ten')"
data/commands_variants_train/unknown_other/unknown_other__en_US-l2arctic-medium_spk21__nm6.wav,unknown_other,drop,variants_piper,en_US-l2arctic-medium_spk21,train,False,Piper voices (per-voice model licences),unknown,Stop talking please,"unknown sentence, ambiguous intent ('Stop talking please')"
data/commands_variants_train/unknown_other/unknown_other__en_US-l2arctic-medium_spk21__nm24.wav,unknown_other,drop,variants_piper,en_US-l2arctic-medium_spk21,train,False,Piper voices (per-voice model licences),unknown,Lights out at ten,"unknown sentence, ambiguous intent ('Lights out at ten')"
data/commands_variants_train/unknown_other/unknown_other__en_US-libritts_r-medium_spk895__nm6.wav,unknown_other,drop,variants_piper,en_US-libritts_r-medium_spk895,train,False,Piper voices (per-voice model licences),unknown,Stop talking please,"unknown sentence, ambiguous intent ('Stop talking please')"
data/commands_variants_train/unknown_other/unknown_other__en_US-libritts_r-medium_spk895__nm24.wav,unknown_other,drop,variants_piper,en_US-libritts_r-medium_spk895,train,False,Piper voices (per-voice model licences),unknown,Lights out at ten,"unknown sentence, ambiguous intent ('Lights out at ten')"
data/commands_variants_train/unknown_other/unknown_other__en_GB-vctk-medium_spk29__nm6.wav,unknown_other,drop,variants_piper,en_GB-vctk-medium_spk29,validation,False,Piper voices (per-voice model licences),unknown,Stop talking please,"unknown sentence, ambiguous intent ('Stop talking please')"
data/commands_variants_train/unknown_other/unknown_other__en_GB-vctk-medium_spk29__nm24.wav,unknown_other,drop,variants_piper,en_GB-vctk-medium_spk29,validation,False,Piper voices (per-voice model licences),unknown,Lights out at ten,"unknown sentence, ambiguous intent ('Lights out at ten')"
data/commands_variants_train/unknown_other/unknown_other__en_US-libritts_r-medium_spk157__nm6.wav,unknown_other,drop,variants_piper,en_US-libritts_r-medium_spk157,train,False,Piper voices (per-voice model licences),unknown,Stop talking please,"unknown sentence, ambiguous intent ('Stop talking please')"
data/commands_variants_train/unknown_other/unknown_other__en_US-libritts_r-medium_spk157__nm24.wav,unknown_other,drop,variants_piper,en_US-libritts_r-medium_spk157,train,False,Piper voices (per-voice model licences),unknown,Lights out at ten,"unknown sentence, ambiguous intent ('Lights out at ten')"
data/commands_variants_train/unknown_other/unknown_other__en_US-libritts_r-medium_spk554__nm6.wav,unknown_other,drop,variants_piper,en_US-libritts_r-medium_spk554,train,False,Piper voices (per-voice model licences),unknown,Stop talking please,"unknown sentence, ambiguous intent ('Stop talking please')"
data/commands_variants_train/unknown_other/unknown_other__en_US-libritts_r-medium_spk554__nm24.wav,unknown_other,drop,variants_piper,en_US-libritts_r-medium_spk554,train,False,Piper voices (per-voice model licences),unknown,Lights out at ten,"unknown sentence, ambiguous intent ('Lights out at ten')"
data/commands_variants_train/unknown_other/unknown_other__en_US-libritts_r-medium_spk834__nm6.wav,unknown_other,drop,variants_piper,en_US-libritts_r-medium_spk834,train,False,Piper voices (per-voice model licences),unknown,Stop talking please,"unknown sentence, ambiguous intent ('Stop talking please')"
data/commands_variants_train/unknown_other/unknown_other__en_US-libritts_r-medium_spk834__nm24.wav,unknown_other,drop,variants_piper,en_US-libritts_r-medium_spk834,train,False,Piper voices (per-voice model licences),unknown,Lights out at ten,"unknown sentence, ambiguous intent ('Lights out at ten')"
data/commands_variants_train/unknown_other/unknown_other__en_US-libritts_r-medium_spk732__nm6.wav,unknown_other,drop,variants_piper,en_US-libritts_r-medium_spk732,train,False,Piper voices (per-voice model licences),unknown,Stop talking please,"unknown sentence, ambiguous intent ('Stop talking please')"
data/commands_variants_train/unknown_other/unknown_other__en_US-libritts_r-medium_spk732__nm24.wav,unknown_other,drop,variants_piper,en_US-libritts_r-medium_spk732,train,False,Piper voices (per-voice model licences),unknown,Lights out at ten,"unknown sentence, ambiguous intent ('Lights out at ten')"
data/commands_variants_train/unknown_other/unknown_other__en_US-libritts_r-medium_spk172__nm6.wav,unknown_other,drop,variants_piper,en_US-libritts_r-medium_spk172,train,False,Piper voices (per-voice model licences),unknown,Stop talking please,"unknown sentence, ambiguous intent ('Stop talking please')"
data/commands_variants_train/unknown_other/unknown_other__en_US-libritts_r-medium_spk172__nm24.wav,unknown_other,drop,variants_piper,en_US-libritts_r-medium_spk172,train,False,Piper voices (per-voice model licences),unknown,Lights out at ten,"unknown sentence, ambiguous intent ('Lights out at ten')"
data/commands_variants_train/unknown_other/unknown_other__en_US-libritts_r-medium_spk703__nm6.wav,unknown_other,drop,variants_piper,en_US-libritts_r-medium_spk703,train,False,Piper voices (per-voice model licences),unknown,Stop talking please,"unknown sentence, ambiguous intent ('Stop talking please')"
data/commands_variants_train/unknown_other/unknown_other__en_US-libritts_r-medium_spk703__nm24.wav,unknown_other,drop,variants_piper,en_US-libritts_r-medium_spk703,train,False,Piper voices (per-voice model licences),unknown,Lights out at ten,"unknown sentence, ambiguous intent ('Lights out at ten')"
data/commands_variants_train/unknown_other/unknown_other__en_GB-vctk-medium_spk0__nm6.wav,unknown_other,drop,variants_piper,en_GB-vctk-medium_spk0,train,False,Piper voices (per-voice model licences),unknown,Stop talking please,"unknown sentence, ambiguous intent ('Stop talking please')"
data/commands_variants_train/unknown_other/unknown_other__en_US-libritts_r-medium_spk793__nm6.wav,unknown_other,drop,variants_piper,en_US-libritts_r-medium_spk793,train,False,Piper voices (per-voice model licences),unknown,Stop talking please,"unknown sentence, ambiguous intent ('Stop talking please')"
data/commands_variants_train/unknown_other/unknown_other__en_US-libritts_r-medium_spk793__nm24.wav,unknown_other,drop,variants_piper,en_US-libritts_r-medium_spk793,train,False,Piper voices (per-voice model licences),unknown,Lights out at ten,"unknown sentence, ambiguous intent ('Lights out at ten')"
data/commands_variants_train/unknown_other/unknown_other__en_US-libritts_r-medium_spk320__nm6.wav,unknown_other,drop,variants_piper,en_US-libritts_r-medium_spk320,train,False,Piper voices (per-voice model licences),unknown,Stop talking please,"unknown sentence, ambiguous intent ('Stop talking please')"
data/commands_variants_train/unknown_other/unknown_other__en_US-libritts_r-medium_spk320__nm24.wav,unknown_other,drop,variants_piper,en_US-libritts_r-medium_spk320,train,False,Piper voices (per-voice model licences),unknown,Lights out at ten,"unknown sentence, ambiguous intent ('Lights out at ten')"
data/commands_variants_train/unknown_other/unknown_other__en_US-libritts_r-medium_spk565__nm6.wav,unknown_other,drop,variants_piper,en_US-libritts_r-medium_spk565,validation,False,Piper voices (per-voice model licences),unknown,Stop talking please,"unknown sentence, ambiguous intent ('Stop talking please')"
data/commands_variants_train/unknown_other/unknown_other__en_US-libritts_r-medium_spk565__nm24.wav,unknown_other,drop,variants_piper,en_US-libritts_r-medium_spk565,validation,False,Piper voices (per-voice model licences),unknown,Lights out at ten,"unknown sentence, ambiguous intent ('Lights out at ten')"
data/commands_variants_train/unknown_other/unknown_other__en_US-libritts_r-medium_spk212__nm6.wav,unknown_other,drop,variants_piper,en_US-libritts_r-medium_spk212,train,False,Piper voices (per-voice model licences),unknown,Stop talking please,"unknown sentence, ambiguous intent ('Stop talking please')"
data/commands_variants_train/unknown_other/unknown_other__en_US-libritts_r-medium_spk212__nm24.wav,unknown_other,drop,variants_piper,en_US-libritts_r-medium_spk212,train,False,Piper voices (per-voice model licences),unknown,Lights out at ten,"unknown sentence, ambiguous intent ('Lights out at ten')"
data/commands_variants_train/unknown_other/unknown_other__en_GB-vctk-medium_spk96__nm6.wav,unknown_other,drop,variants_piper,en_GB-vctk-medium_spk96,train,False,Piper voices (per-voice model licences),unknown,Stop talking please,"unknown sentence, ambiguous intent ('Stop talking please')"
data/commands_variants_train/unknown_other/unknown_other__en_GB-vctk-medium_spk96__nm24.wav,unknown_other,drop,variants_piper,en_GB-vctk-medium_spk96,train,False,Piper voices (per-voice model licences),unknown,Lights out at ten,"unknown sentence, ambiguous intent ('Lights out at ten')"
data/commands_variants_train/unknown_other/unknown_other__en_US-libritts_r-medium_spk423__nm6.wav,unknown_other,drop,variants_piper,en_US-libritts_r-medium_spk423,train,False,Piper voices (per-voice model licences),unknown,Stop talking please,"unknown sentence, ambiguous intent ('Stop talking please')"
data/commands_variants_train/unknown_other/unknown_other__en_US-libritts_r-medium_spk423__nm24.wav,unknown_other,drop,variants_piper,en_US-libritts_r-medium_spk423,train,False,Piper voices (per-voice model licences),unknown,Lights out at ten,"unknown sentence, ambiguous intent ('Lights out at ten')"
data/commands_variants_train/unknown_other/unknown_other__fleursfil127_m__nm6.wav,unknown_other,drop,variants_clone,fleursfil127_m,train,False,Chatterbox (MIT) clones of FLEURS CC-BY 4.0 speakers,unknown,Stop talking please,"unknown sentence, ambiguous intent ('Stop talking please')"
data/commands_variants_train/unknown_other/unknown_other__fleursfil127_m__nm24.wav,unknown_other,drop,variants_clone,fleursfil127_m,train,False,Chatterbox (MIT) clones of FLEURS CC-BY 4.0 speakers,unknown,Lights out at ten,"unknown sentence, ambiguous intent ('Lights out at ten')"
data/commands_variants_train/unknown_other/unknown_other__fleursfil00_m__nm6.wav,unknown_other,drop,variants_clone,fleursfil00_m,train,False,Chatterbox (MIT) clones of FLEURS CC-BY 4.0 speakers,unknown,Stop talking please,"unknown sentence, ambiguous intent ('Stop talking please')"
data/commands_variants_train/unknown_other/unknown_other__fleursfil00_m__nm24.wav,unknown_other,drop,variants_clone,fleursfil00_m,train,False,Chatterbox (MIT) clones of FLEURS CC-BY 4.0 speakers,unknown,Lights out at ten,"unknown sentence, ambiguous intent ('Lights out at ten')"
data/commands_variants_train/unknown_other/unknown_other__fleursfil79_m__nm6.wav,unknown_other,drop,variants_clone,fleursfil79_m,train,False,Chatterbox (MIT) clones of FLEURS CC-BY 4.0 speakers,unknown,Stop talking please,"unknown sentence, ambiguous intent ('Stop talking please')"
data/commands_variants_train/unknown_other/unknown_other__fleursfil79_m__nm24.wav,unknown_other,drop,variants_clone,fleursfil79_m,train,False,Chatterbox (MIT) clones of FLEURS CC-BY 4.0 speakers,unknown,Lights out at ten,"unknown sentence, ambiguous intent ('Lights out at ten')"
data/commands_variants_train/unknown_other/unknown_other__fleursfil145_f__nm6.wav,unknown_other,drop,variants_clone,fleursfil145_f,train,False,Chatterbox (MIT) clones of FLEURS CC-BY 4.0 speakers,unknown,Stop talking please,"unknown sentence, ambiguous intent ('Stop talking please')"
data/commands_variants_train/unknown_other/unknown_other__fleursfil145_f__nm24.wav,unknown_other,drop,variants_clone,fleursfil145_f,train,False,Chatterbox (MIT) clones of FLEURS CC-BY 4.0 speakers,unknown,Lights out at ten,"unknown sentence, ambiguous intent ('Lights out at ten')"
data/commands_variants_train/unknown_other/unknown_other__fleursfil142_m__nm6.wav,unknown_other,drop,variants_clone,fleursfil142_m,train,False,Chatterbox (MIT) clones of FLEURS CC-BY 4.0 speakers,unknown,Stop talking please,"unknown sentence, ambiguous intent ('Stop talking please')"
data/commands_variants_train/unknown_other/unknown_other__fleursfil142_m__nm24.wav,unknown_other,drop,variants_clone,fleursfil142_m,train,False,Chatterbox (MIT) clones of FLEURS CC-BY 4.0 speakers,unknown,Lights out at ten,"unknown sentence, ambiguous intent ('Lights out at ten')"
data/commands_variants_train/unknown_other/unknown_other__fleursfil49_m__nm6.wav,unknown_other,drop,variants_clone,fleursfil49_m,train,False,Chatterbox (MIT) clones of FLEURS CC-BY 4.0 speakers,unknown,Stop talking please,"unknown sentence, ambiguous intent ('Stop talking please')"
data/commands_variants_train/unknown_other/unknown_other__fleursfil49_m__nm24.wav,unknown_other,drop,variants_clone,fleursfil49_m,train,False,Chatterbox (MIT) clones of FLEURS CC-BY 4.0 speakers,unknown,Lights out at ten,"unknown sentence, ambiguous intent ('Lights out at ten')"
data/commands_variants_train/unknown_other/unknown_other__fleursfil10_m__nm6.wav,unknown_other,drop,variants_clone,fleursfil10_m,train,False,Chatterbox (MIT) clones of FLEURS CC-BY 4.0 speakers,unknown,Stop talking please,"unknown sentence, ambiguous intent ('Stop talking please')"
data/commands_variants_train/unknown_other/unknown_other__fleursfil10_m__nm24.wav,unknown_other,drop,variants_clone,fleursfil10_m,train,False,Chatterbox (MIT) clones of FLEURS CC-BY 4.0 speakers,unknown,Lights out at ten,"unknown sentence, ambiguous intent ('Lights out at ten')"
data/commands_variants_train/unknown_other/unknown_other__fleursfil39_m__nm6.wav,unknown_other,drop,variants_clone,fleursfil39_m,train,False,Chatterbox (MIT) clones of FLEURS CC-BY 4.0 speakers,unknown,Stop talking please,"unknown sentence, ambiguous intent ('Stop talking please')"
data/commands_variants_train/unknown_other/unknown_other__fleursfil39_m__nm24.wav,unknown_other,drop,variants_clone,fleursfil39_m,train,False,Chatterbox (MIT) clones of FLEURS CC-BY 4.0 speakers,unknown,Lights out at ten,"unknown sentence, ambiguous intent ('Lights out at ten')"
data/commands_variants_train/unknown_other/unknown_other__fleursfil18_f__nm6.wav,unknown_other,drop,variants_clone,fleursfil18_f,train,False,Chatterbox (MIT) clones of FLEURS CC-BY 4.0 speakers,unknown,Stop talking please,"unknown sentence, ambiguous intent ('Stop talking please')"
data/commands_variants_train/unknown_other/unknown_other__fleursfil18_f__nm24.wav,unknown_other,drop,variants_clone,fleursfil18_f,train,False,Chatterbox (MIT) clones of FLEURS CC-BY 4.0 speakers,unknown,Lights out at ten,"unknown sentence, ambiguous intent ('Lights out at ten')"
data/commands_variants_train/unknown_other/unknown_other__fleursfil57_m__nm6.wav,unknown_other,drop,variants_clone,fleursfil57_m,train,False,Chatterbox (MIT) clones of FLEURS CC-BY 4.0 speakers,unknown,Stop talking please,"unknown sentence, ambiguous intent ('Stop talking please')"
data/commands_variants_train/unknown_other/unknown_other__fleursfil57_m__nm24.wav,unknown_other,drop,variants_clone,fleursfil57_m,train,False,Chatterbox (MIT) clones of FLEURS CC-BY 4.0 speakers,unknown,Lights out at ten,"unknown sentence, ambiguous intent ('Lights out at ten')"
data/commands_variants_train/unknown_other/unknown_other__fleursfil141_m__nm6.wav,unknown_other,drop,variants_clone,fleursfil141_m,train,False,Chatterbox (MIT) clones of FLEURS CC-BY 4.0 speakers,unknown,Stop talking please,"unknown sentence, ambiguous intent ('Stop talking please')"
data/commands_variants_train/unknown_other/unknown_other__fleursfil141_m__nm24.wav,unknown_other,drop,variants_clone,fleursfil141_m,train,False,Chatterbox (MIT) clones of FLEURS CC-BY 4.0 speakers,unknown,Lights out at ten,"unknown sentence, ambiguous intent ('Lights out at ten')"
data/commands_variants_train/unknown_other/unknown_other__fleursfil53_f__nm6.wav,unknown_other,drop,variants_clone,fleursfil53_f,train,False,Chatterbox (MIT) clones of FLEURS CC-BY 4.0 speakers,unknown,Stop talking please,"unknown sentence, ambiguous intent ('Stop talking please')"
data/commands_variants_train/unknown_other/unknown_other__fleursfil53_f__nm24.wav,unknown_other,drop,variants_clone,fleursfil53_f,train,False,Chatterbox (MIT) clones of FLEURS CC-BY 4.0 speakers,unknown,Lights out at ten,"unknown sentence, ambiguous intent ('Lights out at ten')"
data/commands_variants_train/unknown_other/unknown_other__fleursfil08_m__nm6.wav,unknown_other,drop,variants_clone,fleursfil08_m,train,False,Chatterbox (MIT) clones of FLEURS CC-BY 4.0 speakers,unknown,Stop talking please,"unknown sentence, ambiguous intent ('Stop talking please')"
data/commands_variants_train/unknown_other/unknown_other__fleursfil08_m__nm24.wav,unknown_other,drop,variants_clone,fleursfil08_m,train,False,Chatterbox (MIT) clones of FLEURS CC-BY 4.0 speakers,unknown,Lights out at ten,"unknown sentence, ambiguous intent ('Lights out at ten')"
data/commands_variants_train/unknown_other/unknown_other__fleursfil11_f__nm6.wav,unknown_other,drop,variants_clone,fleursfil11_f,train,False,Chatterbox (MIT) clones of FLEURS CC-BY 4.0 speakers,unknown,Stop talking please,"unknown sentence, ambiguous intent ('Stop talking please')"
data/commands_variants_train/unknown_other/unknown_other__fleursfil11_f__nm24.wav,unknown_other,drop,variants_clone,fleursfil11_f,train,False,Chatterbox (MIT) clones of FLEURS CC-BY 4.0 speakers,unknown,Lights out at ten,"unknown sentence, ambiguous intent ('Lights out at ten')"
data/commands_variants_train/unknown_other/unknown_other__fleursfil55_f__nm6.wav,unknown_other,drop,variants_clone,fleursfil55_f,validation,False,Chatterbox (MIT) clones of FLEURS CC-BY 4.0 speakers,unknown,Stop talking please,"unknown sentence, ambiguous intent ('Stop talking please')"
data/commands_variants_train/unknown_other/unknown_other__fleursfil55_f__nm24.wav,unknown_other,drop,variants_clone,fleursfil55_f,validation,False,Chatterbox (MIT) clones of FLEURS CC-BY 4.0 speakers,unknown,Lights out at ten,"unknown sentence, ambiguous intent ('Lights out at ten')"
data/commands_variants_train/unknown_other/unknown_other__fleursfil101_f__nm6.wav,unknown_other,drop,variants_clone,fleursfil101_f,validation,False,Chatterbox (MIT) clones of FLEURS CC-BY 4.0 speakers,unknown,Stop talking please,"unknown sentence, ambiguous intent ('Stop talking please')"
data/commands_variants_train/unknown_other/unknown_other__fleursfil101_f__nm24.wav,unknown_other,drop,variants_clone,fleursfil101_f,validation,False,Chatterbox (MIT) clones of FLEURS CC-BY 4.0 speakers,unknown,Lights out at ten,"unknown sentence, ambiguous intent ('Lights out at ten')"
data/commands_variants_train/unknown_other/unknown_other__fleursfil46_f__nm6.wav,unknown_other,drop,variants_clone,fleursfil46_f,train,False,Chatterbox (MIT) clones of FLEURS CC-BY 4.0 speakers,unknown,Stop talking please,"unknown sentence, ambiguous intent ('Stop talking please')"
data/commands_variants_train/unknown_other/unknown_other__fleursfil26_f__nm6.wav,unknown_other,drop,variants_clone,fleursfil26_f,train,False,Chatterbox (MIT) clones of FLEURS CC-BY 4.0 speakers,unknown,Stop talking please,"unknown sentence, ambiguous intent ('Stop talking please')"
data/commands_variants_train/unknown_other/unknown_other__fleursfil26_f__nm24.wav,unknown_other,drop,variants_clone,fleursfil26_f,train,False,Chatterbox (MIT) clones of FLEURS CC-BY 4.0 speakers,unknown,Lights out at ten,"unknown sentence, ambiguous intent ('Lights out at ten')"
data/commands_variants_train/unknown_other/unknown_other__fleursfil110_f__nm6.wav,unknown_other,drop,variants_clone,fleursfil110_f,train,False,Chatterbox (MIT) clones of FLEURS CC-BY 4.0 speakers,unknown,Stop talking please,"unknown sentence, ambiguous intent ('Stop talking please')"
data/commands_variants_train/unknown_other/unknown_other__fleursfil110_f__nm24.wav,unknown_other,drop,variants_clone,fleursfil110_f,train,False,Chatterbox (MIT) clones of FLEURS CC-BY 4.0 speakers,unknown,Lights out at ten,"unknown sentence, ambiguous intent ('Lights out at ten')"
data/commands_variants_train/unknown_other/unknown_other__fleursfil132_f__nm6.wav,unknown_other,drop,variants_clone,fleursfil132_f,validation,False,Chatterbox (MIT) clones of FLEURS CC-BY 4.0 speakers,unknown,Stop talking please,"unknown sentence, ambiguous intent ('Stop talking please')"
data/commands_variants_train/unknown_other/unknown_other__fleursfil132_f__nm24.wav,unknown_other,drop,variants_clone,fleursfil132_f,validation,False,Chatterbox (MIT) clones of FLEURS CC-BY 4.0 speakers,unknown,Lights out at ten,"unknown sentence, ambiguous intent ('Lights out at ten')"
data/commands_variants_train/unknown_other/unknown_other__fleursfil44_f__nm6.wav,unknown_other,drop,variants_clone,fleursfil44_f,train,False,Chatterbox (MIT) clones of FLEURS CC-BY 4.0 speakers,unknown,Stop talking please,"unknown sentence, ambiguous intent ('Stop talking please')"
data/commands_variants_train/unknown_other/unknown_other__fleursfil44_f__nm24.wav,unknown_other,drop,variants_clone,fleursfil44_f,train,False,Chatterbox (MIT) clones of FLEURS CC-BY 4.0 speakers,unknown,Lights out at ten,"unknown sentence, ambiguous intent ('Lights out at ten')"
data/commands_variants_train/unknown_other/unknown_other__fleursfil121_f__nm6.wav,unknown_other,drop,variants_clone,fleursfil121_f,validation,False,Chatterbox (MIT) clones of FLEURS CC-BY 4.0 speakers,unknown,Stop talking please,"unknown sentence, ambiguous intent ('Stop talking please')"
data/commands_variants_train/unknown_other/unknown_other__fleursfil121_f__nm24.wav,unknown_other,drop,variants_clone,fleursfil121_f,validation,False,Chatterbox (MIT) clones of FLEURS CC-BY 4.0 speakers,unknown,Lights out at ten,"unknown sentence, ambiguous intent ('Lights out at ten')"
data/commands_variants_train/unknown_other/unknown_other__fleursfil36_m__nm6.wav,unknown_other,drop,variants_clone,fleursfil36_m,train,False,Chatterbox (MIT) clones of FLEURS CC-BY 4.0 speakers,unknown,Stop talking please,"unknown sentence, ambiguous intent ('Stop talking please')"
data/commands_variants_train/unknown_other/unknown_other__fleursfil36_m__nm24.wav,unknown_other,drop,variants_clone,fleursfil36_m,train,False,Chatterbox (MIT) clones of FLEURS CC-BY 4.0 speakers,unknown,Lights out at ten,"unknown sentence, ambiguous intent ('Lights out at ten')"
data/commands_variants_train/unknown_other/unknown_other__fleursfil113_f__nm6.wav,unknown_other,drop,variants_clone,fleursfil113_f,train,False,Chatterbox (MIT) clones of FLEURS CC-BY 4.0 speakers,unknown,Stop talking please,"unknown sentence, ambiguous intent ('Stop talking please')"
data/commands_variants_train/unknown_other/unknown_other__fleursfil113_f__nm24.wav,unknown_other,drop,variants_clone,fleursfil113_f,train,False,Chatterbox (MIT) clones of FLEURS CC-BY 4.0 speakers,unknown,Lights out at ten,"unknown sentence, ambiguous intent ('Lights out at ten')"
data/commands_variants_train/unknown_other/unknown_other__fleursfil71_m__nm6.wav,unknown_other,drop,variants_clone,fleursfil71_m,train,False,Chatterbox (MIT) clones of FLEURS CC-BY 4.0 speakers,unknown,Stop talking please,"unknown sentence, ambiguous intent ('Stop talking please')"
data/commands_variants_train/unknown_other/unknown_other__fleursfil71_m__nm24.wav,unknown_other,drop,variants_clone,fleursfil71_m,train,False,Chatterbox (MIT) clones of FLEURS CC-BY 4.0 speakers,unknown,Lights out at ten,"unknown sentence, ambiguous intent ('Lights out at ten')"
data/commands_variants_train/unknown_other/unknown_other__fleursfil117_f__nm6.wav,unknown_other,drop,variants_clone,fleursfil117_f,train,False,Chatterbox (MIT) clones of FLEURS CC-BY 4.0 speakers,unknown,Stop talking please,"unknown sentence, ambiguous intent ('Stop talking please')"
data/commands_variants_train/unknown_other/unknown_other__fleursfil117_f__nm24.wav,unknown_other,drop,variants_clone,fleursfil117_f,train,False,Chatterbox (MIT) clones of FLEURS CC-BY 4.0 speakers,unknown,Lights out at ten,"unknown sentence, ambiguous intent ('Lights out at ten')"
data/commands_variants_train/unknown_other/unknown_other__fleursfil135_f__nm6.wav,unknown_other,drop,variants_clone,fleursfil135_f,validation,False,Chatterbox (MIT) clones of FLEURS CC-BY 4.0 speakers,unknown,Stop talking please,"unknown sentence, ambiguous intent ('Stop talking please')"
data/commands_variants_train/unknown_other/unknown_other__fleursfil135_f__nm24.wav,unknown_other,drop,variants_clone,fleursfil135_f,validation,False,Chatterbox (MIT) clones of FLEURS CC-BY 4.0 speakers,unknown,Lights out at ten,"unknown sentence, ambiguous intent ('Lights out at ten')"
data/commands_variants_train/unknown_other/unknown_other__fleursfil125_m__nm6.wav,unknown_other,drop,variants_clone,fleursfil125_m,train,False,Chatterbox (MIT) clones of FLEURS CC-BY 4.0 speakers,unknown,Stop talking please,"unknown sentence, ambiguous intent ('Stop talking please')"
data/commands_variants_train/unknown_other/unknown_other__fleursfil125_m__nm24.wav,unknown_other,drop,variants_clone,fleursfil125_m,train,False,Chatterbox (MIT) clones of FLEURS CC-BY 4.0 speakers,unknown,Lights out at ten,"unknown sentence, ambiguous intent ('Lights out at ten')"
data/commands_variants_train/unknown_other/unknown_other__fleursfil75_f__nm6.wav,unknown_other,drop,variants_clone,fleursfil75_f,train,False,Chatterbox (MIT) clones of FLEURS CC-BY 4.0 speakers,unknown,Stop talking please,"unknown sentence, ambiguous intent ('Stop talking please')"
data/commands_variants_train/unknown_other/unknown_other__fleursfil75_f__nm24.wav,unknown_other,drop,variants_clone,fleursfil75_f,train,False,Chatterbox (MIT) clones of FLEURS CC-BY 4.0 speakers,unknown,Lights out at ten,"unknown sentence, ambiguous intent ('Lights out at ten')"
data/commands_variants_train/unknown_other/unknown_other__fleursfil01_f__nm6.wav,unknown_other,drop,variants_clone,fleursfil01_f,train,False,Chatterbox (MIT) clones of FLEURS CC-BY 4.0 speakers,unknown,Stop talking please,"unknown sentence, ambiguous intent ('Stop talking please')"
data/commands_variants_train/unknown_other/unknown_other__fleursfil01_f__nm24.wav,unknown_other,drop,variants_clone,fleursfil01_f,train,False,Chatterbox (MIT) clones of FLEURS CC-BY 4.0 speakers,unknown,Lights out at ten,"unknown sentence, ambiguous intent ('Lights out at ten')"
