transform,decision,v1_decision,measured_coverage_rationale,parameters_or_next_measurement,applicable_categories,constraints,split_rule
sample-rate harmonisation,REQUIRED PREPROCESSING (new),not addressed (all files assumed 48 kHz),"Headers: 1,249 manifest rows are 16/22.05/24 kHz although listed as 48 kHz (all TTS positives and confusables). Mixed rates make bandwidth a class cue.",Resample everything to 16 kHz mono before any transform.,all,Same rate as segmentation_windowing window export.,"All splits (preprocessing, not augmentation)."
gain/amplitude (device_level_gain),ENABLE,REJECT FOR NOW,"Measured: RPI wakeword peaks median -39.8 dB (p10 -49.7, p90 -27.5, n=63). Synthetic TTS positives peak at median -10.9 dB, 28.9 dB louder. Device-level speech is almost absent from training.","p=0.5; scale the example so peak_db ~ U(-49.7, -27.5) (p10-p90 of the RPI measurements).",positive_wakeword; negative_general_speech; negative_media; negative_confusable; negative_partial_wakeword; negative_silence_noise,Same probability and range for every category so level cannot predict the label; no clipping; apply first.,Training split source groups only.
background-noise mixing,ENABLE (re-parameterised),"ENABLE, SNR 5-25 dB, p=0.35, synthetic noise only","Measured: RPI wakeword peaks sit median 14.9 dB above the background (p10 5.4, p90 25.7). The lowest owner-verified audible positive is 4.42 dB. Synthetic speech sits 18-40 dB above its floor or over digital silence.","p=0.6; target peak_over_floor ~ U(5.4, 25.7) dB, never below 4.5 dB; noise 50% real train-split RPI background (real_noise_bank.csv), 50% synthetic.",positive_wakeword; negative_general_speech; negative_media; negative_confusable; negative_partial_wakeword,Not for negative_silence_noise; one noise source; never below 4.5 dB; no val/test or all-zero recordings in the bank; no extreme RIR with <10 dB.,Training split source groups only; noise bank built from train-split recordings only.
device noise floor (new),ENABLE,not considered,"Digital silence (exact zeros) occurs in 150/150 sampled partial-wakeword negatives, 17/50 TTS positives, 33/150 confusables and all zero-padded windows, but in 0/63 real RPI positives. It is a cue the device never produces.","p=1.0 when an example has >=20 ms of exact zeros; add real RPI background at floor ~ U(-58.2, -51.4) dB (p10-p90 of measured RPI floor).",all,Add over the whole example (no splice); same rule for all labels; skip if mixing already set a floor at or above target.,Training split source groups only.
RIR/reverberation,ENABLE (with curated RIR bank),ENABLE,"Unchanged: no room/RIR representation or room metadata, including for the real recordings.",p=0.20; RT60 0.15-0.60 s; DRR 6-18 dB.,positive_wakeword; negative_general_speech; negative_media; negative_confusable; negative_partial_wakeword,One RIR per example; not on real RPI recordings (they already contain the room); no extreme RT60 with peak_over_floor <10 dB.,Training split source groups only; RIR assets external/curated.
mild pitch shift,REJECT,REJECT,"Unchanged: TTS already covers -2/0/+2 pitch settings; the gap is real speakers, which pitch shifting cannot create.",None,None,Do not use augmentation merely to expand the synthetic grid.,Keep existing source diversity; obtain real speakers instead.
mild time stretch,REJECT,REJECT,Unchanged: TTS already covers 0.85/1.0/1.15 speed; natural rate diversity needs real speakers.,None,None,Do not use time stretch as a substitute for real-speaker recordings.,Keep existing source diversity; obtain real speakers instead.
microphone/frequency-response simulation,DEFER (now measurable),REJECT FOR NOW,"Three devices now exist. Preliminary speech-spectrum shapes differ: the RPI has relatively more 125 Hz and less 1 kHz energy than Macmic. But only 2 Macmic and 3 Phonemic recordings exist, from different sessions, so speaker, distance and room are confounded with the device.",Next: record the same utterances simultaneously on the RPI and a reference mic at the deployment distance; the spectral ratio is the device response.,None yet,Do not invent EQ curves from the confounded comparison.,Revisit after the simultaneous recording exists.
clipping/distortion,REJECT (measured),REJECT,0 of 83 real recordings contain clipped samples; clipping appears only in synthetic files (<=0.05% of samples).,None,None,Do not introduce clipping as a generic robustness transform.,Only enable if deployment captures show clipping.
